1.0000000000e+02 6.1437533716e-01
9.9900099900e+01 6.1569380468e-01
9.9800399202e+01 6.1686557000e-01
9.9700897308e+01 6.1800146115e-01
9.9601593625e+01 6.1958381983e-01
9.9502487562e+01 6.2049117082e-01
9.9403578529e+01 6.2181988053e-01
9.9304865938e+01 6.2309194212e-01
9.9206349206e+01 6.2429743049e-01
9.9108027750e+01 6.2530395808e-01
9.9009900990e+01 6.2706835551e-01
9.8911968348e+01 6.2813161939e-01
9.8814229249e+01 6.2967072120e-01
9.8716683119e+01 6.3046233142e-01
9.8619329389e+01 6.3142565847e-01
9.8522167488e+01 6.3273718124e-01
9.8425196850e+01 6.3392295213e-01
9.8328416912e+01 6.3510765925e-01
9.8231827112e+01 6.3633776799e-01
9.8135426889e+01 6.3815915809e-01
9.8039215686e+01 6.3923199924e-01
9.7943192948e+01 6.4045651825e-01
9.7847358121e+01 6.4152473901e-01
9.7751710655e+01 6.4264555801e-01
9.7656250000e+01 6.4401892512e-01
9.7560975610e+01 6.4515168071e-01
9.7465886940e+01 6.4643469676e-01
9.7370983447e+01 6.4783832724e-01
9.7276264591e+01 6.4880017950e-01
9.7181729835e+01 6.5010206685e-01
9.7087378641e+01 6.5197174535e-01
9.6993210475e+01 6.5247295911e-01
9.6899224806e+01 6.5423549453e-01
9.6805421104e+01 6.5517954577e-01
9.6711798839e+01 6.5622900671e-01
9.6618357488e+01 6.5777484798e-01
9.6525096525e+01 6.5880628239e-01
9.6432015429e+01 6.6023332060e-01
9.6339113680e+01 6.6142040145e-01
9.6246390760e+01 6.6260793337e-01
9.6153846154e+01 6.6380179370e-01
9.6061479347e+01 6.6519873137e-01
9.5969289827e+01 6.6640897690e-01
9.5877277085e+01 6.6758339382e-01
9.5785440613e+01 6.6890185318e-01
9.5693779904e+01 6.7012886512e-01
9.5602294455e+01 6.7134578396e-01
9.5510983763e+01 6.7253061886e-01
9.5419847328e+01 6.7410319921e-01
9.5328884652e+01 6.7558082085e-01
9.5238095238e+01 6.7634808319e-01
9.5147478592e+01 6.7768930716e-01
9.5057034221e+01 6.7886618009e-01
9.4966761633e+01 6.8046168471e-01
9.4876660342e+01 6.8154827117e-01
9.4786729858e+01 6.8282787553e-01
9.4696969697e+01 6.8405731063e-01
9.4607379376e+01 6.8523084364e-01
9.4517958412e+01 6.8679938204e-01
9.4428706327e+01 6.8803159940e-01
9.4339622642e+01 6.8907699259e-01
9.4250706880e+01 6.9034369496e-01
9.4161958569e+01 6.9176885445e-01
9.4073377234e+01 6.9299284977e-01
9.3984962406e+01 6.9430064164e-01
9.3896713615e+01 6.9571975110e-01
9.3808630394e+01 6.9699663926e-01
9.3720712277e+01 6.9863731636e-01
9.3632958801e+01 6.9973603540e-01
9.3545369504e+01 7.0069301915e-01
9.3457943925e+01 7.0202424264e-01
9.3370681606e+01 7.0334118867e-01
9.3283582090e+01 7.0493507371e-01
9.3196644921e+01 7.0602930512e-01
9.3109869646e+01 7.0724345548e-01
9.3023255814e+01 7.0838576216e-01
9.2936802974e+01 7.0968608518e-01
9.2850510678e+01 7.1105468569e-01
9.2764378479e+01 7.1238244655e-01
9.2678405931e+01 7.1369961241e-01
9.2592592593e+01 7.1488910394e-01
9.2506938020e+01 7.1687516999e-01
9.2421441774e+01 7.1756588135e-01
9.2336103416e+01 7.1884281304e-01
9.2250922509e+01 7.2015929740e-01
9.2165898618e+01 7.2143863578e-01
9.2081031308e+01 7.2289836596e-01
9.1996320147e+01 7.2440445476e-01
9.1911764706e+01 7.2561215703e-01
9.1827364555e+01 7.2666421256e-01
9.1743119266e+01 7.2858033086e-01
9.1659028414e+01 7.2931809032e-01
9.1575091575e+01 7.3059872227e-01
9.1491308326e+01 7.3203483431e-01
9.1407678245e+01 7.3334612161e-01
9.1324200913e+01 7.3490221572e-01
9.1240875912e+01 7.3593675715e-01
9.1157702826e+01 7.3725423008e-01
9.1074681239e+01 7.3854160369e-01
9.0991810737e+01 7.4039370285e-01
9.0900827198e+01 7.4129986802e-01
9.0810025427e+01 7.4296126391e-01
9.0719404881e+01 7.4428367947e-01
9.0628965017e+01 7.4589093673e-01
9.0538705297e+01 7.4723694838e-01
9.0448625181e+01 7.4929827739e-01
9.0358724135e+01 7.5013088408e-01
9.0269001625e+01 7.5219921358e-01
9.0179457120e+01 7.5300899935e-01
9.0090090090e+01 7.5485990489e-01
9.0000900009e+01 7.5613554705e-01
8.9911886351e+01 7.5746589746e-01
8.9823048594e+01 7.5943815404e-01
8.9734386217e+01 7.6039820281e-01
8.9645898700e+01 7.6223093997e-01
8.9557585527e+01 7.6369347320e-01
8.9469446184e+01 7.6492969724e-01
8.9381480157e+01 7.6637244512e-01
8.9293686936e+01 7.6805670168e-01
8.9206066012e+01 7.6979133475e-01
8.9118616879e+01 7.7073694501e-01
8.9031339031e+01 7.7243790200e-01
8.8944231967e+01 7.7388984707e-01
8.8857295184e+01 7.7531857396e-01
8.8770528185e+01 7.7694826283e-01
8.8683930472e+01 7.7819769651e-01
8.8597501550e+01 7.7975273487e-01
8.8511240928e+01 7.8117790031e-01
8.8425148112e+01 7.8272562452e-01
8.8339222615e+01 7.8481820108e-01
8.8253463948e+01 7.8569468036e-01
8.8167871628e+01 7.8753200898e-01
8.8082445169e+01 7.8888582066e-01
8.7997184090e+01 7.9035671322e-01
8.7912087912e+01 7.9174117437e-01
8.7827156157e+01 7.9352662257e-01
8.7742388348e+01 7.9523615233e-01
8.7657784011e+01 7.9702686789e-01
8.7573342674e+01 7.9776622402e-01
8.7489063867e+01 7.9921622498e-01
8.7404947120e+01 8.0072946687e-01
8.7320991966e+01 8.0242249643e-01
8.7237197941e+01 8.0412664092e-01
8.7153564581e+01 8.0548061547e-01
8.7070091424e+01 8.0688289345e-01
8.6986778010e+01 8.0831895535e-01
8.6903623881e+01 8.1002754742e-01
8.6820628581e+01 8.1135822704e-01
8.6737791656e+01 8.1303900684e-01
8.6655112652e+01 8.1440640937e-01
8.6572591118e+01 8.1607929430e-01
8.6490226604e+01 8.1758162363e-01
8.6408018664e+01 8.1915764195e-01
8.6325966851e+01 8.2054134455e-01
8.6244070720e+01 8.2235460540e-01
8.6162329829e+01 8.2360745828e-01
8.6080743738e+01 8.2549183791e-01
8.5999312006e+01 8.2698402829e-01
8.5918034195e+01 8.2819667559e-01
8.5836909871e+01 8.3021380521e-01
8.5755938599e+01 8.3139883516e-01
8.5675119945e+01 8.3327578717e-01
8.5594453479e+01 8.3435471531e-01
8.5513938772e+01 8.3598367944e-01
8.5433575395e+01 8.3750761202e-01
8.5353362922e+01 8.3922151211e-01
8.5273300929e+01 8.4070314585e-01
8.5193388993e+01 8.4215304588e-01
8.5113626692e+01 8.4382071646e-01
8.5034013605e+01 8.4520038760e-01
8.4954549316e+01 8.4682528385e-01
8.4875233407e+01 8.4864201574e-01
8.4796065463e+01 8.5018106597e-01
8.4717045069e+01 8.5148857684e-01
8.4638171815e+01 8.5305243132e-01
8.4559445290e+01 8.5495023778e-01
8.4480865084e+01 8.5611016364e-01
8.4402430790e+01 8.5801549187e-01
8.4324142002e+01 8.5923875763e-01
8.4245998315e+01 8.6087386705e-01
8.4167999327e+01 8.6288094232e-01
8.4090144635e+01 8.6396179823e-01
8.4012433840e+01 8.6563030275e-01
8.3934866544e+01 8.6707767602e-01
8.3857442348e+01 8.6865123180e-01
8.3780160858e+01 8.7022358203e-01
8.3703021679e+01 8.7192040147e-01
8.3626024419e+01 8.7346265320e-01
8.3549168686e+01 8.7496746975e-01
8.3472454090e+01 8.7663516728e-01
8.3395880244e+01 8.7893481997e-01
8.3312505207e+01 8.7990058015e-01
8.3229296712e+01 8.8157384488e-01
8.3146254261e+01 8.8337883291e-01
8.3063377357e+01 8.8522995745e-01
8.2980665505e+01 8.8679800031e-01
8.2898118213e+01 8.8864635561e-01
8.2815734990e+01 8.9100631507e-01
8.2733515347e+01 8.9211826996e-01
8.2651458798e+01 8.9376402548e-01
8.2569564858e+01 8.9559325089e-01
8.2487833045e+01 8.9723688274e-01
8.2406262876e+01 8.9904560479e-01
8.2324853873e+01 9.0080441586e-01
8.2243605560e+01 9.0253875872e-01
8.2162517460e+01 9.0419167635e-01
8.2081589100e+01 9.0600432005e-01
8.2000820008e+01 9.0783547043e-01
8.1920209716e+01 9.0947825246e-01
8.1839757754e+01 9.1122462573e-01
8.1759463658e+01 9.1315719745e-01
8.1679326962e+01 9.1496253743e-01
8.1599347205e+01 9.1653382934e-01
8.1519523926e+01 9.1832602346e-01
8.1439856666e+01 9.2008973294e-01
8.1360344968e+01 9.2177887572e-01
8.1280988377e+01 9.2356681448e-01
8.1201786439e+01 9.2556116555e-01
8.1122738704e+01 9.2711263596e-01
8.1043844720e+01 9.2885850303e-01
8.0965104040e+01 9.3063288776e-01
8.0886516218e+01 9.3267264724e-01
8.0808080808e+01 9.3475630882e-01
8.0729797368e+01 9.3598810356e-01
8.0651665457e+01 9.3774557039e-01
8.0573684635e+01 9.3977635157e-01
8.0495854463e+01 9.4132780946e-01
8.0418174507e+01 9.4311800267e-01
8.0340644332e+01 9.4560938314e-01
8.0263263504e+01 9.4667348885e-01
8.0186031593e+01 9.4846680899e-01
8.0108948170e+01 9.5030183457e-01
8.0032012805e+01 9.5221161981e-01
7.9955225074e+01 9.5393057451e-01
7.9878584551e+01 9.5589400735e-01
7.9802090815e+01 9.5745027905e-01
7.9725743443e+01 9.5937005570e-01
7.9649542015e+01 9.6165989301e-01
7.9573486114e+01 9.6285523836e-01
7.9497575324e+01 9.6465851724e-01
7.9421809229e+01 9.6646363669e-01
7.9346187416e+01 9.6892795037e-01
7.9270709473e+01 9.7008127828e-01
7.9195374990e+01 9.7194828459e-01
7.9120183559e+01 9.7391046130e-01
7.9045134772e+01 9.7552264798e-01
7.8970228224e+01 9.7759094214e-01
7.8895463511e+01 9.7921238236e-01
7.8820840230e+01 9.8103038611e-01
7.8746357981e+01 9.8285758347e-01
7.8672016364e+01 9.8465517502e-01
7.8597814981e+01 9.8646259063e-01
7.8523753435e+01 9.8828117875e-01
7.8449831333e+01 9.9012304770e-01
7.8376048280e+01 9.9192327688e-01
7.8302403884e+01 9.9478648543e-01
7.8228897755e+01 9.9576784542e-01
7.8155529504e+01 9.9768128029e-01
7.8082298743e+01 9.9932328819e-01
7.8009205086e+01 1.0010930882e+00
7.7936248149e+01 1.0030044799e+00
7.7863427548e+01 1.0050335494e+00
7.7790742902e+01 1.0068190474e+00
7.7718193829e+01 1.0088483457e+00
7.7645779952e+01 1.0104145048e+00
7.7573500892e+01 1.0121514614e+00
7.7501356274e+01 1.0144492627e+00
7.7429345722e+01 1.0159784157e+00
7.7357468864e+01 1.0185446367e+00
7.7285725327e+01 1.0197486723e+00
7.7214114740e+01 1.0217992311e+00
7.7142636735e+01 1.0233445380e+00
7.7071290944e+01 1.0252364709e+00
7.7000077000e+01 1.0270090256e+00
7.6923076923e+01 1.0290059840e+00
7.6846230692e+01 1.0310617096e+00
7.6769537847e+01 1.0330475422e+00
7.6692997929e+01 1.0351595976e+00
7.6616610481e+01 1.0376880313e+00
7.6540375048e+01 1.0391211747e+00
7.6464291176e+01 1.0411736655e+00
7.6388358414e+01 1.0434909582e+00
7.6312576313e+01 1.0459373982e+00
7.6236944423e+01 1.0474102038e+00
7.6161462300e+01 1.0492798894e+00
7.6086129499e+01 1.0516289551e+00
7.6010945576e+01 1.0533578520e+00
7.5935910092e+01 1.0557094349e+00
7.5861022607e+01 1.0576305810e+00
7.5786282683e+01 1.0595265658e+00
7.5711689885e+01 1.0617127605e+00
7.5637243779e+01 1.0639927604e+00
7.5562943932e+01 1.0656351088e+00
7.5488789915e+01 1.0677878370e+00
7.5414781297e+01 1.0697620879e+00
7.5340917652e+01 1.0718013030e+00
7.5267198555e+01 1.0744480129e+00
7.5193623581e+01 1.0759959556e+00
7.5120192308e+01 1.0780575670e+00
7.5046904315e+01 1.0800951119e+00
7.4973759184e+01 1.0821134460e+00
7.4900756498e+01 1.0844442091e+00
7.4827895840e+01 1.0866641420e+00
7.4755176796e+01 1.0883228471e+00
7.4682598954e+01 1.0907291995e+00
7.4610161904e+01 1.0929195965e+00
7.4537865236e+01 1.0945505386e+00
7.4465708541e+01 1.0967217996e+00
7.4393691415e+01 1.0991912533e+00
7.4321813452e+01 1.1009977451e+00
7.4250074250e+01 1.1028847611e+00
7.4178473407e+01 1.1049735486e+00
7.4107010523e+01 1.1073609925e+00
7.4035685200e+01 1.1093232647e+00
7.3964497041e+01 1.1112435835e+00
7.3893445651e+01 1.1134883754e+00
7.3822530636e+01 1.1154961469e+00
7.3751751604e+01 1.1177141400e+00
7.3681108164e+01 1.1196865695e+00
7.3610599926e+01 1.1217770799e+00
7.3540226504e+01 1.1238380060e+00
7.3469987510e+01 1.1259493351e+00
7.3399882560e+01 1.1280580270e+00
7.3329911271e+01 1.1303004580e+00
7.3260073260e+01 1.1323715332e+00
7.3190368148e+01 1.1345299474e+00
7.3120795554e+01 1.1366068418e+00
7.3051355103e+01 1.1386861849e+00
7.2982046417e+01 1.1412539419e+00
7.2912869121e+01 1.1435150489e+00
7.2843822844e+01 1.1452459375e+00
7.2774907212e+01 1.1471086963e+00
7.2706121855e+01 1.1492371162e+00
7.2637466405e+01 1.1513606620e+00
7.2568940493e+01 1.1536642322e+00
7.2500543754e+01 1.1559490345e+00
7.2432275822e+01 1.1577682227e+00
7.2364136334e+01 1.1600034986e+00
7.2296124928e+01 1.1621229379e+00
7.2228241242e+01 1.1641725213e+00
7.2160484918e+01 1.1666591780e+00
7.2092855598e+01 1.1684585184e+00
7.2025352924e+01 1.1707140617e+00
7.1957976542e+01 1.1727550940e+00
7.1890726096e+01 1.1751371091e+00
7.1823601235e+01 1.1770772081e+00
7.1756601607e+01 1.1792253809e+00
7.1689726862e+01 1.1813664609e+00
7.1622976651e+01 1.1835313628e+00
7.1556350626e+01 1.1857590600e+00
7.1489848442e+01 1.1880443171e+00
7.1418368804e+01 1.1901792003e+00
7.1347031963e+01 1.1925582891e+00
7.1275837491e+01 1.1949641172e+00
7.1204784962e+01 1.1971893916e+00
7.1133873951e+01 1.1995613557e+00
7.1063104036e+01 1.2018429978e+00
7.0992474798e+01 1.2042049700e+00
7.0921985816e+01 1.2065432441e+00
7.0851636673e+01 1.2089991389e+00
7.0781426954e+01 1.2117256253e+00
7.0711356244e+01 1.2137619250e+00
7.0641424131e+01 1.2159465528e+00
7.0571630205e+01 1.2185868605e+00
7.0501974055e+01 1.2212215485e+00
7.0432455275e+01 1.2230164989e+00
7.0363073459e+01 1.2254083013e+00
7.0293828202e+01 1.2277247005e+00
7.0224719101e+01 1.2301097042e+00
7.0155745756e+01 1.2325331442e+00
7.0086907766e+01 1.2348917744e+00
7.0018204733e+01 1.2375403033e+00
6.9949636262e+01 1.2396481346e+00
6.9881201957e+01 1.2419547830e+00
6.9812901424e+01 1.2443552744e+00
6.9744734273e+01 1.2467525928e+00
6.9676700111e+01 1.2491391876e+00
6.9608798552e+01 1.2514826779e+00
6.9541029207e+01 1.2539861645e+00
6.9473391691e+01 1.2566395683e+00
6.9405885619e+01 1.2593323222e+00
6.9338510609e+01 1.2615708182e+00
6.9271266279e+01 1.2639282140e+00
6.9204152249e+01 1.2659679526e+00
6.9137168142e+01 1.2689384408e+00
6.9070313579e+01 1.2706739355e+00
6.9003588187e+01 1.2730577471e+00
6.8936991590e+01 1.2754597422e+00
6.8870523416e+01 1.2783933780e+00
6.8804183294e+01 1.2803631955e+00
6.8737970855e+01 1.2835728072e+00
6.8671885730e+01 1.2852284471e+00
6.8605927552e+01 1.2880579850e+00
6.8540095956e+01 1.2903394681e+00
6.8474390578e+01 1.2923826266e+00
6.8408811055e+01 1.2948157498e+00
6.8343357026e+01 1.2973921460e+00
6.8278028131e+01 1.2996719124e+00
6.8212824011e+01 1.3020823647e+00
6.8147744310e+01 1.3046711198e+00
6.8082788671e+01 1.3069508160e+00
6.8017956741e+01 1.3093888629e+00
6.7953248165e+01 1.3119701867e+00
6.7888662593e+01 1.3147334789e+00
6.7824199674e+01 1.3167221405e+00
6.7759859059e+01 1.3191859530e+00
6.7695640401e+01 1.3222896407e+00
6.7631543352e+01 1.3242701959e+00
6.7567567568e+01 1.3265265370e+00
6.7503712704e+01 1.3292982678e+00
6.7439978419e+01 1.3314345455e+00
6.7376364371e+01 1.3339868998e+00
6.7312870221e+01 1.3366808162e+00
6.7249495629e+01 1.3389164166e+00
6.7186240258e+01 1.3415078770e+00
6.7123103772e+01 1.3437431101e+00
6.7060085837e+01 1.3463009252e+00
6.6997186118e+01 1.3488008756e+00
6.6934404284e+01 1.3511998759e+00
6.6871740003e+01 1.3540328506e+00
6.6809192945e+01 1.3561255983e+00
6.6746762782e+01 1.3587669457e+00
6.6684449186e+01 1.3612634121e+00
6.6617813603e+01 1.3641275041e+00
6.6551311061e+01 1.3668818365e+00
6.6484941161e+01 1.3690768213e+00
6.6418703507e+01 1.3717586333e+00
6.6352597704e+01 1.3744324413e+00
6.6286623359e+01 1.3770940694e+00
6.6220780081e+01 1.3797990988e+00
6.6155067478e+01 1.3826418349e+00
6.6089485163e+01 1.3851879312e+00
6.6024032748e+01 1.3878199827e+00
6.5958709848e+01 1.3905084833e+00
6.5893516078e+01 1.3936070989e+00
6.5828451057e+01 1.3961511243e+00
6.5763514402e+01 1.3989849739e+00
6.5698705735e+01 1.4013192337e+00
6.5634024678e+01 1.4040875053e+00
6.5569470854e+01 1.4066952615e+00
6.5505043888e+01 1.4093907113e+00
6.5440743407e+01 1.4121556789e+00
6.5376569038e+01 1.4149250996e+00
6.5312520410e+01 1.4175211423e+00
6.5248597155e+01 1.4202353032e+00
6.5184798905e+01 1.4230252333e+00
6.5121125293e+01 1.4256757820e+00
6.5057575955e+01 1.4283971657e+00
6.4994150526e+01 1.4313921907e+00
6.4930848646e+01 1.4339786326e+00
6.4867669953e+01 1.4366782725e+00
6.4804614089e+01 1.4393360828e+00
6.4741680694e+01 1.4421097423e+00
6.4678869413e+01 1.4449030899e+00
6.4616179891e+01 1.4478459654e+00
6.4553611775e+01 1.4505113106e+00
6.4491164710e+01 1.4530101908e+00
6.4428838348e+01 1.4559668414e+00
6.4366632338e+01 1.4585033984e+00
6.4304546331e+01 1.4613028379e+00
6.4242579982e+01 1.4640360902e+00
6.4180732944e+01 1.4672285989e+00
6.4119004873e+01 1.4696529054e+00
6.4057395426e+01 1.4723579022e+00
6.3995904262e+01 1.4750516779e+00
6.3934531040e+01 1.4779092581e+00
6.3873275422e+01 1.4806260405e+00
6.3812137068e+01 1.4841428581e+00
6.3751115645e+01 1.4861913636e+00
6.3690210815e+01 1.4890207436e+00
6.3629422245e+01 1.4917074672e+00
6.3568749603e+01 1.4944791627e+00
6.3508192557e+01 1.4975831810e+00
6.3447750777e+01 1.5003949423e+00
6.3387423935e+01 1.5031085301e+00
6.3327211703e+01 1.5056218021e+00
6.3267113754e+01 1.5086898738e+00
6.3207129764e+01 1.5116040108e+00
6.3147259409e+01 1.5141072000e+00
6.3087502366e+01 1.5168871639e+00
6.3027858313e+01 1.5196198296e+00
6.2968326932e+01 1.5224235584e+00
6.2908907901e+01 1.5252411691e+00
6.2849600905e+01 1.5280409008e+00
6.2790405626e+01 1.5315869607e+00
6.2731321749e+01 1.5338651594e+00
6.2672348960e+01 1.5364909896e+00
6.2613486945e+01 1.5393232728e+00
6.2554735393e+01 1.5421467124e+00
6.2492188476e+01 1.5451566554e+00
6.2429766513e+01 1.5481789471e+00
6.2367469128e+01 1.5513328666e+00
6.2305295950e+01 1.5545691221e+00
6.2243246608e+01 1.5572539936e+00
6.2181320731e+01 1.5602714772e+00
6.2119517953e+01 1.5634398760e+00
6.2057837905e+01 1.5663511313e+00
6.1996280223e+01 1.5699762522e+00
6.1934844544e+01 1.5724861261e+00
6.1873530504e+01 1.5755497146e+00
6.1812337743e+01 1.5784893940e+00
6.1751265901e+01 1.5815493179e+00
6.1690314621e+01 1.5847101696e+00
6.1629483545e+01 1.5876686781e+00
6.1568772319e+01 1.5906972455e+00
6.1508180588e+01 1.5937577029e+00
6.1447708000e+01 1.5968175740e+00
6.1387354205e+01 1.5999478569e+00
6.1327118852e+01 1.6030876100e+00
6.1267001593e+01 1.6061729051e+00
6.1207002081e+01 1.6090922616e+00
6.1147119971e+01 1.6124432214e+00
6.1087354918e+01 1.6153160902e+00
6.1027706579e+01 1.6186916397e+00
6.0968174613e+01 1.6214186136e+00
6.0908758679e+01 1.6245059454e+00
6.0849458440e+01 1.6278701879e+00
6.0790273556e+01 1.6309593451e+00
6.0731203692e+01 1.6342416302e+00
6.0672248514e+01 1.6368776068e+00
6.0613407686e+01 1.6403093077e+00
6.0554680877e+01 1.6430784914e+00
6.0496067756e+01 1.6461974113e+00
6.0437567992e+01 1.6493584475e+00
6.0379181258e+01 1.6525044790e+00
6.0320907226e+01 1.6555237037e+00
6.0262745571e+01 1.6590624738e+00
6.0204695966e+01 1.6617997811e+00
6.0146758090e+01 1.6649105109e+00
6.0088931619e+01 1.6680089802e+00
6.0031216232e+01 1.6711609790e+00
5.9973611611e+01 1.6743148269e+00
5.9916117436e+01 1.6774539707e+00
5.9858733389e+01 1.6805403333e+00
5.9801459156e+01 1.6837393131e+00
5.9744294420e+01 1.6868306183e+00
5.9687238868e+01 1.6899737425e+00
5.9630292188e+01 1.6934135422e+00
5.9573454069e+01 1.6963245971e+00
5.9516724200e+01 1.6996162812e+00
5.9460102271e+01 1.7026915461e+00
5.9403587977e+01 1.7057313087e+00
5.9347181009e+01 1.7089549836e+00
5.9290881062e+01 1.7120576664e+00
5.9234687833e+01 1.7154063213e+00
5.9178601018e+01 1.7184100233e+00
5.9122620315e+01 1.7215885096e+00
5.9066745422e+01 1.7247654602e+00
5.9010976042e+01 1.7282011085e+00
5.8955311874e+01 1.7313558958e+00
5.8899752621e+01 1.7344804044e+00
5.8844297988e+01 1.7374780935e+00
5.8785491741e+01 1.7408815775e+00
5.8726802913e+01 1.7443106041e+00
5.8668231153e+01 1.7476988662e+00
5.8609776111e+01 1.7510671217e+00
5.8551437438e+01 1.7545069238e+00
5.8493214787e+01 1.7582643100e+00
5.8435107813e+01 1.7612738236e+00
5.8377116170e+01 1.7647052707e+00
5.8319239517e+01 1.7680876401e+00
5.8261477511e+01 1.7716672757e+00
5.8203829812e+01 1.7749245783e+00
5.8146296081e+01 1.7783694211e+00
5.8088875980e+01 1.7820789371e+00
5.8031569174e+01 1.7853821918e+00
5.7974375326e+01 1.7886421811e+00
5.7917294104e+01 1.7922642212e+00
5.7860325175e+01 1.7957972708e+00
5.7803468208e+01 1.7989823407e+00
5.7746722873e+01 1.8024261426e+00
5.7690088843e+01 1.8058773798e+00
5.7633565789e+01 1.8092978092e+00
5.7577153386e+01 1.8132936027e+00
5.7520851309e+01 1.8163688351e+00
5.7464659235e+01 1.8196891152e+00
5.7408576841e+01 1.8232794271e+00
5.7352603808e+01 1.8266815840e+00
5.7296739816e+01 1.8300726915e+00
5.7240984545e+01 1.8336466830e+00
5.7185337679e+01 1.8373121166e+00
5.7129798903e+01 1.8406051681e+00
5.7074367901e+01 1.8440928687e+00
5.7019044361e+01 1.8476825693e+00
5.6963827969e+01 1.8510518499e+00
5.6908718416e+01 1.8544491173e+00
5.6853715390e+01 1.8580652422e+00
5.6798818585e+01 1.8615004312e+00
5.6744027691e+01 1.8650782793e+00
5.6689342404e+01 1.8684546722e+00
5.6634762417e+01 1.8720276437e+00
5.6580287428e+01 1.8759528530e+00
5.6525917133e+01 1.8789809055e+00
5.6471651231e+01 1.8828476459e+00
5.6417489422e+01 1.8861079747e+00
5.6363431406e+01 1.8895426714e+00
5.6309476885e+01 1.8930843164e+00
5.6255625563e+01 1.8967372271e+00
5.6201877143e+01 1.9003792698e+00
5.6148231331e+01 1.9036604958e+00
5.6094687833e+01 1.9071995323e+00
5.6041246357e+01 1.9107541633e+00
5.5987906612e+01 1.9142968339e+00
5.5934668307e+01 1.9179268515e+00
5.5881531154e+01 1.9213835890e+00
5.5828494864e+01 1.9249927857e+00
5.5775559150e+01 1.9285964336e+00
5.5722723727e+01 1.9323070801e+00
5.5669988309e+01 1.9356169873e+00
5.5617352614e+01 1.9394573540e+00
5.5564816358e+01 1.9427525746e+00
5.5509297807e+01 1.9465857312e+00
5.5453890090e+01 1.9503216795e+00
5.5398592876e+01 1.9541121652e+00
5.5343405833e+01 1.9579818767e+00
5.5288328634e+01 1.9617417365e+00
5.5233360950e+01 1.9655028490e+00
5.5178502455e+01 1.9696670495e+00
5.5123752825e+01 1.9731444222e+00
5.5069111735e+01 1.9769275076e+00
5.5014578863e+01 1.9807801417e+00
5.4960153888e+01 1.9846090380e+00
5.4905836490e+01 1.9893235329e+00
5.4851626351e+01 1.9923253586e+00
5.4797523152e+01 1.9960607176e+00
5.4743526578e+01 1.9998602808e+00
5.4689636314e+01 2.0038480568e+00
5.4635852046e+01 2.0078293249e+00
5.4582173462e+01 2.0113856510e+00
5.4528600251e+01 2.0157492968e+00
5.4475132102e+01 2.0192693416e+00
5.4421768707e+01 2.0229477179e+00
5.4368509759e+01 2.0268171234e+00
5.4315354951e+01 2.0306514170e+00
5.4262303977e+01 2.0344998483e+00
5.4209356535e+01 2.0383663342e+00
5.4156512321e+01 2.0423716949e+00
5.4103771033e+01 2.0461031807e+00
5.4051132371e+01 2.0499834554e+00
5.3998596037e+01 2.0539274967e+00
5.3946161731e+01 2.0577565509e+00
5.3893829157e+01 2.0616261807e+00
5.3841598019e+01 2.0656448925e+00
5.3789468022e+01 2.0694705060e+00
5.3737438874e+01 2.0734049695e+00
5.3685510281e+01 2.0773839272e+00
5.3633681952e+01 2.0811588999e+00
5.3581953598e+01 2.0850183570e+00
5.3530324929e+01 2.0891865854e+00
5.3478795658e+01 2.0928760902e+00
5.3427365497e+01 2.0967597153e+00
5.3376034161e+01 2.1007608139e+00
5.3324801365e+01 2.1046059433e+00
5.3273666826e+01 2.1086004198e+00
5.3222630262e+01 2.1125102989e+00
5.3171691392e+01 2.1164351838e+00
5.3120849934e+01 2.1203515043e+00
5.3070105610e+01 2.1245947287e+00
5.3019458141e+01 2.1282243697e+00
5.2968907251e+01 2.1321784937e+00
5.2918452664e+01 2.1361244376e+00
5.2868094105e+01 2.1402095894e+00
5.2817831300e+01 2.1440677299e+00
5.2767663976e+01 2.1484273595e+00
5.2717591860e+01 2.1520560767e+00
5.2667614684e+01 2.1559357300e+00
5.2614963696e+01 2.1601529867e+00
5.2562417871e+01 2.1643605354e+00
5.2509976896e+01 2.1685293228e+00
5.2457640455e+01 2.1728850013e+00
5.2405408238e+01 2.1773735219e+00
5.2353279933e+01 2.1812153456e+00
5.2301255230e+01 2.1864035256e+00
5.2249333821e+01 2.1897855904e+00
5.2197515398e+01 2.1938406341e+00
5.2145799656e+01 2.1980817059e+00
5.2094186289e+01 2.2022761260e+00
5.2042674993e+01 2.2065257473e+00
5.1991265467e+01 2.2107585418e+00
5.1939957409e+01 2.2150484737e+00
5.1888750519e+01 2.2192380606e+00
5.1837644497e+01 2.2235329341e+00
5.1786639047e+01 2.2279636402e+00
5.1735733871e+01 2.2321353637e+00
5.1684928675e+01 2.2362638713e+00
5.1634223163e+01 2.2405299916e+00
5.1583617043e+01 2.2448058352e+00
5.1533110023e+01 2.2493083716e+00
5.1482701812e+01 2.2535267137e+00
5.1432392121e+01 2.2578750949e+00
5.1382180660e+01 2.2619204813e+00
5.1332067142e+01 2.2662107750e+00
5.1282051282e+01 2.2705026599e+00
5.1232132794e+01 2.2748546784e+00
5.1182311393e+01 2.2791929509e+00
5.1132586798e+01 2.2835125685e+00
5.1082958725e+01 2.2877307581e+00
5.1033426895e+01 2.2920218907e+00
5.0983991027e+01 2.2964599886e+00
5.0934650843e+01 2.3008997137e+00
5.0885406066e+01 2.3050487774e+00
5.0836256418e+01 2.3093451097e+00
5.0787201625e+01 2.3140276671e+00
5.0738241413e+01 2.3179948515e+00
5.0689375507e+01 2.3223592792e+00
5.0640603636e+01 2.3266500613e+00
5.0591925529e+01 2.3310603044e+00
5.0543340915e+01 2.3354057072e+00
5.0494849525e+01 2.3397117466e+00
5.0446451092e+01 2.3441448834e+00
5.0398145348e+01 2.3487140739e+00
5.0349932028e+01 2.3527868314e+00
5.0301810865e+01 2.3571513582e+00
5.0253781597e+01 2.3615425006e+00
5.0205843960e+01 2.3659627721e+00
5.0157997693e+01 2.3702892868e+00
5.0110242534e+01 2.3746883687e+00
5.0062578223e+01 2.3790570327e+00
5.0015004501e+01 2.3834434435e+00
4.9965024483e+01 2.3881250335e+00
4.9915144255e+01 2.3929936546e+00
4.9865363519e+01 2.3974071742e+00
4.9815681977e+01 2.4019814717e+00
4.9766099333e+01 2.4066196905e+00
4.9716615293e+01 2.4112910417e+00
4.9667229562e+01 2.4159187814e+00
4.9617941848e+01 2.4205836563e+00
4.9568751859e+01 2.4252969802e+00
4.9519659305e+01 2.4299772866e+00
4.9470663896e+01 2.4348547710e+00
4.9421765345e+01 2.4392970304e+00
4.9372963365e+01 2.4441502481e+00
4.9324257670e+01 2.4486009023e+00
4.9275647975e+01 2.4533098984e+00
4.9227133996e+01 2.4584128480e+00
4.9178715452e+01 2.4626697144e+00
4.9130392061e+01 2.4677136097e+00
4.9082163542e+01 2.4724819655e+00
4.9034029617e+01 2.4768685248e+00
4.8985990007e+01 2.4814964721e+00
4.8938044436e+01 2.4863210989e+00
4.8890192627e+01 2.4909403815e+00
4.8842434307e+01 2.4956742567e+00
4.8794769201e+01 2.5005659211e+00
4.8747197036e+01 2.5052681500e+00
4.8699717542e+01 2.5098395100e+00
4.8652330447e+01 2.5145766872e+00
4.8605035482e+01 2.5194308991e+00
4.8557832378e+01 2.5240914663e+00
4.8510720869e+01 2.5288213781e+00
4.8463700688e+01 2.5336236049e+00
4.8416771570e+01 2.5383450695e+00
4.8369933249e+01 2.5431038711e+00
4.8323185464e+01 2.5480468696e+00
4.8276527952e+01 2.5527511443e+00
4.8229960451e+01 2.5574652222e+00
4.8183482702e+01 2.5622051411e+00
4.8137094445e+01 2.5671593901e+00
4.8090795422e+01 2.5720051632e+00
4.8044585375e+01 2.5768616711e+00
4.7998464049e+01 2.5813790198e+00
4.7952431188e+01 2.5862918420e+00
4.7906486538e+01 2.5913594344e+00
4.7860629846e+01 2.5959644004e+00
4.7814860859e+01 2.6008441300e+00
4.7769179325e+01 2.6056269572e+00
4.7723584996e+01 2.6102894705e+00
4.7678077620e+01 2.6150801693e+00
4.7632656950e+01 2.6199559210e+00
4.7585058292e+01 2.6250788902e+00
4.7537554668e+01 2.6300707285e+00
4.7490145795e+01 2.6351551386e+00
4.7442831388e+01 2.6402752324e+00
4.7395611166e+01 2.6453430147e+00
4.7348484848e+01 2.6504440183e+00
4.7301452155e+01 2.6560231646e+00
4.7254512806e+01 2.6606577827e+00
4.7207666525e+01 2.6657727554e+00
4.7160913035e+01 2.6708950519e+00
4.7114252061e+01 2.6760171331e+00
4.7067683329e+01 2.6813259736e+00
4.7021206564e+01 2.6864578323e+00
4.6974821496e+01 2.6914367237e+00
4.6928527852e+01 2.6968269356e+00
4.6882325363e+01 2.7018597305e+00
4.6836213760e+01 2.7072156326e+00
4.6790192776e+01 2.7120148155e+00
4.6744262142e+01 2.7171888554e+00
4.6698421593e+01 2.7223558068e+00
4.6652670865e+01 2.7275609981e+00
4.6607009694e+01 2.7326866717e+00
4.6561437817e+01 2.7378564262e+00
4.6515954973e+01 2.7431091808e+00
4.6470560900e+01 2.7482218568e+00
4.6425255339e+01 2.7534227778e+00
4.6380038032e+01 2.7586206017e+00
4.6334908720e+01 2.7638247102e+00
4.6289867148e+01 2.7690378089e+00
4.6244913060e+01 2.7742341542e+00
4.6200046200e+01 2.7794506225e+00
4.6155266316e+01 2.7846620548e+00
4.6110573154e+01 2.7898867403e+00
4.6065966464e+01 2.7951193087e+00
4.6021445994e+01 2.8005326036e+00
4.5977011494e+01 2.8056282946e+00
4.5932662716e+01 2.8109913212e+00
4.5888399413e+01 2.8160942891e+00
4.5844221336e+01 2.8213495975e+00
4.5800128240e+01 2.8266807259e+00
4.5756119881e+01 2.8320049508e+00
4.5712196014e+01 2.8371118390e+00
4.5668356396e+01 2.8423751940e+00
4.5624600785e+01 2.8476477317e+00
4.5580928939e+01 2.8529422673e+00
4.5537340619e+01 2.8583109589e+00
4.5493835585e+01 2.8634971839e+00
4.5448347953e+01 2.8690411885e+00
4.5402951192e+01 2.8746116796e+00
4.5357645031e+01 2.8804183414e+00
4.5312429199e+01 2.8857235006e+00
4.5267303427e+01 2.8912776048e+00
4.5222267444e+01 2.8968367316e+00
4.5177320985e+01 2.9024308725e+00
4.5132463781e+01 2.9082464810e+00
4.5087695568e+01 2.9135856574e+00
4.5043016080e+01 2.9192118247e+00
4.4998425055e+01 2.9247812328e+00
4.4953922230e+01 2.9304246503e+00
4.4909507343e+01 2.9359887094e+00
4.4865180134e+01 2.9415734092e+00
4.4820940343e+01 2.9472604613e+00
4.4776787713e+01 2.9528691935e+00
4.4732721986e+01 2.9584654068e+00
4.4688742906e+01 2.9641632752e+00
4.4644850217e+01 2.9699415247e+00
4.4601043664e+01 2.9753257956e+00
4.4557322996e+01 2.9813360828e+00
4.4513687959e+01 2.9867221066e+00
4.4470138302e+01 2.9922750252e+00
4.4426673775e+01 2.9981277109e+00
4.4383294128e+01 3.0035989289e+00
4.4339999113e+01 3.0092827387e+00
4.4296788483e+01 3.0149869330e+00
4.4253661991e+01 3.0206577903e+00
4.4210619391e+01 3.0263028052e+00
4.4167660439e+01 3.0320344347e+00
4.4124784892e+01 3.0377232587e+00
4.4081992506e+01 3.0433906475e+00
4.4039283040e+01 3.0492539808e+00
4.3996656254e+01 3.0548102967e+00
4.3954111907e+01 3.0605224203e+00
4.3911649761e+01 3.0662185533e+00
4.3869269577e+01 3.0719530992e+00
4.3826971118e+01 3.0778850407e+00
4.3784754149e+01 3.0834304142e+00
4.3742618433e+01 3.0891422593e+00
4.3700563737e+01 3.0949032960e+00
4.3658589828e+01 3.1010935725e+00
4.3616696471e+01 3.1063831665e+00
4.3574883437e+01 3.1122455043e+00
4.3533150494e+01 3.1179044845e+00
4.3491497412e+01 3.1237540350e+00
4.3448036149e+01 3.1298600554e+00
4.3404661661e+01 3.1357762800e+00
4.3361373688e+01 3.1417984688e+00
4.3318171973e+01 3.1478457096e+00
4.3275056258e+01 3.1539013538e+00
4.3232026285e+01 3.1601691498e+00
4.3189081800e+01 3.1660447771e+00
4.3146222548e+01 3.1728887061e+00
4.3103448276e+01 3.1781902313e+00
4.3060758731e+01 3.1842618331e+00
4.3018153661e+01 3.1904313442e+00
4.2975632816e+01 3.1965364516e+00
4.2933195947e+01 3.2025676009e+00
4.2890842805e+01 3.2091542947e+00
4.2848573143e+01 3.2147561415e+00
4.2806386713e+01 3.2208763659e+00
4.2764283271e+01 3.2271897524e+00
4.2722262571e+01 3.2331240141e+00
4.2680324370e+01 3.2392561368e+00
4.2638468426e+01 3.2455266140e+00
4.2596694497e+01 3.2518945795e+00
4.2555002341e+01 3.2578515697e+00
4.2513391718e+01 3.2639088439e+00
4.2471862391e+01 3.2701783762e+00
4.2430414121e+01 3.2761540027e+00
4.2389046670e+01 3.2823250561e+00
4.2347759804e+01 3.2884997750e+00
4.2306553285e+01 3.2946816288e+00
4.2265426881e+01 3.3008617046e+00
4.2224380357e+01 3.3071648468e+00
4.2183413482e+01 3.3132635530e+00
4.2142526023e+01 3.3194843550e+00
4.2101717750e+01 3.3257901193e+00
4.2060988433e+01 3.3318713410e+00
4.2020337844e+01 3.3380877612e+00
4.1979765753e+01 3.3446092178e+00
4.1939271934e+01 3.3505412226e+00
4.1898856161e+01 3.3567774027e+00
4.1858518208e+01 3.3632045114e+00
4.1818257851e+01 3.3693362440e+00
4.1778074866e+01 3.3755084081e+00
4.1737969030e+01 3.3818409051e+00
4.1697940122e+01 3.3880338732e+00
4.1656252604e+01 3.3945568830e+00
4.1614648356e+01 3.4011002374e+00
4.1573127131e+01 3.4076479793e+00
4.1531688678e+01 3.4142656779e+00
4.1490332752e+01 3.4207645326e+00
4.1449059106e+01 3.4274879797e+00
4.1407867495e+01 3.4339097957e+00
4.1366757674e+01 3.4405204436e+00
4.1325729399e+01 3.4471157352e+00
4.1284782429e+01 3.4536599986e+00
4.1243916522e+01 3.4602747766e+00
4.1203131438e+01 3.4674059454e+00
4.1162426937e+01 3.4739009586e+00
4.1121802780e+01 3.4801504140e+00
4.1081258730e+01 3.4867251692e+00
4.1040794550e+01 3.4933256689e+00
4.1000410004e+01 3.5001339932e+00
4.0960104858e+01 3.5065932414e+00
4.0919878877e+01 3.5132713454e+00
4.0879731829e+01 3.5198792964e+00
4.0839663481e+01 3.5266035984e+00
4.0799673603e+01 3.5332923109e+00
4.0759761963e+01 3.5398579009e+00
4.0719928333e+01 3.5465468949e+00
4.0680172484e+01 3.5532401828e+00
4.0640494188e+01 3.5599288478e+00
4.0600893220e+01 3.5668024809e+00
4.0561369352e+01 3.5733120095e+00
4.0521922360e+01 3.5800588604e+00
4.0482552020e+01 3.5869743038e+00
4.0443258109e+01 3.5933911490e+00
4.0404040404e+01 3.6001609400e+00
4.0364898684e+01 3.6068320447e+00
4.0325832728e+01 3.6135687169e+00
4.0286842317e+01 3.6203074237e+00
4.0247927232e+01 3.6272583706e+00
4.0209087254e+01 3.6337877617e+00
4.0170322166e+01 3.6405840849e+00
4.0131631752e+01 3.6473257687e+00
4.0093015797e+01 3.6540769820e+00
4.0054474085e+01 3.6608246075e+00
4.0016006403e+01 3.6675999892e+00
3.9976014391e+01 3.6746643621e+00
3.9936102236e+01 3.6817985398e+00
3.9896269699e+01 3.6891272365e+00
3.9856516540e+01 3.6959857742e+00
3.9816842524e+01 3.7030137142e+00
3.9777247414e+01 3.7101156554e+00
3.9737730976e+01 3.7171814155e+00
3.9698292973e+01 3.7246757089e+00
3.9658933175e+01 3.7315047615e+00
3.9619651347e+01 3.7385385266e+00
3.9580447259e+01 3.7456443428e+00
3.9541320680e+01 3.7527773490e+00
3.9502271381e+01 3.7599125683e+00
3.9463299132e+01 3.7670606807e+00
3.9424403706e+01 3.7742167385e+00
3.9385584876e+01 3.7814601299e+00
3.9346842416e+01 3.7885423082e+00
3.9308176101e+01 3.7956971511e+00
3.9269585706e+01 3.8030940493e+00
3.9231071008e+01 3.8100687117e+00
3.9192631785e+01 3.8173220051e+00
3.9154267815e+01 3.8248408689e+00
3.9115978877e+01 3.8320179447e+00
3.9077764752e+01 3.8388737796e+00
3.9039625220e+01 3.8460915227e+00
3.9001560062e+01 3.8533391582e+00
3.8963569063e+01 3.8605056213e+00
3.8925652005e+01 3.8677602104e+00
3.8887808672e+01 3.8749709834e+00
3.8850038850e+01 3.8822180945e+00
3.8812342325e+01 3.8894770138e+00
3.8774718883e+01 3.8967251748e+00
3.8737168313e+01 3.9040589280e+00
3.8699690402e+01 3.9112835289e+00
3.8662284941e+01 3.9189696597e+00
3.8624951719e+01 3.9258371556e+00
3.8587690527e+01 3.9331004756e+00
3.8550501157e+01 3.9403980775e+00
3.8513383401e+01 3.9478805129e+00
3.8476337053e+01 3.9550330602e+00
3.8437884379e+01 3.9630859242e+00
3.8399508486e+01 3.9703064863e+00
3.8361209145e+01 3.9778289928e+00
3.8322986127e+01 3.9854642764e+00
3.8284839204e+01 3.9931440193e+00
3.8246768148e+01 4.0008074676e+00
3.8208772734e+01 4.0084217939e+00
3.8170852737e+01 4.0160306115e+00
3.8133007932e+01 4.0239968201e+00
3.8095238095e+01 4.0314950119e+00
3.8057543005e+01 4.0390582384e+00
3.8019922439e+01 4.0466953531e+00
3.7982376177e+01 4.0543778984e+00
3.7944903999e+01 4.0620684777e+00
3.7907505686e+01 4.0697688086e+00
3.7870181019e+01 4.0775731526e+00
3.7832929782e+01 4.0852554078e+00
3.7795751758e+01 4.0929820572e+00
3.7758646730e+01 4.1006336577e+00
3.7721614485e+01 4.1083914337e+00
3.7684654809e+01 4.1162625495e+00
3.7647767487e+01 4.1238465590e+00
3.7610952309e+01 4.1318370928e+00
3.7574209063e+01 4.1394606909e+00
3.7537537538e+01 4.1471113061e+00
3.7500937523e+01 4.1549202131e+00
3.7464408812e+01 4.1626713062e+00
3.7427951194e+01 4.1704895295e+00
3.7391564463e+01 4.1782967725e+00
3.7355248412e+01 4.1863660345e+00
3.7319002836e+01 4.1938581908e+00
3.7282827530e+01 4.2017308373e+00
3.7246722288e+01 4.2095517077e+00
3.7210686909e+01 4.2174029835e+00
3.7174721190e+01 4.2252409914e+00
3.7138824928e+01 4.2329590730e+00
3.7102997922e+01 4.2408056990e+00
3.7067239973e+01 4.2486784932e+00
3.7030179596e+01 4.2568281947e+00
3.6993193252e+01 4.2649825195e+00
3.6956280720e+01 4.2731729263e+00
3.6919441778e+01 4.2813724169e+00
3.6882676207e+01 4.2897160094e+00
3.6845983788e+01 4.2977190947e+00
3.6809364302e+01 4.3060145952e+00
3.6772817533e+01 4.3141338908e+00
3.6736343264e+01 4.3223760404e+00
3.6699941280e+01 4.3306970838e+00
3.6663611366e+01 4.3388477466e+00
3.6627353307e+01 4.3470525197e+00
3.6591166892e+01 4.3552878769e+00
3.6555051908e+01 4.3635440326e+00
3.6519008144e+01 4.3718150824e+00
3.6483035389e+01 4.3801080327e+00
3.6447133433e+01 4.3883761517e+00
3.6411302068e+01 4.3966213253e+00
3.6375541086e+01 4.4049244688e+00
3.6339850280e+01 4.4132742379e+00
3.6304229443e+01 4.4215383434e+00
3.6268678369e+01 4.4298516110e+00
3.6233196855e+01 4.4381833870e+00
3.6197784696e+01 4.4464532190e+00
3.6162441688e+01 4.4547824729e+00
3.6127167630e+01 4.4632189038e+00
3.6091962320e+01 4.4714645284e+00
3.6056825557e+01 4.4798164951e+00
3.6021757141e+01 4.4881819442e+00
3.5986756873e+01 4.4965733530e+00
3.5951824555e+01 4.5050743557e+00
3.5916959989e+01 4.5133145080e+00
3.5882162977e+01 4.5219343882e+00
3.5847433324e+01 4.5300816248e+00
3.5812770834e+01 4.5384908404e+00
3.5778175313e+01 4.5468874347e+00
3.5743646567e+01 4.5552991486e+00
3.5707909302e+01 4.5640353581e+00
3.5672243427e+01 4.5727956727e+00
3.5636648730e+01 4.5815269654e+00
3.5601124996e+01 4.5903555357e+00
3.5565672013e+01 4.5990505675e+00
3.5530289572e+01 4.6078280532e+00
3.5494977461e+01 4.6166137010e+00
3.5459735470e+01 4.6253873205e+00
3.5424563392e+01 4.6341890953e+00
3.5389461019e+01 4.6431381587e+00
3.5354428142e+01 4.6517954128e+00
3.5319464557e+01 4.6606248016e+00
3.5284570058e+01 4.6694392113e+00
3.5249744439e+01 4.6782980724e+00
3.5214987499e+01 4.6871313032e+00
3.5180299033e+01 4.6959638011e+00
3.5145678839e+01 4.7048167330e+00
3.5111126716e+01 4.7136863088e+00
3.5076642464e+01 4.7225919994e+00
3.5042225882e+01 4.7314363596e+00
3.5007876772e+01 4.7403758621e+00
3.4973594936e+01 4.7492115879e+00
3.4939380175e+01 4.7581870705e+00
3.4905232294e+01 4.7670341385e+00
3.4871151097e+01 4.7759963355e+00
3.4837136387e+01 4.7848576307e+00
3.4803187972e+01 4.7937947361e+00
3.4769305657e+01 4.8027289726e+00
3.4735489249e+01 4.8116809237e+00
3.4701738557e+01 4.8206275915e+00
3.4668053389e+01 4.8295895529e+00
3.4634433554e+01 4.8386334387e+00
3.4600878862e+01 4.8475360146e+00
3.4567389125e+01 4.8565649961e+00
3.4533964154e+01 4.8655098927e+00
3.4500603761e+01 4.8745361184e+00
3.4466119804e+01 4.8838407060e+00
3.4431704714e+01 4.8931919017e+00
3.4397358283e+01 4.9025992002e+00
3.4363080307e+01 4.9118755484e+00
3.4328870580e+01 4.9212558070e+00
3.4294728900e+01 4.9306395836e+00
3.4260655064e+01 4.9402294346e+00
3.4226648869e+01 4.9493783301e+00
3.4192710114e+01 4.9587636263e+00
3.4158838599e+01 4.9682048735e+00
3.4125034125e+01 4.9776137869e+00
3.4091296492e+01 4.9869801545e+00
3.4057625502e+01 4.9964408907e+00
3.4024020959e+01 5.0058385427e+00
3.3990482665e+01 5.0154013946e+00
3.3957010425e+01 5.0247346381e+00
3.3923604044e+01 5.0341842926e+00
3.3890263327e+01 5.0436492976e+00
3.3856988082e+01 5.0531522367e+00
3.3823778116e+01 5.0627325959e+00
3.3790633236e+01 5.0720977300e+00
3.3757553253e+01 5.0815994868e+00
3.3724537974e+01 5.0911064089e+00
3.3691587211e+01 5.1006277535e+00
3.3658700774e+01 5.1101792736e+00
3.3625878476e+01 5.1196633446e+00
3.3593120129e+01 5.1292070260e+00
3.3560425546e+01 5.1387712005e+00
3.3527794542e+01 5.1482955456e+00
3.3495226930e+01 5.1578713368e+00
3.3462722527e+01 5.1674265844e+00
3.3430281149e+01 5.1771446954e+00
3.3397902612e+01 5.1865860045e+00
3.3365586734e+01 5.1962156224e+00
3.3332222259e+01 5.2061121363e+00
3.3298924445e+01 5.2160531272e+00
3.3265693091e+01 5.2260056898e+00
3.3232527998e+01 5.2360327444e+00
3.3199428970e+01 5.2459426090e+00
3.3166395808e+01 5.2559616871e+00
3.3133428316e+01 5.2658930197e+00
3.3100526298e+01 5.2758768988e+00
3.3067689561e+01 5.2859754087e+00
3.3034917908e+01 5.2959661729e+00
3.3002211148e+01 5.3059034336e+00
3.2969569088e+01 5.3160998404e+00
3.2936991535e+01 5.3259792262e+00
3.2904478299e+01 5.3360211000e+00
3.2872029190e+01 5.3460588247e+00
3.2839644018e+01 5.3561298942e+00
3.2807322594e+01 5.3661904880e+00
3.2775064731e+01 5.3762650792e+00
3.2742870240e+01 5.3863670192e+00
3.2710738936e+01 5.3964496767e+00
3.2678670632e+01 5.4066573200e+00
3.2646665143e+01 5.4169709590e+00
3.2614722286e+01 5.4267915366e+00
3.2582841875e+01 5.4369524420e+00
3.2551023730e+01 5.4470422291e+00
3.2519267666e+01 5.4571874025e+00
3.2487573503e+01 5.4673461227e+00
3.2455941060e+01 5.4775068103e+00
3.2424370157e+01 5.4877178102e+00
3.2392860614e+01 5.4978616964e+00
3.2361412252e+01 5.5081665773e+00
3.2330024894e+01 5.5182869469e+00
3.2298698362e+01 5.5284806253e+00
3.2267432480e+01 5.5386646730e+00
3.2235187931e+01 5.5493159770e+00
3.2203007761e+01 5.5597848584e+00
3.2170891777e+01 5.5703710083e+00
3.2138839788e+01 5.5810183667e+00
3.2106851602e+01 5.5915684781e+00
3.2074927030e+01 5.6021593974e+00
3.2043065881e+01 5.6128842581e+00
3.2011267966e+01 5.6234087857e+00
3.1979533099e+01 5.6340462372e+00
3.1947861091e+01 5.6449971482e+00
3.1916251755e+01 5.6553722890e+00
3.1884704907e+01 5.6659936123e+00
3.1853220361e+01 5.6766596996e+00
3.1821797932e+01 5.6873390019e+00
3.1790437436e+01 5.6981481015e+00
3.1759138692e+01 5.7090790613e+00
3.1727901517e+01 5.7194318331e+00
3.1696725728e+01 5.7301446893e+00
3.1665611146e+01 5.7408954626e+00
3.1634557591e+01 5.7516465670e+00
3.1603564882e+01 5.7623750228e+00
3.1572632842e+01 5.7730971960e+00
3.1541761292e+01 5.7838554949e+00
3.1510950055e+01 5.7946549141e+00
3.1480198955e+01 5.8054016968e+00
3.1449507815e+01 5.8162181367e+00
3.1418876461e+01 5.8269936968e+00
3.1388304718e+01 5.8378020305e+00
3.1357792411e+01 5.8486143621e+00
3.1327339369e+01 5.8595060108e+00
3.1296945418e+01 5.8702988151e+00
3.1266610387e+01 5.8811015580e+00
3.1235358426e+01 5.8922961801e+00
3.1204168877e+01 5.9035186366e+00
3.1173041554e+01 5.9147213840e+00
3.1141976270e+01 5.9260705530e+00
3.1110972840e+01 5.9372134980e+00
3.1080031080e+01 5.9486646988e+00
3.1049150806e+01 5.9598163787e+00
3.1018331834e+01 5.9709805778e+00
3.0987573983e+01 5.9822426171e+00
3.0956877070e+01 5.9935284720e+00
3.0926240915e+01 6.0048576263e+00
3.0895665338e+01 6.0163064400e+00
3.0865150159e+01 6.0274624924e+00
3.0834695199e+01 6.0387687068e+00
3.0804300280e+01 6.0500910389e+00
3.0773965225e+01 6.0614288861e+00
3.0743689858e+01 6.0727777870e+00
3.0713474001e+01 6.0841733547e+00
3.0683317480e+01 6.0955164778e+00
3.0653220121e+01 6.1068948966e+00
3.0623181749e+01 6.1182790934e+00
3.0593202190e+01 6.1302375042e+00
3.0563281274e+01 6.1413419770e+00
3.0533418827e+01 6.1527017383e+00
3.0503614678e+01 6.1639286208e+00
3.0473868658e+01 6.1754330861e+00
3.0444180595e+01 6.1868716245e+00
3.0414550321e+01 6.1985140361e+00
3.0384977667e+01 6.2097283732e+00
3.0355462465e+01 6.2212103670e+00
3.0326004549e+01 6.2326994261e+00
3.0295685894e+01 6.2445709770e+00
3.0265427802e+01 6.2564417410e+00
3.0235230090e+01 6.2683209589e+00
3.0205092579e+01 6.2801734613e+00
3.0175015088e+01 6.2920527751e+00
3.0144997438e+01 6.3039759855e+00
3.0115039451e+01 6.3158712320e+00
3.0085140949e+01 6.3277888292e+00
3.0055301755e+01 6.3398206408e+00
3.0025521693e+01 6.3517225579e+00
2.9995800588e+01 6.3639120518e+00
2.9966138264e+01 6.3756080546e+00
2.9936534547e+01 6.3876210559e+00
2.9906989263e+01 6.3995248923e+00
2.9877502241e+01 6.4115187479e+00
2.9848073307e+01 6.4237784111e+00
2.9818702290e+01 6.4355880296e+00
2.9789389020e+01 6.4475508212e+00
2.9760133325e+01 6.4597491173e+00
2.9730935038e+01 6.4716557528e+00
2.9701793988e+01 6.4838281125e+00
2.9672710009e+01 6.4957389526e+00
2.9643682931e+01 6.5081974142e+00
2.9614712589e+01 6.5198913433e+00
2.9585798817e+01 6.5322024876e+00
2.9556941448e+01 6.5441056352e+00
2.9528140318e+01 6.5561990950e+00
2.9499395262e+01 6.5683279163e+00
2.9470706118e+01 6.5805969131e+00
2.9442072722e+01 6.5926445782e+00
2.9413494911e+01 6.6047619136e+00
2.9384109074e+01 6.6173297208e+00
2.9354781894e+01 6.6298124879e+00
2.9325513196e+01 6.6423598591e+00
2.9296302807e+01 6.6549957462e+00
2.9267150550e+01 6.6675057644e+00
2.9238056254e+01 6.6801149258e+00
2.9209019745e+01 6.6926679197e+00
2.9180040852e+01 6.7052678487e+00
2.9151119403e+01 6.7179008723e+00
2.9122255227e+01 6.7305189060e+00
2.9093448155e+01 6.7431630193e+00
2.9064698018e+01 6.7557972257e+00
2.9036004646e+01 6.7684681870e+00
2.9007367871e+01 6.7811062440e+00
2.8978787528e+01 6.7938156678e+00
2.8950263447e+01 6.8065993634e+00
2.8921795465e+01 6.8191821552e+00
2.8893383415e+01 6.8318866164e+00
2.8865027133e+01 6.8449519317e+00
2.8836726455e+01 6.8574786339e+00
2.8808481217e+01 6.8702645311e+00
2.8780291257e+01 6.8828278250e+00
2.8752156412e+01 6.8958722176e+00
2.8724076521e+01 6.9083388131e+00
2.8696051423e+01 6.9211518083e+00
2.8668080959e+01 6.9339311813e+00
2.8640164967e+01 6.9467151627e+00
2.8612303290e+01 6.9599464210e+00
2.8584495769e+01 6.9723462450e+00
2.8555926783e+01 6.9855566367e+00
2.8527414846e+01 6.9987862947e+00
2.8498959788e+01 7.0122564170e+00
2.8470561439e+01 7.0253073930e+00
2.8442219631e+01 7.0385144998e+00
2.8413934193e+01 7.0518922370e+00
2.8385704959e+01 7.0650661281e+00
2.8357531760e+01 7.0783513578e+00
2.8329414431e+01 7.0916585660e+00
2.8301352805e+01 7.1049643942e+00
2.8273346716e+01 7.1183169699e+00
2.8245396000e+01 7.1317081011e+00
2.8217500494e+01 7.1450332138e+00
2.8189660033e+01 7.1583776751e+00
2.8161874454e+01 7.1716678943e+00
2.8134143597e+01 7.1850398871e+00
2.8106467298e+01 7.1988448140e+00
2.8078845398e+01 7.2118409619e+00
2.8051277736e+01 7.2252692659e+00
2.8023764152e+01 7.2386621703e+00
2.7996304488e+01 7.2522442267e+00
2.7968898585e+01 7.2655168015e+00
2.7941546285e+01 7.2790550088e+00
2.7914247432e+01 7.2925273390e+00
2.7887001868e+01 7.3059034542e+00
2.7859809439e+01 7.3194579113e+00
2.7832669988e+01 7.3331740844e+00
2.7805583361e+01 7.3466667387e+00
2.7777777778e+01 7.3602934911e+00
2.7750027750e+01 7.3742092308e+00
2.7722333112e+01 7.3881425967e+00
2.7694693697e+01 7.4020752512e+00
2.7667109340e+01 7.4160232291e+00
2.7639579878e+01 7.4299864452e+00
2.7612105147e+01 7.4440848254e+00
2.7584684983e+01 7.4579462136e+00
2.7557319224e+01 7.4724686331e+00
2.7530007708e+01 7.4859523721e+00
2.7502750275e+01 7.4999681608e+00
2.7475546763e+01 7.5140622912e+00
2.7448397014e+01 7.5280524820e+00
2.7421300867e+01 7.5421042850e+00
2.7394258163e+01 7.5561638594e+00
2.7367268747e+01 7.5702539518e+00
2.7340332458e+01 7.5843382055e+00
2.7313449142e+01 7.5985041978e+00
2.7286618642e+01 7.6125785567e+00
2.7259840803e+01 7.6266697975e+00
2.7233115468e+01 7.6409589798e+00
2.7206442486e+01 7.6555026432e+00
2.7179821700e+01 7.6691054469e+00
2.7153252960e+01 7.6833528279e+00
2.7126736111e+01 7.6978768516e+00
2.7100271003e+01 7.7117814078e+00
2.7073857483e+01 7.7259088107e+00
2.7047495402e+01 7.7403066618e+00
2.7020454484e+01 7.7550544396e+00
2.6993467581e+01 7.7693754389e+00
2.6966534531e+01 7.7840176434e+00
2.6939655172e+01 7.7986401782e+00
2.6912829346e+01 7.8132859825e+00
2.6886056891e+01 7.8280530638e+00
2.6859337649e+01 7.8426784664e+00
2.6832671461e+01 7.8573563808e+00
2.6806058169e+01 7.8720600020e+00
2.6779497617e+01 7.8867882310e+00
2.6752989647e+01 7.9015379947e+00
2.6726534103e+01 7.9162810874e+00
2.6700130831e+01 7.9310637175e+00
2.6673779675e+01 7.9458250927e+00
2.6647480481e+01 7.9606487448e+00
2.6621233096e+01 7.9754119557e+00
2.6595037366e+01 7.9902508228e+00
2.6568893140e+01 8.0050867474e+00
2.6542800265e+01 8.0198948110e+00
2.6516758591e+01 8.0347705686e+00
2.6490767967e+01 8.0496533809e+00
2.6464828243e+01 8.0644891925e+00
2.6438939270e+01 8.0793534673e+00
2.6413100898e+01 8.0942504988e+00
2.6387312980e+01 8.1092954943e+00
2.6361575368e+01 8.1240923684e+00
2.6335887914e+01 8.1391391931e+00
2.6309558263e+01 8.1543585303e+00
2.6283281205e+01 8.1697436469e+00
2.6257056584e+01 8.1851290466e+00
2.6230884243e+01 8.2005271310e+00
2.6204764026e+01 8.2159984692e+00
2.6178695777e+01 8.2313906678e+00
2.6152679342e+01 8.2469871609e+00
2.6126714566e+01 8.2621693270e+00
2.6100801295e+01 8.2776326522e+00
2.6074939376e+01 8.2930855033e+00
2.6049128657e+01 8.3085323661e+00
2.6023368985e+01 8.3240769912e+00
2.5997660211e+01 8.3395500528e+00
2.5972002182e+01 8.3550293553e+00
2.5946394748e+01 8.3705944462e+00
2.5920837761e+01 8.3862559790e+00
2.5895331072e+01 8.4016611183e+00
2.5869874531e+01 8.4172531958e+00
2.5844467992e+01 8.4329395474e+00
2.5819111306e+01 8.4484489115e+00
2.5793804328e+01 8.4643408766e+00
2.5768546912e+01 8.4795700127e+00
2.5743338911e+01 8.4954958278e+00
2.5718180182e+01 8.5108333928e+00
2.5693070579e+01 8.5265345807e+00
2.5668009959e+01 8.5421508232e+00
2.5642998179e+01 8.5578205594e+00
2.5617378830e+01 8.5739849077e+00
2.5591810621e+01 8.5900245080e+00
2.5566293399e+01 8.6061560020e+00
2.5540827012e+01 8.6223215839e+00
2.5515411308e+01 8.6385532099e+00
2.5490046137e+01 8.6546425566e+00
2.5464731347e+01 8.6707818439e+00
2.5439466789e+01 8.6872605433e+00
2.5414252313e+01 8.7031775410e+00
2.5389087770e+01 8.7198183654e+00
2.5363973013e+01 8.7358846683e+00
2.5338907893e+01 8.7518687349e+00
2.5313892264e+01 8.7683118327e+00
2.5288925979e+01 8.7845074968e+00
2.5264008893e+01 8.8007963963e+00
2.5239140860e+01 8.8169840347e+00
2.5214321735e+01 8.8332875667e+00
2.5189551374e+01 8.8496027765e+00
2.5164829634e+01 8.8659411919e+00
2.5140156372e+01 8.8822926075e+00
2.5115531445e+01 8.8987005534e+00
2.5090954711e+01 8.9150236869e+00
2.5066426029e+01 8.9313945669e+00
2.5041945258e+01 8.9478420587e+00
2.5017512259e+01 8.9643430439e+00
2.4992502249e+01 8.9810529851e+00
2.4967542195e+01 8.9979455286e+00
2.4942631947e+01 9.0148522137e+00
2.4917771355e+01 9.0317496068e+00
2.4892960271e+01 9.0485734149e+00
2.4868198548e+01 9.0656558467e+00
2.4843486038e+01 9.0824547455e+00
2.4818822595e+01 9.0993623333e+00
2.4794208073e+01 9.1163209774e+00
2.4769642326e+01 9.1333332077e+00
2.4745125210e+01 9.1505719869e+00
2.4720656581e+01 9.1675768395e+00
2.4696236294e+01 9.1842728826e+00
2.4671864206e+01 9.2012903081e+00
2.4647540175e+01 9.2183348570e+00
2.4623264060e+01 9.2353774546e+00
2.4599035718e+01 9.2525850352e+00
2.4574855008e+01 9.2697514714e+00
2.4550721791e+01 9.2866152507e+00
2.4526635927e+01 9.3037708488e+00
2.4502597275e+01 9.3208514537e+00
2.4478605699e+01 9.3379878761e+00
2.4454661058e+01 9.3551548290e+00
2.4430763217e+01 9.3722883795e+00
2.4406912037e+01 9.3894621561e+00
2.4382512862e+01 9.4070600293e+00
2.4358162420e+01 9.4248761291e+00
2.4333860567e+01 9.4427386788e+00
2.4309607157e+01 9.4600427847e+00
2.4285402045e+01 9.4779386386e+00
2.4261245087e+01 9.4954032344e+00
2.4237136140e+01 9.5130385868e+00
2.4213075061e+01 9.5309334630e+00
2.4189061706e+01 9.5484958093e+00
2.4165095935e+01 9.5663657506e+00
2.4141177607e+01 9.5840235472e+00
2.4117306579e+01 9.6019481919e+00
2.4093482713e+01 9.6195431046e+00
2.4069705868e+01 9.6375176311e+00
2.4045975906e+01 9.6551532959e+00
2.4022292688e+01 9.6732088490e+00
2.3998656075e+01 9.6910065601e+00
2.3975065931e+01 9.7086861439e+00
2.3951522119e+01 9.7265948805e+00
2.3928024502e+01 9.7444156909e+00
2.3904572945e+01 9.7623163874e+00
2.3881167311e+01 9.7802901688e+00
2.3857807467e+01 9.7983420263e+00
2.3834493279e+01 9.8162729093e+00
2.3811224611e+01 9.8341791369e+00
2.3787435477e+01 9.8524462710e+00
2.3763693829e+01 9.8709621463e+00
2.3739999525e+01 9.8893596936e+00
2.3716352425e+01 9.9077496261e+00
2.3692752387e+01 9.9262135215e+00
2.3669199271e+01 9.9447337363e+00
2.3645692937e+01 9.9632030369e+00
2.3622233246e+01 9.9817842647e+00
2.3598820059e+01 1.0000216566e+01
2.3575453238e+01 1.0018870320e+01
2.3552132646e+01 1.0037339120e+01
2.3528858145e+01 1.0055898025e+01
2.3505629598e+01 1.0074456962e+01
2.3482446871e+01 1.0093193884e+01
2.3459309827e+01 1.0111772742e+01
2.3436218332e+01 1.0130442646e+01
2.3413172251e+01 1.0148927110e+01
2.3390171450e+01 1.0167641309e+01
2.3367215796e+01 1.0186298209e+01
2.3344305157e+01 1.0204969699e+01
2.3321439399e+01 1.0223861510e+01
2.3298618392e+01 1.0242347102e+01
2.3275842004e+01 1.0261107095e+01
2.3252569409e+01 1.0280331209e+01
2.3229343306e+01 1.0299471842e+01
2.3206163557e+01 1.0318705638e+01
2.3183030022e+01 1.0338042201e+01
2.3159942563e+01 1.0357240592e+01
2.3136901043e+01 1.0376432808e+01
2.3113905325e+01 1.0395726126e+01
2.3090955273e+01 1.0415130798e+01
2.3068050750e+01 1.0434311781e+01
2.3045191621e+01 1.0453658321e+01
2.3022377751e+01 1.0472975055e+01
2.2999609007e+01 1.0492364155e+01
2.2976885253e+01 1.0511783183e+01
2.2954206358e+01 1.0531085369e+01
2.2931572189e+01 1.0550484905e+01
2.2908982612e+01 1.0569926175e+01
2.2886437497e+01 1.0589558742e+01
2.2863936713e+01 1.0608839737e+01
2.2841480128e+01 1.0628247570e+01
2.2819067613e+01 1.0647930240e+01
2.2796699038e+01 1.0667349777e+01
2.2774374274e+01 1.0686833675e+01
2.2752093193e+01 1.0706440632e+01
2.2729855665e+01 1.0725912696e+01
2.2707145939e+01 1.0745811744e+01
2.2684481546e+01 1.0765870208e+01
2.2661862352e+01 1.0785874445e+01
2.2639288221e+01 1.0805935855e+01
2.2616759018e+01 1.0826083431e+01
2.2594274611e+01 1.0846108830e+01
2.2571834864e+01 1.0866223480e+01
2.2549439646e+01 1.0886265853e+01
2.2527088824e+01 1.0906460768e+01
2.2504782266e+01 1.0926579118e+01
2.2482519841e+01 1.0946705604e+01
2.2460301417e+01 1.0966893998e+01
2.2438126865e+01 1.0987180530e+01
2.2415996055e+01 1.1007290560e+01
2.2393908857e+01 1.1027617384e+01
2.2371865142e+01 1.1047792522e+01
2.2349864783e+01 1.1068137755e+01
2.2327907652e+01 1.1088365865e+01
2.2305993620e+01 1.1108667422e+01
2.2284122563e+01 1.1129071798e+01
2.2262294352e+01 1.1149260729e+01
2.2240508863e+01 1.1169538472e+01
2.2218272307e+01 1.1190436842e+01
2.2196080172e+01 1.1211250039e+01
2.2173932325e+01 1.1232167443e+01
2.2151828633e+01 1.1252934306e+01
2.2129768965e+01 1.1273776606e+01
2.2107753189e+01 1.1294695874e+01
2.2085781174e+01 1.1315602515e+01
2.2063852790e+01 1.1336545793e+01
2.2041967907e+01 1.1357523874e+01
2.2020126396e+01 1.1378452405e+01
2.1998328127e+01 1.1399513163e+01
2.1976572973e+01 1.1420382025e+01
2.1954860806e+01 1.1441395407e+01
2.1933191499e+01 1.1462524784e+01
2.1911564924e+01 1.1483567575e+01
2.1889980956e+01 1.1504563310e+01
2.1868439468e+01 1.1525597070e+01
2.1846940336e+01 1.1546678877e+01
2.1825483434e+01 1.1567810716e+01
2.1804068639e+01 1.1588943470e+01
2.1782695826e+01 1.1610063566e+01
2.1761364873e+01 1.1631284849e+01
2.1740075655e+01 1.1652376979e+01
2.1718356355e+01 1.1674059942e+01
2.1696680408e+01 1.1695715345e+01
2.1675047685e+01 1.1717397654e+01
2.1653458057e+01 1.1739143584e+01
2.1631911396e+01 1.1760857053e+01
2.1610407572e+01 1.1782586966e+01
2.1588946459e+01 1.1804337447e+01
2.1567527930e+01 1.1826122779e+01
2.1546151857e+01 1.1847910662e+01
2.1524818115e+01 1.1869721617e+01
2.1503526578e+01 1.1891556773e+01
2.1482277121e+01 1.1913538732e+01
2.1461069620e+01 1.1935294099e+01
2.1439903949e+01 1.1957162968e+01
2.1418779986e+01 1.1979093366e+01
2.1397697608e+01 1.2000981697e+01
2.1376656691e+01 1.2022881665e+01
2.1355657114e+01 1.2044783528e+01
2.1334698754e+01 1.2066799660e+01
2.1313781491e+01 1.2088768937e+01
2.1292905204e+01 1.2110838010e+01
2.1271617281e+01 1.2133277686e+01
2.1250371882e+01 1.2155717193e+01
2.1229168878e+01 1.2178229268e+01
2.1208008144e+01 1.2200879261e+01
2.1186889553e+01 1.2223352101e+01
2.1165812979e+01 1.2245904831e+01
2.1144778297e+01 1.2268532626e+01
2.1123785382e+01 1.2291109632e+01
2.1102834111e+01 1.2313760942e+01
2.1081924358e+01 1.2336385629e+01
2.1061056001e+01 1.2359099334e+01
2.1040228918e+01 1.2381743225e+01
2.1019442985e+01 1.2404453716e+01
2.0998698081e+01 1.2427145506e+01
2.0977994084e+01 1.2449857612e+01
2.0957330874e+01 1.2472624048e+01
2.0936708331e+01 1.2495418458e+01
2.0916126333e+01 1.2518152924e+01
2.0895584763e+01 1.2541060260e+01
2.0875083500e+01 1.2563859455e+01
2.0854622427e+01 1.2586675283e+01
2.0834201425e+01 1.2609603749e+01
2.0813387171e+01 1.2632810184e+01
2.0792614463e+01 1.2656262065e+01
2.0771883179e+01 1.2679649434e+01
2.0751193194e+01 1.2702985230e+01
2.0730544384e+01 1.2726423641e+01
2.0709936628e+01 1.2749902907e+01
2.0689369802e+01 1.2773337889e+01
2.0668843785e+01 1.2796836375e+01
2.0648358456e+01 1.2820395397e+01
2.0627913693e+01 1.2843815082e+01
2.0607509376e+01 1.2867390698e+01
2.0587145386e+01 1.2890960049e+01
2.0566821603e+01 1.2914538484e+01
2.0546537908e+01 1.2938088297e+01
2.0526294183e+01 1.2961712669e+01
2.0506090309e+01 1.2985286997e+01
2.0485926169e+01 1.3008958036e+01
2.0465801645e+01 1.3032631299e+01
2.0445716622e+01 1.3056308012e+01
2.0425670983e+01 1.3079971036e+01
2.0405248230e+01 1.3104219242e+01
2.0384866275e+01 1.3128409038e+01
2.0364524997e+01 1.3152624336e+01
2.0344224275e+01 1.3176884878e+01
2.0323963986e+01 1.3201178974e+01
2.0303744010e+01 1.3225587006e+01
2.0283564228e+01 1.3249813019e+01
2.0263424519e+01 1.3274154920e+01
2.0243324764e+01 1.3298481594e+01
2.0223264844e+01 1.3322890751e+01
2.0203244641e+01 1.3347275186e+01
2.0183264037e+01 1.3371653614e+01
2.0163322916e+01 1.3396061010e+01
2.0143421159e+01 1.3420553945e+01
2.0123558650e+01 1.3445016282e+01
2.0103735274e+01 1.3469457245e+01
2.0083950915e+01 1.3494004905e+01
2.0064205457e+01 1.3518509656e+01
2.0044498787e+01 1.3543007332e+01
2.0024830790e+01 1.3567564944e+01
2.0005201352e+01 1.3592146443e+01
1.9985210944e+01 1.3617305173e+01
1.9965260447e+01 1.3642336956e+01
1.9945349742e+01 1.3667513943e+01
1.9925478710e+01 1.3692693240e+01
1.9905647232e+01 1.3717829282e+01
1.9885855191e+01 1.3743015754e+01
1.9866102469e+01 1.3768181773e+01
1.9846388950e+01 1.3793413862e+01
1.9826714515e+01 1.3818678788e+01
1.9807079050e+01 1.3843998214e+01
1.9787482439e+01 1.3869320771e+01
1.9767924566e+01 1.3894514636e+01
1.9748405316e+01 1.3919839702e+01
1.9728924576e+01 1.3945203392e+01
1.9709482232e+01 1.3970535570e+01
1.9690078170e+01 1.3995922010e+01
1.9670712276e+01 1.4021290331e+01
1.9651384440e+01 1.4046735304e+01
1.9632094548e+01 1.4072141858e+01
1.9612842489e+01 1.4097608213e+01
1.9593244249e+01 1.4123615584e+01
1.9573685138e+01 1.4149583890e+01
1.9554165037e+01 1.4175618380e+01
1.9534683831e+01 1.4201636996e+01
1.9515241404e+01 1.4227710371e+01
1.9495837639e+01 1.4253792652e+01
1.9476472421e+01 1.4279877038e+01
1.9457145637e+01 1.4306001518e+01
1.9437857171e+01 1.4332148518e+01
1.9418606909e+01 1.4358310448e+01
1.9399394739e+01 1.4384491966e+01
1.9380220547e+01 1.4410642861e+01
1.9361084221e+01 1.4436846795e+01
1.9341985648e+01 1.4463128364e+01
1.9322924718e+01 1.4489348866e+01
1.9303901318e+01 1.4515634948e+01
1.9284915339e+01 1.4541894995e+01
1.9265966670e+01 1.4568234407e+01
1.9247055201e+01 1.4594562872e+01
1.9227811106e+01 1.4621403644e+01
1.9208605455e+01 1.4648316755e+01
1.9189438133e+01 1.4675203700e+01
1.9170309025e+01 1.4702145734e+01
1.9151218017e+01 1.4729079345e+01
1.9132164996e+01 1.4756053259e+01
1.9113149847e+01 1.4783048679e+01
1.9094172459e+01 1.4810027670e+01
1.9075232718e+01 1.4837049477e+01
1.9056330513e+01 1.4864111170e+01
1.9037465733e+01 1.4891209075e+01
1.9018638266e+01 1.4918261300e+01
1.8999848001e+01 1.4945367780e+01
1.8981094830e+01 1.4972532476e+01
1.8962378641e+01 1.4999631548e+01
1.8943699326e+01 1.5026806000e+01
1.8925056775e+01 1.5053973103e+01
1.8906450881e+01 1.5081193829e+01
1.8887881535e+01 1.5108413401e+01
1.8869348630e+01 1.5135661349e+01
1.8850496711e+01 1.5163451466e+01
1.8831682423e+01 1.5191259229e+01
1.8812905653e+01 1.5219090292e+01
1.8794166291e+01 1.5246932776e+01
1.8775464223e+01 1.5274817468e+01
1.8756799340e+01 1.5302704187e+01
1.8738171529e+01 1.5330598612e+01
1.8719580681e+01 1.5358565670e+01
1.8701026686e+01 1.5386492564e+01
1.8682509435e+01 1.5414468217e+01
1.8664028817e+01 1.5442450437e+01
1.8645584726e+01 1.5470465570e+01
1.8627177051e+01 1.5498519316e+01
1.8608805687e+01 1.5526557247e+01
1.8590470525e+01 1.5554639658e+01
1.8572171458e+01 1.5582736544e+01
1.8553908381e+01 1.5610844083e+01
1.8535681186e+01 1.5638996727e+01
1.8517146878e+01 1.5667671504e+01
1.8498649599e+01 1.5696387714e+01
1.8480189237e+01 1.5725139925e+01
1.8461765683e+01 1.5753861843e+01
1.8443378827e+01 1.5782738777e+01
1.8425028559e+01 1.5811451135e+01
1.8406714770e+01 1.5840261547e+01
1.8388437351e+01 1.5869105104e+01
1.8370196194e+01 1.5897972614e+01
1.8351991191e+01 1.5926817240e+01
1.8333822235e+01 1.5955721631e+01
1.8315689219e+01 1.5984650269e+01
1.8297592037e+01 1.6013591861e+01
1.8279530582e+01 1.6042543265e+01
1.8261504748e+01 1.6071524739e+01
1.8243514431e+01 1.6100534650e+01
1.8225559525e+01 1.6129546695e+01
1.8207639926e+01 1.6158629010e+01
1.8189755530e+01 1.6187675223e+01
1.8171576021e+01 1.6217337456e+01
1.8153432814e+01 1.6246945579e+01
1.8135325801e+01 1.6276606436e+01
1.8117254874e+01 1.6306318387e+01
1.8099219924e+01 1.6336043469e+01
1.8081220844e+01 1.6365758166e+01
1.8063257528e+01 1.6395500088e+01
1.8045329869e+01 1.6425271548e+01
1.8027437760e+01 1.6455099872e+01
1.8009581097e+01 1.6484899371e+01
1.7991759774e+01 1.6514738576e+01
1.7973973686e+01 1.6544596183e+01
1.7956222729e+01 1.6574492886e+01
1.7938506799e+01 1.6604403491e+01
1.7920825792e+01 1.6634324586e+01
1.7903179605e+01 1.6664272832e+01
1.7885568135e+01 1.6694263853e+01
1.7867991280e+01 1.6724247996e+01
1.7850130306e+01 1.6754793695e+01
1.7832305004e+01 1.6785378126e+01
1.7814515267e+01 1.6815969167e+01
1.7796760989e+01 1.6846616530e+01
1.7779042065e+01 1.6877245782e+01
1.7761358389e+01 1.6907909185e+01
1.7743709855e+01 1.6938652233e+01
1.7726096359e+01 1.6969325526e+01
1.7708517797e+01 1.7000062193e+01
1.7690974065e+01 1.7030838544e+01
1.7673465060e+01 1.7061598612e+01
1.7655990678e+01 1.7092390220e+01
1.7638550817e+01 1.7123218384e+01
1.7621145374e+01 1.7154062395e+01
1.7603774249e+01 1.7184924639e+01
1.7586437340e+01 1.7215823192e+01
1.7569134544e+01 1.7246741519e+01
1.7551865763e+01 1.7277670514e+01
1.7534323438e+01 1.7309181827e+01
1.7516816143e+01 1.7340699093e+01
1.7499343775e+01 1.7372254480e+01
1.7481906227e+01 1.7403827386e+01
1.7464503397e+01 1.7435430408e+01
1.7447135180e+01 1.7467053301e+01
1.7429801475e+01 1.7498695354e+01
1.7412502177e+01 1.7530369568e+01
1.7395237184e+01 1.7562050138e+01
1.7378006395e+01 1.7593784547e+01
1.7360809708e+01 1.7625490238e+01
1.7343647022e+01 1.7657265304e+01
1.7326518236e+01 1.7689048515e+01
1.7309423250e+01 1.7720836991e+01
1.7292361964e+01 1.7752659003e+01
1.7275334278e+01 1.7784502274e+01
1.7258340093e+01 1.7816393524e+01
1.7241082050e+01 1.7848826250e+01
1.7223858489e+01 1.7881301172e+01
1.7206669305e+01 1.7913802356e+01
1.7189514396e+01 1.7946316322e+01
1.7172393660e+01 1.7978863314e+01
1.7155306994e+01 1.8011428736e+01
1.7138254297e+01 1.8044019143e+01
1.7121235468e+01 1.8076628760e+01
1.7104250406e+01 1.8109265031e+01
1.7087299011e+01 1.8141918928e+01
1.7070381182e+01 1.8174606325e+01
1.7053496820e+01 1.8207311591e+01
1.7036645825e+01 1.8240030425e+01
1.7019828100e+01 1.8272792658e+01
1.7003043545e+01 1.8305549303e+01
1.6986292062e+01 1.8338347643e+01
1.6969573555e+01 1.8371171660e+01
1.6952887924e+01 1.8404040779e+01
1.6935948244e+01 1.8437442082e+01
1.6919042382e+01 1.8470899973e+01
1.6902170239e+01 1.8504392038e+01
1.6885331712e+01 1.8537885672e+01
1.6868526703e+01 1.8571409824e+01
1.6851755110e+01 1.8604956526e+01
1.6835016835e+01 1.8638528369e+01
1.6818311778e+01 1.8672139830e+01
1.6801639840e+01 1.8705758498e+01
1.6785000923e+01 1.8739389361e+01
1.6768394929e+01 1.8773064384e+01
1.6751821761e+01 1.8806750157e+01
1.6735281320e+01 1.8840464695e+01
1.6718773511e+01 1.8874205068e+01
1.6702298236e+01 1.8907966556e+01
1.6685855400e+01 1.8941752379e+01
1.6669444907e+01 1.8975565719e+01
1.6652789342e+01 1.9009966811e+01
1.6636167027e+01 1.9044396543e+01
1.6619577863e+01 1.9078859228e+01
1.6603021750e+01 1.9113326305e+01
1.6586498590e+01 1.9147836651e+01
1.6570008285e+01 1.9182355344e+01
1.6553550737e+01 1.9216906064e+01
1.6537125848e+01 1.9251474884e+01
1.6520733521e+01 1.9286090115e+01
1.6504373659e+01 1.9320702915e+01
1.6488046167e+01 1.9355344379e+01
1.6471750947e+01 1.9390013901e+01
1.6455487905e+01 1.9424732530e+01
1.6439256946e+01 1.9459431286e+01
1.6423057973e+01 1.9494169129e+01
1.6406890894e+01 1.9528941305e+01
1.6390486961e+01 1.9564320770e+01
1.6374115798e+01 1.9599695922e+01
1.6357777305e+01 1.9635126782e+01
1.6341471386e+01 1.9670564195e+01
1.6325197943e+01 1.9706028044e+01
1.6308956879e+01 1.9741529169e+01
1.6292748098e+01 1.9777036099e+01
1.6276571503e+01 1.9812579949e+01
1.6260426999e+01 1.9848164401e+01
1.6244314490e+01 1.9883744264e+01
1.6228233881e+01 1.9919371684e+01
1.6212185078e+01 1.9954995916e+01
1.6196167987e+01 1.9990660115e+01
1.6180182512e+01 2.0026345617e+01
1.6164228562e+01 2.0062058754e+01
1.6148306043e+01 2.0097811067e+01
1.6132414861e+01 2.0133570844e+01
1.6116295186e+01 2.0169944178e+01
1.6100207693e+01 2.0206328204e+01
1.6084152285e+01 2.0242768598e+01
1.6068128866e+01 2.0279205938e+01
1.6052137342e+01 2.0315677734e+01
1.6036177617e+01 2.0352177346e+01
1.6020249595e+01 2.0388704606e+01
1.6004353184e+01 2.0425248380e+01
1.5988488288e+01 2.0461821435e+01
1.5972654815e+01 2.0498420572e+01
1.5956852670e+01 2.0535063367e+01
1.5941081762e+01 2.0571690779e+01
1.5925341997e+01 2.0608366474e+01
1.5909633283e+01 2.0645061871e+01
1.5893955529e+01 2.0681795810e+01
1.5878308643e+01 2.0718536865e+01
1.5862440912e+01 2.0755899121e+01
1.5846604865e+01 2.0793293479e+01
1.5830800405e+01 2.0830719375e+01
1.5815027439e+01 2.0868154140e+01
1.5799285872e+01 2.0905636135e+01
1.5783575611e+01 2.0943119368e+01
1.5767896563e+01 2.0980636687e+01
1.5752248633e+01 2.1018183139e+01
1.5736631731e+01 2.1055765852e+01
1.5721045764e+01 2.1093349772e+01
1.5705490640e+01 2.1130969228e+01
1.5689966267e+01 2.1168635399e+01
1.5674472554e+01 2.1206296531e+01
1.5659009411e+01 2.1243992896e+01
1.5643576747e+01 2.1281711294e+01
1.5628174473e+01 2.1319459601e+01
1.5612558742e+01 2.1357845146e+01
1.5596974187e+01 2.1396238503e+01
1.5581420714e+01 2.1434658344e+01
1.5565898230e+01 2.1473123025e+01
1.5550406643e+01 2.1511584984e+01
1.5534945861e+01 2.1550089470e+01
1.5519515791e+01 2.1588621860e+01
1.5504116343e+01 2.1627178060e+01
1.5488747425e+01 2.1665757902e+01
1.5473408947e+01 2.1704365894e+01
1.5458100818e+01 2.1743003340e+01
1.5442822948e+01 2.1781656720e+01
1.5427575248e+01 2.1820342012e+01
1.5412357628e+01 2.1859054409e+01
1.5397170000e+01 2.1897789704e+01
1.5381775672e+01 2.1937159259e+01
1.5366412096e+01 2.1976555497e+01
1.5351079181e+01 2.2015980504e+01
1.5335776834e+01 2.2055424411e+01
1.5320504964e+01 2.2094899179e+01
1.5305263480e+01 2.2134402118e+01
1.5290052292e+01 2.2173925754e+01
1.5274871309e+01 2.2213482808e+01
1.5259720442e+01 2.2253060202e+01
1.5244599601e+01 2.2292666984e+01
1.5229508696e+01 2.2332299488e+01
1.5214447639e+01 2.2371962429e+01
1.5199416342e+01 2.2411644907e+01
1.5184414717e+01 2.2451355736e+01
1.5169442675e+01 2.2491095238e+01
1.5154500129e+01 2.2530858826e+01
1.5139357788e+01 2.2571263157e+01
1.5124245678e+01 2.2611693652e+01
1.5109163708e+01 2.2652149363e+01
1.5094111787e+01 2.2692635334e+01
1.5079089826e+01 2.2733145586e+01
1.5064097736e+01 2.2773684548e+01
1.5049135427e+01 2.2814248194e+01
1.5034202811e+01 2.2854844734e+01
1.5019299800e+01 2.2895460890e+01
1.5004426306e+01 2.2936106799e+01
1.4989582240e+01 2.2976777661e+01
1.4974767517e+01 2.3017477275e+01
1.4959982048e+01 2.3058202652e+01
1.4945225748e+01 2.3098953307e+01
1.4930498529e+01 2.3139734893e+01
1.4915577829e+01 2.3181156690e+01
1.4900686922e+01 2.3222608992e+01
1.4885825717e+01 2.3264089534e+01
1.4870994126e+01 2.3305596909e+01
1.4856192061e+01 2.3347129704e+01
1.4841419433e+01 2.3388693142e+01
1.4826676156e+01 2.3430279473e+01
1.4811962141e+01 2.3471901908e+01
1.4797277301e+01 2.3513540241e+01
1.4782621550e+01 2.3555218292e+01
1.4767994802e+01 2.3596911683e+01
1.4753396970e+01 2.3638638208e+01
1.4738827968e+01 2.3680387622e+01
1.4724287713e+01 2.3722165575e+01
1.4709776117e+01 2.3763971496e+01
1.4695077149e+01 2.3806432043e+01
1.4680407528e+01 2.3848916515e+01
1.4665767166e+01 2.3891431220e+01
1.4651155976e+01 2.3933977635e+01
1.4636573871e+01 2.3976544495e+01
1.4622020763e+01 2.4019141163e+01
1.4607496567e+01 2.4061767487e+01
1.4593001197e+01 2.4104423695e+01
1.4578534566e+01 2.4147100759e+01
1.4564096589e+01 2.4189811787e+01
1.4549687182e+01 2.4232551076e+01
1.4535306259e+01 2.4275313226e+01
1.4520953736e+01 2.4318110790e+01
1.4506629530e+01 2.4360922887e+01
1.4492123531e+01 2.4404403072e+01
1.4477646514e+01 2.4447903483e+01
1.4463198392e+01 2.4491438715e+01
1.4448779078e+01 2.4535003530e+01
1.4434388487e+01 2.4578591702e+01
1.4420026533e+01 2.4622210814e+01
1.4405693130e+01 2.4665859138e+01
1.4391388193e+01 2.4709532741e+01
1.4377111638e+01 2.4753236396e+01
1.4362863380e+01 2.4796968223e+01
1.4348643336e+01 2.4840729293e+01
1.4334451421e+01 2.4884522017e+01
1.4320287551e+01 2.4928330520e+01
1.4306151645e+01 2.4972176518e+01
1.4292043619e+01 2.5016052723e+01
1.4277759534e+01 2.5060581591e+01
1.4263503972e+01 2.5105146590e+01
1.4249276849e+01 2.5149742939e+01
1.4235078079e+01 2.5194364565e+01
1.4220907578e+01 2.5239017644e+01
1.4206765262e+01 2.5283700959e+01
1.4192651045e+01 2.5328405186e+01
1.4178564846e+01 2.5373140216e+01
1.4164506579e+01 2.5417924939e+01
1.4150476164e+01 2.5462698346e+01
1.4136473515e+01 2.5507525207e+01
1.4122498552e+01 2.5552374264e+01
1.4108551193e+01 2.5597257821e+01
1.4094631355e+01 2.5642166334e+01
1.4080540693e+01 2.5687741463e+01
1.4066478176e+01 2.5733351854e+01
1.4052443720e+01 2.5778989830e+01
1.4038437241e+01 2.5824655075e+01
1.4024458656e+01 2.5870350574e+01
1.4010507881e+01 2.5916074454e+01
1.3996584833e+01 2.5961825568e+01
1.3982689430e+01 2.6007611767e+01
1.3968821590e+01 2.6053418824e+01
1.3954981231e+01 2.6099266086e+01
1.3941168270e+01 2.6145130072e+01
1.3927382627e+01 2.6191041196e+01
1.3913624221e+01 2.6236955828e+01
1.3899892971e+01 2.6282914193e+01
1.3885995973e+01 2.6329547808e+01
1.3872126736e+01 2.6376207341e+01
1.3858285176e+01 2.6422900992e+01
1.3844471210e+01 2.6469623839e+01
1.3830684757e+01 2.6516379273e+01
1.3816925734e+01 2.6563158469e+01
1.3803194059e+01 2.6609963432e+01
1.3789489651e+01 2.6656809525e+01
1.3775812429e+01 2.6703672846e+01
1.3762162311e+01 2.6750568119e+01
1.3748539218e+01 2.6797504139e+01
1.3734943069e+01 2.6844460579e+01
1.3721373784e+01 2.6891444256e+01
1.3707831284e+01 2.6938460270e+01
1.3694127958e+01 2.6986166771e+01
1.3680452002e+01 2.7033886485e+01
1.3666803335e+01 2.7081644761e+01
1.3653181874e+01 2.7129452419e+01
1.3639587539e+01 2.7177262173e+01
1.3626020248e+01 2.7225099752e+01
1.3612479922e+01 2.7272978297e+01
1.3598966479e+01 2.7320881430e+01
1.3585479839e+01 2.7368837352e+01
1.3572019924e+01 2.7416791139e+01
1.3558586653e+01 2.7464782682e+01
1.3545179948e+01 2.7512819808e+01
1.3531799729e+01 2.7560870786e+01
1.3518445919e+01 2.7608953242e+01
1.3504936054e+01 2.7657730016e+01
1.3491453164e+01 2.7706536093e+01
1.3477997170e+01 2.7755368479e+01
1.3464567989e+01 2.7804246023e+01
1.3451165543e+01 2.7853135310e+01
1.3437789752e+01 2.7902073721e+01
1.3424440536e+01 2.7951021423e+01
1.3411117817e+01 2.7999999526e+01
1.3397821514e+01 2.8049024886e+01
1.3384551551e+01 2.8098079123e+01
1.3371307848e+01 2.8147149582e+01
1.3358090327e+01 2.8196258422e+01
1.3344898912e+01 2.8245395083e+01
1.3331555793e+01 2.8295229963e+01
1.3318239329e+01 2.8345087072e+01
1.3304949441e+01 2.8394982150e+01
1.3291686050e+01 2.8444904560e+01
1.3278449077e+01 2.8494860778e+01
1.3265238443e+01 2.8544850369e+01
1.3252054068e+01 2.8594861090e+01
1.3238895876e+01 2.8644911119e+01
1.3225763788e+01 2.8694994420e+01
1.3212657726e+01 2.8745100309e+01
1.3199577614e+01 2.8795232129e+01
1.3186523373e+01 2.8845395204e+01
1.3173494928e+01 2.8895614588e+01
1.3160492202e+01 2.8945825966e+01
1.3147342265e+01 2.8996763281e+01
1.3134218580e+01 2.9047729523e+01
1.3121121069e+01 2.9098723824e+01
1.3108049653e+01 2.9149749315e+01
1.3095004256e+01 2.9200790215e+01
1.3081984799e+01 2.9251875816e+01
1.3068991205e+01 2.9302999321e+01
1.3056023396e+01 2.9354140434e+01
1.3043081298e+01 2.9405331090e+01
1.3030164832e+01 2.9456524333e+01
1.3017273922e+01 2.9507766314e+01
1.3004408494e+01 2.9559044831e+01
1.2991568472e+01 2.9610339916e+01
1.2978585334e+01 2.9662366931e+01
1.2965628120e+01 2.9714393981e+01
1.2952696751e+01 2.9766455379e+01
1.2939791152e+01 2.9818558760e+01
1.2926911244e+01 2.9870704375e+01
1.2914056951e+01 2.9922864883e+01
1.2901228197e+01 2.9975074964e+01
1.2888424906e+01 3.0027293121e+01
1.2875647001e+01 3.0079543233e+01
1.2862894408e+01 3.0131838694e+01
1.2850167052e+01 3.0184151691e+01
1.2837464857e+01 3.0236522463e+01
1.2824787750e+01 3.0288905268e+01
1.2811971506e+01 3.0341997371e+01
1.2799180852e+01 3.0395126221e+01
1.2786415712e+01 3.0448274323e+01
1.2773676008e+01 3.0501483967e+01
1.2760961666e+01 3.0554730714e+01
1.2748272609e+01 3.0607942449e+01
1.2735608762e+01 3.0661235354e+01
1.2722970050e+01 3.0714594796e+01
1.2710356398e+01 3.0767907827e+01
1.2697767732e+01 3.0821272494e+01
1.2685203978e+01 3.0874685187e+01
1.2672665061e+01 3.0928127423e+01
1.2660150909e+01 3.0981624482e+01
1.2647501486e+01 3.1035805855e+01
1.2634877315e+01 3.1090012126e+01
1.2622278321e+01 3.1144278446e+01
1.2609704429e+01 3.1198590072e+01
1.2597155562e+01 3.1252911633e+01
1.2584631648e+01 3.1307253518e+01
1.2572132611e+01 3.1361632792e+01
1.2559658377e+01 3.1416058635e+01
1.2547208873e+01 3.1470505527e+01
1.2534784026e+01 3.1525004939e+01
1.2522383761e+01 3.1579475899e+01
1.2510008006e+01 3.1634031648e+01
1.2497500500e+01 3.1689297807e+01
1.2485017978e+01 3.1744604523e+01
1.2472560367e+01 3.1799929368e+01
1.2460127592e+01 3.1855295235e+01
1.2447719578e+01 3.1910691852e+01
1.2435336251e+01 3.1966151531e+01
1.2422977539e+01 3.2021591347e+01
1.2410643368e+01 3.2077085887e+01
1.2398333664e+01 3.2132628334e+01
1.2386048355e+01 3.2188203771e+01
1.2373787369e+01 3.2243759315e+01
1.2361550633e+01 3.2299385086e+01
1.2349338075e+01 3.2355040361e+01
1.2336997422e+01 3.2411437984e+01
1.2324681407e+01 3.2467850670e+01
1.2312389958e+01 3.2524298488e+01
1.2300123001e+01 3.2580764247e+01
1.2287880463e+01 3.2637302130e+01
1.2275662272e+01 3.2693813781e+01
1.2263468354e+01 3.2750410373e+01
1.2251298638e+01 3.2806987954e+01
1.2239153051e+01 3.2863654279e+01
1.2227031521e+01 3.2920321389e+01
1.2214933978e+01 3.2977042646e+01
1.2202860350e+01 3.3033785271e+01
1.2190661953e+01 3.3091267454e+01
1.2178487919e+01 3.3148764399e+01
1.2166338176e+01 3.3206309797e+01
1.2154212650e+01 3.3263868019e+01
1.2142111270e+01 3.3321507812e+01
1.2130033964e+01 3.3379117869e+01
1.2117980660e+01 3.3436847526e+01
1.2105951286e+01 3.3494589769e+01
1.2093945771e+01 3.3552221968e+01
1.2081964044e+01 3.3610016620e+01
1.2070006035e+01 3.3667832769e+01
1.2058071673e+01 3.3725644697e+01
1.2046015780e+01 3.3784227371e+01
1.2033983971e+01 3.3842835787e+01
1.2021976172e+01 3.3901483708e+01
1.2009992314e+01 3.3960151997e+01
1.1998032323e+01 3.4018848938e+01
1.1986096128e+01 3.4077666531e+01
1.1974183660e+01 3.4136422298e+01
1.1962294847e+01 3.4195220318e+01
1.1950429618e+01 3.4254011186e+01
1.1938587904e+01 3.4312904081e+01
1.1926769634e+01 3.4371856235e+01
1.1914974740e+01 3.4430727767e+01
1.1903061467e+01 3.4490411747e+01
1.1891171994e+01 3.4550266017e+01
1.1879306249e+01 3.4609955365e+01
1.1867464160e+01 3.4669686352e+01
1.1855645658e+01 3.4729515166e+01
1.1843850673e+01 3.4789371880e+01
1.1832079133e+01 3.4849240917e+01
1.1820330969e+01 3.4909200203e+01
1.1808606112e+01 3.4969169346e+01
1.1796904492e+01 3.5029100724e+01
1.1785226041e+01 3.5089182230e+01
1.1773570689e+01 3.5149228256e+01
1.1761800026e+01 3.5210094890e+01
1.1750052875e+01 3.5270805554e+01
1.1738329166e+01 3.5331705690e+01
1.1726628829e+01 3.5392550302e+01
1.1714951793e+01 3.5453536455e+01
1.1703297989e+01 3.5514580081e+01
1.1691667349e+01 3.5575461842e+01
1.1680059802e+01 3.5636550453e+01
1.1668475280e+01 3.5697587189e+01
1.1656913716e+01 3.5758753785e+01
1.1645375039e+01 3.5820020637e+01
1.1633859184e+01 3.5881041264e+01
1.1622231003e+01 3.5943011131e+01
1.1610626045e+01 3.6004945442e+01
1.1599044239e+01 3.6066945879e+01
1.1587485516e+01 3.6128978020e+01
1.1575949807e+01 3.6191113647e+01
1.1564437043e+01 3.6253056800e+01
1.1552947157e+01 3.6315393961e+01
1.1541480079e+01 3.6377354709e+01
1.1530035743e+01 3.6439667815e+01
1.1518614080e+01 3.6501828306e+01
1.1507215024e+01 3.6564080973e+01
1.1495838506e+01 3.6626407746e+01
1.1484352570e+01 3.6689396275e+01
1.1472889562e+01 3.6752516365e+01
1.1461449415e+01 3.6815695286e+01
1.1450032060e+01 3.6878903390e+01
1.1438637430e+01 3.6942081346e+01
1.1427265455e+01 3.7005221169e+01
1.1415916070e+01 3.7068517409e+01
1.1404589207e+01 3.7131854699e+01
1.1393284798e+01 3.7195075340e+01
1.1382002777e+01 3.7258468280e+01
1.1370743078e+01 3.7321901876e+01
1.1359376597e+01 3.7385977857e+01
1.1348032819e+01 3.7450350233e+01
1.1336711673e+01 3.7514522503e+01
1.1325413094e+01 3.7578730841e+01
1.1314137014e+01 3.7643111868e+01
1.1302883366e+01 3.7707319585e+01
1.1291652082e+01 3.7771716450e+01
1.1280443096e+01 3.7836129278e+01
1.1269256342e+01 3.7900719168e+01
1.1258091753e+01 3.7965156722e+01
1.1246949265e+01 3.8029516754e+01
1.1235702568e+01 3.8094808203e+01
1.1224478342e+01 3.8160258981e+01
1.1213276519e+01 3.8225548008e+01
1.1202097033e+01 3.8291157677e+01
1.1190939815e+01 3.8356369549e+01
1.1179804801e+01 3.8421807088e+01
1.1168691923e+01 3.8487241487e+01
1.1157601116e+01 3.8552733838e+01
1.1146532314e+01 3.8618355195e+01
1.1135485451e+01 3.8683973895e+01
1.1124460464e+01 3.8749459280e+01
1.1113457285e+01 3.8815050016e+01
1.1102352589e+01 3.8881627033e+01
1.1091270061e+01 3.8947951162e+01
1.1080209638e+01 3.9014718508e+01
1.1069171251e+01 3.9081060564e+01
1.1058154836e+01 3.9147749504e+01
1.1047160327e+01 3.9214340467e+01
1.1036187659e+01 3.9280904320e+01
1.1025236767e+01 3.9347618349e+01
1.1014307586e+01 3.9414171389e+01
1.1003400051e+01 3.9481016871e+01
1.0992514098e+01 3.9547824668e+01
1.0981529068e+01 3.9615210166e+01
1.0970565971e+01 3.9683038687e+01
1.0959624742e+01 3.9750517610e+01
1.0948705316e+01 3.9818095748e+01
1.0937807626e+01 3.9885824699e+01
1.0926931608e+01 3.9953531577e+01
1.0916077198e+01 4.0021351348e+01
1.0905244332e+01 4.0089356758e+01
1.0894432945e+01 4.0156868386e+01
1.0883642973e+01 4.0224810950e+01
1.0872874353e+01 4.0292681487e+01
1.0862009037e+01 4.0361352721e+01
1.0851165415e+01 4.0430063320e+01
1.0840343422e+01 4.0498851989e+01
1.0829542993e+01 4.0567585477e+01
1.0818764064e+01 4.0636414531e+01
1.0808006571e+01 4.0705263393e+01
1.0797270450e+01 4.0774165433e+01
1.0786555637e+01 4.0843122348e+01
1.0775862069e+01 4.0912130794e+01
1.0765189683e+01 4.0981085690e+01
1.0754538415e+01 4.1050102816e+01
1.0743792774e+01 4.1120029633e+01
1.0733068584e+01 4.1189959640e+01
1.0722365783e+01 4.1259803382e+01
1.0711684305e+01 4.1329689740e+01
1.0701024088e+01 4.1399703068e+01
1.0690385068e+01 4.1469648403e+01
1.0679767181e+01 4.1539634495e+01
1.0669170365e+01 4.1609618589e+01
1.0658594558e+01 4.1679754366e+01
1.0648039696e+01 4.1749889287e+01
1.0637392562e+01 4.1820755974e+01
1.0626766700e+01 4.1891746653e+01
1.0616162045e+01 4.1962881480e+01
1.0605578534e+01 4.2033748526e+01
1.0595016104e+01 4.2104821344e+01
1.0584474693e+01 4.2176127969e+01
1.0573954236e+01 4.2247076926e+01
1.0563454672e+01 4.2318304692e+01
1.0552975939e+01 4.2389577816e+01
1.0542517975e+01 4.2460940902e+01
1.0532080718e+01 4.2532006547e+01
1.0521553402e+01 4.2604162155e+01
1.0511047111e+01 4.2676137184e+01
1.0500561780e+01 4.2748381366e+01
1.0490097348e+01 4.2820509405e+01
1.0479653752e+01 4.2892727339e+01
1.0469230930e+01 4.2965044126e+01
1.0458828820e+01 4.3037410535e+01
1.0448447361e+01 4.3109594349e+01
1.0438086490e+01 4.3181976220e+01
1.0427746147e+01 4.3254464226e+01
1.0417426271e+01 4.3326860043e+01
1.0407018493e+01 4.3400008713e+01
1.0396631491e+01 4.3473487588e+01
1.0386265203e+01 4.3546777745e+01
1.0375919566e+01 4.3619869650e+01
1.0365594519e+01 4.3693193617e+01
1.0355290000e+01 4.3766604508e+01
1.0345005948e+01 4.3840104346e+01
1.0334742303e+01 4.3913627575e+01
1.0324499004e+01 4.3987213979e+01
1.0314275989e+01 4.4060639642e+01
1.0303967027e+01 4.4135147994e+01
1.0293678652e+01 4.4209489457e+01
1.0283410802e+01 4.4283810315e+01
1.0273163415e+01 4.4358476600e+01
1.0262936431e+01 4.4432768366e+01
1.0252729789e+01 4.4507455635e+01
1.0242543428e+01 4.4581876414e+01
1.0232377288e+01 4.4656469428e+01
1.0222231309e+01 4.4731061075e+01
1.0212105430e+01 4.4805930556e+01
1.0201895512e+01 4.4881269985e+01
1.0191705990e+01 4.4956792492e+01
1.0181536801e+01 4.5032400092e+01
1.0171387886e+01 4.5107769465e+01
1.0161259183e+01 4.5183477944e+01
1.0151150633e+01 4.5259216652e+01
1.0141062175e+01 4.5334880845e+01
1.0130993749e+01 4.5410501358e+01
1.0120945296e+01 4.5486377567e+01
1.0110916757e+01 4.5562083019e+01
1.0100806044e+01 4.5638913984e+01
1.0090715533e+01 4.5715266611e+01
1.0080645161e+01 4.5792186450e+01
1.0070594870e+01 4.5868675397e+01
1.0060564599e+01 4.5945458556e+01
1.0050554288e+01 4.6022355976e+01
1.0040563878e+01 4.6099091509e+01
1.0030593310e+01 4.6176056039e+01
1.0020642524e+01 4.6252858366e+01
1.0010711461e+01 4.6329796402e+01
1.0000800064e+01 4.6406739145e+01
9.9908084562e+00 4.6484695242e+01
9.9808367934e+00 4.6562263714e+01
9.9708850158e+00 4.6640124418e+01
9.9609530640e+00 4.6718104585e+01
9.9510408789e+00 4.6795994443e+01
9.9411484015e+00 4.6873978810e+01
9.9312755730e+00 4.6951886747e+01
9.9214223351e+00 4.7030114357e+01
9.9115886294e+00 4.7107935668e+01
9.9017743980e+00 4.7186064042e+01
9.8918817327e+00 4.7264958609e+01
9.8820088148e+00 4.7344024442e+01
9.8721555852e+00 4.7423029961e+01
9.8623219851e+00 4.7502068567e+01
9.8525079559e+00 4.7581111007e+01
9.8427134392e+00 4.7660219191e+01
9.8329383770e+00 4.7739205653e+01
9.8231827112e+00 4.7818524547e+01
9.8134463842e+00 4.7897597669e+01
9.8036332265e+00 4.7978005296e+01
9.7938396748e+00 4.8057733086e+01
9.7840656706e+00 4.8137866918e+01
9.7743111554e+00 4.8217904213e+01
9.7645760709e+00 4.8298110838e+01
9.7548603592e+00 4.8378550529e+01
9.7451639624e+00 4.8458500275e+01
9.7354868230e+00 4.8538826091e+01
9.7258288838e+00 4.8619261200e+01
9.7161900875e+00 4.8699847539e+01
9.7064761609e+00 4.8780730014e+01
9.6967816382e+00 4.8861802845e+01
9.6871064613e+00 4.8943060761e+01
9.6774505724e+00 4.9024358209e+01
9.6678139139e+00 4.9105617003e+01
9.6581964284e+00 4.9187176918e+01
9.6485980587e+00 4.9268397863e+01
9.6390187479e+00 4.9350042814e+01
9.6294584393e+00 4.9431275354e+01
9.6199170763e+00 4.9512870381e+01
9.6103022440e+00 4.9595171894e+01
9.6007066120e+00 4.9677455091e+01
9.5911301229e+00 4.9760043089e+01
9.5815727193e+00 4.9842244720e+01
9.5720343445e+00 4.9924688441e+01
9.5625149414e+00 5.0007310078e+01
9.5530144537e+00 5.0090199185e+01
9.5435328250e+00 5.0172399587e+01
9.5340699991e+00 5.0255115033e+01
9.5246259203e+00 5.0337595516e+01
9.5151099947e+00 5.0421010678e+01
9.5056130645e+00 5.0504638486e+01
9.4961350730e+00 5.0588046102e+01
9.4866759636e+00 5.0672086761e+01
9.4772356799e+00 5.0755373954e+01
9.4678141657e+00 5.0839085555e+01
9.4584113652e+00 5.0922680347e+01
9.4490272226e+00 5.1006394686e+01
9.4396616825e+00 5.1090178765e+01
9.4302257596e+00 5.1174747368e+01
9.4208086822e+00 5.1259261164e+01
9.4114103940e+00 5.1343938899e+01
9.4020308387e+00 5.1428711296e+01
9.3926699604e+00 5.1513424701e+01
9.3833277033e+00 5.1598419524e+01
9.3740040121e+00 5.1682926111e+01
9.3646988313e+00 5.1768232194e+01
9.3554121059e+00 5.1852854720e+01
9.3461437811e+00 5.1937740801e+01
9.3368066254e+00 5.2023359838e+01
9.3274881075e+00 5.2109132283e+01
9.3181881715e+00 5.2194967415e+01
9.3089067620e+00 5.2280895947e+01
9.2996438236e+00 5.2366826777e+01
9.2903993014e+00 5.2452651655e+01
9.2811731403e+00 5.2538939162e+01
9.2719652858e+00 5.2624762120e+01
9.2627756834e+00 5.2710582154e+01
9.2535186505e+00 5.2797469427e+01
9.2442801017e+00 5.2884418974e+01
9.2350599817e+00 5.2971340451e+01
9.2258582355e+00 5.3058317828e+01
9.2166748081e+00 5.3145307151e+01
9.2075096449e+00 5.3232525710e+01
9.1983626914e+00 5.3319487350e+01
9.1892338936e+00 5.3406650581e+01
9.1801231973e+00 5.3493919979e+01
9.1709464417e+00 5.3581846710e+01
9.1617880145e+00 5.3669797135e+01
9.1526478610e+00 5.3757969382e+01
9.1435259265e+00 5.3846191109e+01
9.1344221565e+00 5.3934124590e+01
9.1253364968e+00 5.4022286862e+01
9.1162688935e+00 5.4110604366e+01
9.1072192927e+00 5.4198697842e+01
9.0981876410e+00 5.4287098282e+01
9.0890912727e+00 5.4376163522e+01
9.0800130752e+00 5.4465313969e+01
9.0709529943e+00 5.4554949407e+01
9.0619109758e+00 5.4643749141e+01
9.0528869657e+00 5.4733126166e+01
9.0438809102e+00 5.4822387252e+01
9.0348927558e+00 5.4911733594e+01
9.0259224493e+00 5.5001010446e+01
9.0169699374e+00 5.5090412678e+01
9.0079540234e+00 5.5180710664e+01
8.9989561211e+00 5.5270980579e+01
8.9899761766e+00 5.5361526567e+01
8.9810141361e+00 5.5452691678e+01
8.9720699463e+00 5.5542193858e+01
8.9631435537e+00 5.5632644828e+01
8.9542349054e+00 5.5723315752e+01
8.9453439485e+00 5.5813454692e+01
8.9364706303e+00 5.5904831096e+01
8.9275351968e+00 5.5995562598e+01
8.9186176143e+00 5.6088765933e+01
8.9097178292e+00 5.6178525027e+01
8.9008357885e+00 5.6269832451e+01
8.8919714390e+00 5.6361478912e+01
8.8831247280e+00 5.6452875832e+01
8.8742956028e+00 5.6545160408e+01
8.8654840111e+00 5.6637055707e+01
8.8566899007e+00 5.6728982278e+01
8.8478349348e+00 5.6820762129e+01
8.8389976577e+00 5.6913163083e+01
8.8301780164e+00 5.7005432053e+01
8.8213759582e+00 5.7098117753e+01
8.8125914306e+00 5.7190854284e+01
8.8038243813e+00 5.7283531364e+01
8.7950747581e+00 5.7376235373e+01
8.7863425092e+00 5.7469098243e+01
8.7776275828e+00 5.7561770026e+01
8.7688530340e+00 5.7655373876e+01
8.7600960107e+00 5.7749060961e+01
8.7513564603e+00 5.7845203389e+01
8.7426343306e+00 5.7936622516e+01
8.7339295696e+00 5.8030340962e+01
8.7252421255e+00 5.8124468572e+01
8.7165719466e+00 5.8218291285e+01
8.7079189815e+00 5.8311997642e+01
8.6992831791e+00 5.8406218815e+01
8.6905889612e+00 5.8501352965e+01
8.6819121043e+00 5.8595501732e+01
8.6732525564e+00 5.8690359497e+01
8.6646102658e+00 5.8785322776e+01
8.6559851810e+00 5.8880344903e+01
8.6473772505e+00 5.8975702423e+01
8.6387864233e+00 5.9070730681e+01
8.6302126484e+00 5.9168596936e+01
8.6216558752e+00 5.9260330050e+01
8.6130418680e+00 5.9356434100e+01
8.6044450563e+00 5.9452168378e+01
8.5958653887e+00 5.9548331299e+01
8.5873028141e+00 5.9644212477e+01
8.5787572812e+00 5.9740198356e+01
8.5702287394e+00 5.9836413743e+01
8.5617171380e+00 5.9932905945e+01
8.5532224265e+00 6.0028581447e+01
8.5446715428e+00 6.0125654037e+01
8.5361377391e+00 6.0222691351e+01
8.5276209643e+00 6.0320296273e+01
8.5191211675e+00 6.0417333219e+01
8.5106382979e+00 6.0514586011e+01
8.5021723050e+00 6.0611415904e+01
8.4937231386e+00 6.0708605245e+01
8.4852907485e+00 6.0805765904e+01
8.4768750848e+00 6.0903181076e+01
8.4684043832e+00 6.1001595107e+01
8.4599505939e+00 6.1099670079e+01
8.4515136661e+00 6.1197737604e+01
8.4430935495e+00 6.1295897142e+01
8.4346901938e+00 6.1394546950e+01
8.4263035492e+00 6.1492701950e+01
8.4179335657e+00 6.1590911672e+01
8.4095801938e+00 6.1689294699e+01
8.4011728037e+00 6.1789175712e+01
8.3927822073e+00 6.1888124229e+01
8.3844083542e+00 6.1987741810e+01
8.3760511944e+00 6.2087348269e+01
8.3677106780e+00 6.2186351747e+01
8.3593867554e+00 6.2285460936e+01
8.3510793770e+00 6.2385799734e+01
8.3427884936e+00 6.2486980272e+01
8.3345140562e+00 6.2583953697e+01
8.3261866898e+00 6.2684264480e+01
8.3178759472e+00 6.2784677307e+01
8.3095817787e+00 6.2885156887e+01
8.3013041349e+00 6.2985888330e+01
8.2930429663e+00 6.3086344026e+01
8.2847982237e+00 6.3186735129e+01
8.2765698584e+00 6.3287376507e+01
8.2683578215e+00 6.3388347788e+01
8.2600938347e+00 6.3489493972e+01
8.2518463506e+00 6.3591009357e+01
8.2436153199e+00 6.3692827634e+01
8.2354006934e+00 6.3794176987e+01
8.2272024221e+00 6.3895889017e+01
8.2190204571e+00 6.3997784504e+01
8.2108547500e+00 6.4099187218e+01
8.2027052522e+00 6.4201083169e+01
8.1945047651e+00 6.4303473952e+01
8.1863206582e+00 6.4406886864e+01
8.1781528824e+00 6.4508841603e+01
8.1700013889e+00 6.4611516459e+01
8.1618661291e+00 6.4714259811e+01
8.1537470545e+00 6.4817079672e+01
8.1456441168e+00 6.4921444350e+01
8.1375572681e+00 6.5022667399e+01
8.1294203723e+00 6.5126594742e+01
8.1212997328e+00 6.5230063738e+01
8.1131953008e+00 6.5334064086e+01
8.1051070279e+00 6.5437573301e+01
8.0970348658e+00 6.5541510017e+01
8.0889787664e+00 6.5645995500e+01
8.0809386818e+00 6.5749154775e+01
8.0729145643e+00 6.5853688198e+01
8.0649063664e+00 6.5957205050e+01
8.0568491274e+00 6.6062105470e+01
8.0488079715e+00 6.6166872748e+01
8.0407828506e+00 6.6272158086e+01
8.0327737168e+00 6.6377015766e+01
8.0247805223e+00 6.6481759067e+01
8.0168032195e+00 6.6586514730e+01
8.0088417613e+00 6.6693114811e+01
8.0008961004e+00 6.6796588785e+01
7.9929023028e+00 6.6902829757e+01
7.9849244626e+00 6.7008453343e+01
7.9769625322e+00 6.7117243037e+01
7.9690164640e+00 6.7220532774e+01
7.9610862106e+00 6.7326940200e+01
7.9531717249e+00 6.7432738811e+01
7.9452729599e+00 6.7538730781e+01
7.9373898687e+00 6.7645993656e+01
7.9294595280e+00 6.7753750574e+01
7.9215450181e+00 6.7861651865e+01
7.9136462917e+00 6.7966050994e+01
7.9057633014e+00 6.8073265359e+01
7.8978960005e+00 6.8180435530e+01
7.8900443420e+00 6.8287879913e+01
7.8822082795e+00 6.8394912203e+01
7.8743877664e+00 6.8502997222e+01
7.8665208738e+00 6.8610542749e+01
7.8586696844e+00 6.8720280519e+01
7.8508341511e+00 6.8826565477e+01
7.8430142272e+00 6.8935863074e+01
7.8352098661e+00 6.9043063371e+01
7.8274210213e+00 6.9152491744e+01
7.8196476467e+00 6.9261098391e+01
7.8118286710e+00 6.9369617941e+01
7.8040253163e+00 6.9477903196e+01
7.7962375358e+00 6.9587382697e+01
7.7884652829e+00 6.9697722782e+01
7.7807085113e+00 6.9805956545e+01
7.7729671748e+00 6.9914976886e+01
7.7652412272e+00 7.0024582873e+01
7.7575306229e+00 7.0135121571e+01
7.7497752565e+00 7.0244294331e+01
7.7420353811e+00 7.0355506246e+01
7.7343109502e+00 7.0464601532e+01
7.7266019177e+00 7.0575119064e+01
7.7189082376e+00 7.0685353588e+01
7.7112298641e+00 7.0796465146e+01
7.7035667514e+00 7.0906915271e+01
7.6959188542e+00 7.1016796350e+01
7.6882270180e+00 7.1128097588e+01
7.6805505419e+00 7.1239508923e+01
7.6728893800e+00 7.1351161568e+01
7.6652434865e+00 7.1462348671e+01
7.6576128158e+00 7.1573964664e+01
7.6499973225e+00 7.1685401202e+01
7.6423969614e+00 7.1796852362e+01
7.6348116874e+00 7.1908982372e+01
7.6271832812e+00 7.2021300199e+01
7.6195701039e+00 7.2133344160e+01
7.6119721097e+00 7.2245883429e+01
7.6043892535e+00 7.2358916909e+01
7.5968214899e+00 7.2471848291e+01
7.5892687740e+00 7.2583847324e+01
7.5817310608e+00 7.2697241816e+01
7.5741509377e+00 7.2810518618e+01
7.5665859564e+00 7.2923398678e+01
7.5590360717e+00 7.3037630118e+01
7.5515012384e+00 7.3151215162e+01
7.5439814116e+00 7.3264052772e+01
7.5364765465e+00 7.3377694696e+01
7.5289865984e+00 7.3491615252e+01
7.5215115230e+00 7.3605010927e+01
7.5139948153e+00 7.3719577464e+01
7.5064931165e+00 7.3834799661e+01
7.4990063817e+00 7.3949053431e+01
7.4915345659e+00 7.4063499250e+01
7.4840776249e+00 7.4178737819e+01
7.4766355140e+00 7.4293079585e+01
7.4692081892e+00 7.4407629820e+01
7.4617399285e+00 7.4523248778e+01
7.4542865875e+00 7.4638917524e+01
7.4468481215e+00 7.4755632387e+01
7.4394244861e+00 7.4870349745e+01
7.4320156370e+00 7.4986068038e+01
7.4246215299e+00 7.5102333538e+01
7.4172421210e+00 7.5217688459e+01
7.4098773665e+00 7.5333552098e+01
7.4024724258e+00 7.5450349229e+01
7.3950822703e+00 7.5569897610e+01
7.3877068558e+00 7.5686308817e+01
7.3803461382e+00 7.5801203488e+01
7.3730000737e+00 7.5917327567e+01
7.3656686186e+00 7.6034340709e+01
7.3583517292e+00 7.6151065711e+01
7.3509953248e+00 7.6269911140e+01
7.3436536145e+00 7.6386593809e+01
7.3363265546e+00 7.6504511934e+01
7.3290141010e+00 7.6622409553e+01
7.3217162103e+00 7.6740091964e+01
7.3144328389e+00 7.6857903424e+01
7.3071639435e+00 7.6976166140e+01
7.2999094811e+00 7.7093952803e+01
7.2926162261e+00 7.7212558151e+01
7.2853375297e+00 7.7332197826e+01
7.2780733484e+00 7.7450264347e+01
7.2708236389e+00 7.7569163864e+01
7.2635883579e+00 7.7688205014e+01
7.2563674624e+00 7.7807016177e+01
7.2491609096e+00 7.7927186505e+01
7.2419162110e+00 7.8046714431e+01
7.2346859785e+00 7.8165953928e+01
7.2274701686e+00 7.8286542999e+01
7.2202687384e+00 7.8406368041e+01
7.2130816449e+00 7.8525623174e+01
7.2059088453e+00 7.8645608586e+01
7.1987502969e+00 7.8765634622e+01
7.1915542387e+00 7.8886471652e+01
7.1843725528e+00 7.9007630759e+01
7.1772051963e+00 7.9128278335e+01
7.1700521263e+00 7.9249392255e+01
7.1629133001e+00 7.9371127648e+01
7.1557886752e+00 7.9491605195e+01
7.1486782094e+00 7.9614315488e+01
7.1415308586e+00 7.9734196654e+01
7.1343977855e+00 7.9859186708e+01
7.1272789474e+00 7.9978172541e+01
7.1201743019e+00 8.0100137518e+01
7.1130838064e+00 8.0222119697e+01
7.1060074187e+00 8.0345750900e+01
7.0989450968e+00 8.0466368894e+01
7.0918465041e+00 8.0589899308e+01
7.0847620937e+00 8.0712543474e+01
7.0776918231e+00 8.0835400726e+01
7.0706356501e+00 8.0960037636e+01
7.0635935326e+00 8.1081211439e+01
7.0565654285e+00 8.1204803105e+01
7.0495512961e+00 8.1327659880e+01
7.0425510937e+00 8.1450657447e+01
7.0355152811e+00 8.1575226712e+01
7.0284935127e+00 8.1700163816e+01
7.0214857464e+00 8.1822524329e+01
7.0144919403e+00 8.1946757668e+01
7.0075120529e+00 8.2070704756e+01
7.0005460426e+00 8.2194870467e+01
6.9935938680e+00 8.2319417272e+01
6.9866066750e+00 8.2444013681e+01
6.9796334297e+00 8.2569109131e+01
6.9726740902e+00 8.2695717785e+01
6.9657286152e+00 8.2819156714e+01
6.9587969632e+00 8.2944191209e+01
6.9518790929e+00 8.3069756213e+01
6.9449749634e+00 8.3194764045e+01
6.9380363969e+00 8.3320572370e+01
6.9311116810e+00 8.3446957628e+01
6.9242007741e+00 8.3573591488e+01
6.9173036350e+00 8.3699657954e+01
6.9104202227e+00 8.3825208000e+01
6.9035504960e+00 8.3951744798e+01
6.8966944144e+00 8.4077153728e+01
6.8898044673e+00 8.4204225845e+01
6.8829282730e+00 8.4331205769e+01
6.8760657902e+00 8.4460647192e+01
6.8692169780e+00 8.4585918747e+01
6.8623817955e+00 8.4712555879e+01
6.8555602021e+00 8.4839649143e+01
6.8487052523e+00 8.4967956834e+01
6.8418639974e+00 8.5097130639e+01
6.8350363966e+00 8.5223856164e+01
6.8282224089e+00 8.5352014868e+01
6.8214219936e+00 8.5480024150e+01
6.8146351104e+00 8.5609272814e+01
6.8078617187e+00 8.5736323190e+01
6.8010555238e+00 8.5865377152e+01
6.7942629244e+00 8.5994432604e+01
6.7874838797e+00 8.6123523713e+01
6.7807183493e+00 8.6252477926e+01
6.7739662927e+00 8.6381563941e+01
6.7672276698e+00 8.6511075287e+01
6.7605024405e+00 8.6640076645e+01
6.7537449516e+00 8.6769950454e+01
6.7470009581e+00 8.6900182106e+01
6.7402704196e+00 8.7029836855e+01
6.7335532961e+00 8.7159918537e+01
6.7268495473e+00 8.7290430802e+01
6.7201591334e+00 8.7421209766e+01
6.7134820146e+00 8.7550248773e+01
6.7067731702e+00 8.7681382782e+01
6.7000777209e+00 8.7814392561e+01
6.6933956265e+00 8.7943429364e+01
6.6867268472e+00 8.8074351722e+01
6.6800713432e+00 8.8205923638e+01
6.6734290748e+00 8.8336530128e+01
6.6668000027e+00 8.8467987250e+01
6.6601397297e+00 8.8599850740e+01
6.6534927510e+00 8.8732666597e+01
6.6468590268e+00 8.8865788972e+01
6.6402385174e+00 8.8996268925e+01
6.6336311834e+00 8.9127744656e+01
6.6270369855e+00 8.9259857895e+01
6.6204120544e+00 8.9392746262e+01
6.6138003558e+00 8.9526556621e+01
6.6072018500e+00 8.9658833337e+01
6.6006164976e+00 8.9791800002e+01
6.5940442592e+00 8.9926185091e+01
6.5874850958e+00 9.0058714948e+01
6.5809389684e+00 9.0193932436e+01
6.5743626155e+00 9.0325882347e+01
6.5677993931e+00 9.0458818869e+01
6.5612492619e+00 9.0596324909e+01
6.5547121826e+00 9.0726610975e+01
6.5481881163e+00 9.0860670468e+01
6.5416770243e+00 9.0994547441e+01
6.5351361596e+00 9.1129549664e+01
6.5286083618e+00 9.1265693066e+01
6.5220935920e+00 9.1400655691e+01
6.5155918112e+00 9.1534221400e+01
6.5091029805e+00 9.1669421462e+01
6.5026270613e+00 9.1804591433e+01
6.4961640151e+00 9.1939092896e+01
6.4896716875e+00 9.2074897241e+01
6.4831923239e+00 9.2210655278e+01
6.4767258855e+00 9.2346979994e+01
6.4702723338e+00 9.2484519019e+01
6.4638316301e+00 9.2619102049e+01
6.4574037363e+00 9.2754170128e+01
6.4509469990e+00 9.2890976148e+01
6.4445031610e+00 9.3028583910e+01
6.4380721837e+00 9.3164615229e+01
6.4316540285e+00 9.3301605795e+01
6.4252486571e+00 9.3438893502e+01
6.4188560315e+00 9.3576235387e+01
6.4124761135e+00 9.3712102866e+01
6.4060678274e+00 9.3854279275e+01
6.3996723368e+00 9.3987586687e+01
6.3932896032e+00 9.4125791686e+01
6.3869195887e+00 9.4262987319e+01
6.3805622551e+00 9.4402733776e+01
6.3742175648e+00 9.4538758862e+01
6.3678449302e+00 9.4678475271e+01
6.3614850251e+00 9.4817063673e+01
6.3551378112e+00 9.4955642807e+01
6.3488032506e+00 9.5094143908e+01
6.3424813055e+00 9.5232300400e+01
6.3361719384e+00 9.5372839534e+01
6.3298751116e+00 9.5509767688e+01
6.3235508002e+00 9.5648911973e+01
6.3172391138e+00 9.5791749500e+01
6.3109400145e+00 9.5933769991e+01
6.3046534647e+00 9.6069058039e+01
6.2983794270e+00 9.6211769234e+01
6.2921178640e+00 9.6347216195e+01
6.2858292266e+00 9.6488011329e+01
6.2795531470e+00 9.6628090130e+01
6.2732895876e+00 9.6768755825e+01
6.2670385110e+00 9.6909670682e+01
6.2607998798e+00 9.7051504870e+01
6.2545736570e+00 9.7191277223e+01
6.2483207638e+00 9.7332106047e+01
6.2420803605e+00 9.7473229374e+01
6.2358524098e+00 9.7614747442e+01
6.2296368745e+00 9.7756850367e+01
6.2234337173e+00 9.7899379297e+01
6.2172429015e+00 9.8041455223e+01
6.2110258130e+00 9.8188413857e+01
6.2048211460e+00 9.8324202244e+01
6.1986288633e+00 9.8466054166e+01
6.1924489278e+00 9.8608765018e+01
6.1862813026e+00 9.8751608479e+01
6.1801259510e+00 9.8893329661e+01
6.1739828363e+00 9.9035167236e+01
6.1678138800e+00 9.9184247671e+01
6.1616572393e+00 9.9322629728e+01
6.1555128773e+00 9.9466779735e+01
6.1493807574e+00 9.9608095911e+01
6.1432608429e+00 9.9751331947e+01
6.1371530974e+00 9.9894188062e+01
6.1310198952e+00 1.0003950575e+02
6.1248989392e+00 1.0018410339e+02
6.1187901928e+00 1.0032855470e+02
6.1126936196e+00 1.0047093458e+02
6.1066091831e+00 1.0061510543e+02
6.1005368472e+00 1.0075943353e+02
6.0944394335e+00 1.0090543169e+02
6.0883541961e+00 1.0104971050e+02
6.0822810987e+00 1.0119449750e+02
6.0762201050e+00 1.0133893668e+02
6.0701711788e+00 1.0148376204e+02
6.0641342842e+00 1.0162891310e+02
6.0580726848e+00 1.0177471927e+02
6.0520231914e+00 1.0192153342e+02
6.0459857677e+00 1.0206655765e+02
6.0399603779e+00 1.0221273514e+02
6.0339469857e+00 1.0235818448e+02
6.0279455556e+00 1.0250403375e+02
6.0219197880e+00 1.0265089099e+02
6.0159060556e+00 1.0279781473e+02
6.0099043223e+00 1.0294701429e+02
6.0039145523e+00 1.0309127911e+02
5.9979367098e+00 1.0323771487e+02
5.9919707592e+00 1.0338701465e+02
5.9859808329e+00 1.0353419781e+02
5.9800028704e+00 1.0368024513e+02
5.9740368359e+00 1.0383601591e+02
5.9680826938e+00 1.0397717915e+02
5.9621404084e+00 1.0412239357e+02
5.9562099445e+00 1.0427010901e+02
5.9502558610e+00 1.0441940095e+02
5.9443136695e+00 1.0456952723e+02
5.9383833345e+00 1.0471673131e+02
5.9324648205e+00 1.0486399986e+02
5.9265580921e+00 1.0501301197e+02
5.9206631143e+00 1.0516277238e+02
5.9147448675e+00 1.0531010348e+02
5.9088384405e+00 1.0546018788e+02
5.9029437981e+00 1.0560865586e+02
5.8970609048e+00 1.0575803504e+02
5.8911897258e+00 1.0590848019e+02
5.8853302259e+00 1.0605635993e+02
5.8794478023e+00 1.0620732566e+02
5.8735771259e+00 1.0636221448e+02
5.8677181618e+00 1.0650745119e+02
5.8618708747e+00 1.0665758385e+02
5.8560352299e+00 1.0680832339e+02
5.8502111926e+00 1.0695703053e+02
5.8443645715e+00 1.0710961466e+02
5.8385296247e+00 1.0726240810e+02
5.8327063174e+00 1.0741261285e+02
5.8268946148e+00 1.0756893047e+02
5.8210944822e+00 1.0771206381e+02
5.8153058851e+00 1.0786474279e+02
5.8094950387e+00 1.0801458732e+02
5.8036957935e+00 1.0816629309e+02
5.7979081148e+00 1.0831810042e+02
5.7921319679e+00 1.0846986271e+02
5.7863673186e+00 1.0862408492e+02
5.7806141324e+00 1.0877367503e+02
5.7748390264e+00 1.0892595619e+02
5.7690754480e+00 1.0907846813e+02
5.7633233628e+00 1.0923152118e+02
5.7575827365e+00 1.0938379168e+02
5.7518535348e+00 1.0953725404e+02
5.7461027058e+00 1.0968977964e+02
5.7403633650e+00 1.0984349301e+02
5.7346354779e+00 1.0999645202e+02
5.7289190103e+00 1.1015054030e+02
5.7232139280e+00 1.1030376868e+02
5.7175201971e+00 1.1045915503e+02
5.7118051589e+00 1.1061283111e+02
5.7061015344e+00 1.1076637466e+02
5.7004092894e+00 1.1092389688e+02
5.6947283899e+00 1.1107478548e+02
5.6890588021e+00 1.1122745041e+02
5.6834004922e+00 1.1138172285e+02
5.6777211898e+00 1.1153922967e+02
5.6720532265e+00 1.1169443667e+02
5.6663965684e+00 1.1184904865e+02
5.6607511817e+00 1.1200489243e+02
5.6551170326e+00 1.1215630876e+02
5.6494621712e+00 1.1231226047e+02
5.6438186077e+00 1.1247313408e+02
5.6381863082e+00 1.1262460419e+02
5.6325652392e+00 1.1278270491e+02
5.6269553670e+00 1.1293702268e+02
5.6213566582e+00 1.1309197267e+02
5.6157375429e+00 1.1324928338e+02
5.6101296501e+00 1.1340560400e+02
5.6045329462e+00 1.1356083702e+02
5.5989473979e+00 1.1372228322e+02
5.5933729717e+00 1.1387351511e+02
5.5878096345e+00 1.1403027675e+02
5.5822261918e+00 1.1418717057e+02
5.5766538961e+00 1.1434628779e+02
5.5710927141e+00 1.1450205145e+02
5.5655426126e+00 1.1466326665e+02
5.5600035584e+00 1.1481710600e+02
5.5544446666e+00 1.1497531665e+02
5.5488968793e+00 1.1513236680e+02
5.5433601632e+00 1.1529129380e+02
5.5378344852e+00 1.1544952389e+02
5.5323198123e+00 1.1560871361e+02
5.5268161118e+00 1.1576605924e+02
5.5212928659e+00 1.1592487190e+02
5.5157806484e+00 1.1608250862e+02
5.5102794263e+00 1.1624201073e+02
5.5047891666e+00 1.1639978083e+02
5.4993098366e+00 1.1655820154e+02
5.4938112217e+00 1.1671860117e+02
5.4883235916e+00 1.1687782943e+02
5.4828469134e+00 1.1703778516e+02
5.4773811545e+00 1.1719698510e+02
5.4719262822e+00 1.1735640788e+02
5.4664822640e+00 1.1751602495e+02
5.4610192446e+00 1.1767566631e+02
5.4555671335e+00 1.1783630236e+02
5.4501258979e+00 1.1799669245e+02
5.4446955054e+00 1.1815768696e+02
5.4392759236e+00 1.1831872881e+02
5.4338375935e+00 1.1847758474e+02
5.4284101272e+00 1.1863841592e+02
5.4229934924e+00 1.1880039472e+02
5.4175876566e+00 1.1896039225e+02
5.4121925875e+00 1.1912139316e+02
5.4068082530e+00 1.1928234045e+02
5.4014054457e+00 1.1944492464e+02
5.3960134253e+00 1.1960680203e+02
5.3906321594e+00 1.1976809685e+02
5.3852616160e+00 1.1992880016e+02
5.3799017630e+00 1.2009037737e+02
5.3745236828e+00 1.2025394489e+02
5.3691563445e+00 1.2041523330e+02
5.3637997157e+00 1.2057926463e+02
5.3584537646e+00 1.2074066871e+02
5.3531184592e+00 1.2090382896e+02
5.3477937677e+00 1.2106562965e+02
5.3424511166e+00 1.2122840373e+02
5.3371191298e+00 1.2139230242e+02
5.3317977756e+00 1.2155620655e+02
5.3264870220e+00 1.2171861008e+02
5.3211868375e+00 1.2187976958e+02
5.3158689319e+00 1.2204514794e+02
5.3105616450e+00 1.2220874751e+02
5.3052649449e+00 1.2237182564e+02
5.2999788001e+00 1.2253642140e+02
5.2947031789e+00 1.2269968840e+02
5.2894100721e+00 1.2286363084e+02
5.2841275377e+00 1.2302795598e+02
5.2788555441e+00 1.2319180574e+02
5.2735940598e+00 1.2335726245e+02
5.2683430534e+00 1.2352080747e+02
5.2630747936e+00 1.2368613159e+02
5.2578170595e+00 1.2385096999e+02
5.2525698198e+00 1.2401687847e+02
5.2473330430e+00 1.2418223280e+02
5.2421066978e+00 1.2434690069e+02
5.2368907532e+00 1.2451187967e+02
5.2316578077e+00 1.2467752425e+02
5.2264353098e+00 1.2484255414e+02
5.2212232282e+00 1.2500828859e+02
5.2160215317e+00 1.2517412742e+02
5.2108301895e+00 1.2533998683e+02
5.2056220718e+00 1.2550683465e+02
5.2004243546e+00 1.2567341492e+02
5.1952370067e+00 1.2583968043e+02
5.1900599971e+00 1.2600605084e+02
5.1848932949e+00 1.2617150527e+02
5.1797100398e+00 1.2633915805e+02
5.1745371377e+00 1.2650596815e+02
5.1693745574e+00 1.2667335236e+02
5.1642222681e+00 1.2684022613e+02
5.1590802392e+00 1.2700671732e+02
5.1539218769e+00 1.2717447120e+02
5.1487738195e+00 1.2734238552e+02
5.1436360363e+00 1.2751005450e+02
5.1385084965e+00 1.2767773991e+02
5.1333911695e+00 1.2784541396e+02
5.1282840249e+00 1.2801251801e+02
5.1231607853e+00 1.2818128462e+02
5.1180477719e+00 1.2834955757e+02
5.1129449540e+00 1.2851747535e+02
5.1078523013e+00 1.2868593588e+02
5.1027697834e+00 1.2885416445e+02
5.0976713837e+00 1.2902296321e+02
5.0925831619e+00 1.2919204885e+02
5.0875050875e+00 1.2936073169e+02
5.0824371303e+00 1.2952967192e+02
5.0773792599e+00 1.2969834715e+02
5.0723057180e+00 1.2986791801e+02
5.0672423054e+00 1.3003734975e+02
5.0621889918e+00 1.3020684766e+02
5.0571457469e+00 1.3037617104e+02
5.0521125409e+00 1.3054556408e+02
5.0470638706e+00 1.3071566280e+02
5.0420252807e+00 1.3088572188e+02
5.0369967411e+00 1.3105588138e+02
5.0319782216e+00 1.3122581383e+02
5.0269696924e+00 1.3139582808e+02
5.0219459036e+00 1.3156651291e+02
5.0169321460e+00 1.3173721563e+02
5.0119283896e+00 1.3190772147e+02
5.0069346044e+00 1.3207843942e+02
5.0019507608e+00 1.3224900528e+02
4.9969518594e+00 1.3242027211e+02
4.9919629397e+00 1.3259151101e+02
4.9869839718e+00 1.3276272765e+02
4.9820149261e+00 1.3293390492e+02
4.9770557729e+00 1.3310495960e+02
4.9720817609e+00 1.3327686468e+02
4.9671176810e+00 1.3344868019e+02
4.9621635033e+00 1.3362046140e+02
4.9572191983e+00 1.3379215050e+02
4.9522847366e+00 1.3396374014e+02
4.9473356124e+00 1.3413631476e+02
4.9423963703e+00 1.3430867023e+02
4.9374669807e+00 1.3448094655e+02
4.9325474141e+00 1.3465323277e+02
4.9276376412e+00 1.3482542829e+02
4.9227133996e+00 1.3499842387e+02
4.9177989899e+00 1.3517136681e+02
4.9128943826e+00 1.3534423236e+02
4.9079995485e+00 1.3551701762e+02
4.9031144583e+00 1.3568975687e+02
4.8982150904e+00 1.3586324594e+02
4.8933255040e+00 1.3603670747e+02
4.8884456698e+00 1.3621011435e+02
4.8835755587e+00 1.3638344028e+02
4.8787151416e+00 1.3655670110e+02
4.8738406352e+00 1.3673075541e+02
4.8689758596e+00 1.3690472296e+02
4.8641207858e+00 1.3707862881e+02
4.8592753849e+00 1.3725246468e+02
4.8544396278e+00 1.3742625279e+02
4.8495899672e+00 1.3760079114e+02
4.8447499867e+00 1.3777528340e+02
4.8399196573e+00 1.3794969497e+02
4.8350989503e+00 1.3812403862e+02
4.8302645053e+00 1.3829914643e+02
4.8254397182e+00 1.3847421181e+02
4.8206245601e+00 1.3864919442e+02
4.8158190023e+00 1.3882408960e+02
4.8110230159e+00 1.3899890714e+02
4.8062134728e+00 1.3917454014e+02
4.8014135361e+00 1.3935006120e+02
4.7966231773e+00 1.3952553826e+02
4.7918423676e+00 1.3970091065e+02
4.7870710784e+00 1.3987622468e+02
4.7822864111e+00 1.4005231962e+02
4.7775112988e+00 1.4022832828e+02
4.7727457129e+00 1.4040424889e+02
4.7679896249e+00 1.4058010739e+02
4.7632430064e+00 1.4075588782e+02
4.7584831859e+00 1.4093243730e+02
4.7537328687e+00 1.4110890689e+02
4.7489920264e+00 1.4128529413e+02
4.7442606307e+00 1.4146159958e+02
4.7395386533e+00 1.4163783519e+02
4.7348036477e+00 1.4181483573e+02
4.7300780936e+00 1.4199174472e+02
4.7253619627e+00 1.4216858084e+02
4.7206552269e+00 1.4234534930e+02
4.7159356180e+00 1.4252285081e+02
4.7112254368e+00 1.4270028182e+02
4.7065246551e+00 1.4287764429e+02
4.7018332448e+00 1.4305490199e+02
4.6971511778e+00 1.4323209156e+02
4.6924564071e+00 1.4341002897e+02
4.6877710118e+00 1.4358788284e+02
4.6830949638e+00 1.4376565414e+02
4.6784282353e+00 1.4394334779e+02
4.6737707983e+00 1.4412095251e+02
4.6691008246e+00 1.4429930231e+02
4.6644401739e+00 1.4447756810e+02
4.6597888184e+00 1.4465575232e+02
4.6551467302e+00 1.4483384429e+02
4.6504922546e+00 1.4501268847e+02
4.6458470773e+00 1.4519145430e+02
4.6412111705e+00 1.4537010467e+02
4.6365845064e+00 1.4554869094e+02
4.6319670575e+00 1.4572718275e+02
4.6273373838e+00 1.4590640094e+02
4.6227169557e+00 1.4608554349e+02
4.6181057454e+00 1.4626459353e+02
4.6135037254e+00 1.4644355311e+02
4.6089108683e+00 1.4662242237e+02
4.6043059469e+00 1.4680202697e+02
4.5997102183e+00 1.4698155214e+02
4.5951236548e+00 1.4716096301e+02
4.5905462291e+00 1.4734029221e+02
4.5859568828e+00 1.4752035453e+02
4.5813767037e+00 1.4770032097e+02
4.5768056643e+00 1.4788019659e+02
4.5722437372e+00 1.4805997448e+02
4.5676908952e+00 1.4823965539e+02
4.5631262891e+00 1.4842007267e+02
4.5585707969e+00 1.4860038820e+02
4.5540243914e+00 1.4878060635e+02
4.5494870453e+00 1.4896072628e+02
4.5449380752e+00 1.4914157163e+02
4.5403981929e+00 1.4932232283e+02
4.5358673712e+00 1.4950297102e+02
4.5313455831e+00 1.4968351925e+02
4.5268328014e+00 1.4986398046e+02
4.5223085481e+00 1.5004515489e+02
4.5177933290e+00 1.5022621332e+02
4.5132871173e+00 1.5040719028e+02
4.5087898859e+00 1.5058805277e+02
4.5042813194e+00 1.5076964332e+02
4.4997817606e+00 1.5095112294e+02
4.4952911825e+00 1.5113249776e+02
4.4908095582e+00 1.5131377210e+02
4.4863368611e+00 1.5149494219e+02
4.4818529773e+00 1.5167683254e+02
4.4773780474e+00 1.5185860334e+02
4.4729120447e+00 1.5204027417e+02
4.4684549423e+00 1.5222184657e+02
4.4639867866e+00 1.5240411641e+02
4.4595275577e+00 1.5258628561e+02
4.4550772288e+00 1.5276833964e+02
4.4506357733e+00 1.5295028978e+02
4.4462031648e+00 1.5313213299e+02
4.4417596475e+00 1.5331467680e+02
4.4373250030e+00 1.5349712514e+02
4.4328992047e+00 1.5367944360e+02
4.4284822263e+00 1.5386166440e+02
4.4240544690e+00 1.5404456641e+02
4.4196355569e+00 1.5422736851e+02
4.4152254635e+00 1.5441006471e+02
4.4108241625e+00 1.5459263641e+02
4.4064316276e+00 1.5477509650e+02
4.4020284547e+00 1.5495826110e+02
4.3976340729e+00 1.5514129640e+02
4.3932484558e+00 1.5532422906e+02
4.3888715772e+00 1.5550705344e+02
4.3844841874e+00 1.5569055961e+02
4.3801055605e+00 1.5587392636e+02
4.3757356706e+00 1.5605719886e+02
4.3713744913e+00 1.5624034631e+02
4.3670219967e+00 1.5642339440e+02
4.3626591280e+00 1.5660710540e+02
4.3583049680e+00 1.5679070435e+02
4.3539594908e+00 1.5697418213e+02
4.3496226702e+00 1.5715754039e+02
4.3452755991e+00 1.5734159390e+02
4.3409372083e+00 1.5752550025e+02
4.3366074720e+00 1.5770931800e+02
4.3322863641e+00 1.5789297612e+02
4.3279551278e+00 1.5807733236e+02
4.3236325431e+00 1.5826155187e+02
4.3193185843e+00 1.5844565214e+02
4.3150132255e+00 1.5862963296e+02
4.3107164411e+00 1.5881348747e+02
4.3064096601e+00 1.5899802370e+02
4.3021114763e+00 1.5918244399e+02
4.2978218639e+00 1.5936668210e+02
4.2935407972e+00 1.5955087156e+02
4.2892498531e+00 1.5973566579e+02
4.2849674771e+00 1.5992033778e+02
4.2806936436e+00 1.6010487741e+02
4.2764283271e+00 1.6028937889e+02
4.2721532507e+00 1.6047438818e+02
4.2678867132e+00 1.6065935345e+02
4.2636286891e+00 1.6084417129e+02
4.2593791529e+00 1.6102886372e+02
4.2551199731e+00 1.6121423616e+02
4.2508693028e+00 1.6139943153e+02
4.2466271164e+00 1.6158452221e+02
4.2423933887e+00 1.6176946800e+02
4.2381680942e+00 1.6195430774e+02
4.2339332817e+00 1.6213976790e+02
4.2297069236e+00 1.6232552068e+02
4.2254889947e+00 1.6251061498e+02
4.2212794698e+00 1.6269541507e+02
4.2170605401e+00 1.6288290822e+02
4.2128500352e+00 1.6306703614e+02
4.2086479298e+00 1.6325440005e+02
4.2044541988e+00 1.6343798622e+02
4.2002511750e+00 1.6362475492e+02
4.1960565461e+00 1.6380906000e+02
4.1918702868e+00 1.6399973247e+02
4.1876923721e+00 1.6418022788e+02
4.1835052754e+00 1.6437699970e+02
4.1793265433e+00 1.6456647129e+02
4.1751561508e+00 1.6473840985e+02
4.1709940730e+00 1.6492489547e+02
4.1668402850e+00 1.6511504086e+02
4.1626774341e+00 1.6529902676e+02
4.1585228927e+00 1.6549254864e+02
4.1543766358e+00 1.6566790907e+02
4.1502386387e+00 1.6585371916e+02
4.1460916867e+00 1.6605191261e+02
4.1419530137e+00 1.6623204863e+02
4.1378225950e+00 1.6642304342e+02
4.1337004059e+00 1.6661595193e+02
4.1295693685e+00 1.6679418177e+02
4.1254465796e+00 1.6698170311e+02
4.1213320145e+00 1.6715864182e+02
4.1172256487e+00 1.6734822749e+02
4.1131105398e+00 1.6755146481e+02
4.1090036488e+00 1.6772803297e+02
4.1049049509e+00 1.6790654722e+02
4.1008144217e+00 1.6809546688e+02
4.0967152537e+00 1.6827760039e+02
4.0926242725e+00 1.6847072448e+02
4.0885414537e+00 1.6866082681e+02
4.0844667729e+00 1.6884271677e+02
4.0803835561e+00 1.6902533332e+02
4.0763084950e+00 1.6922111669e+02
4.0722415654e+00 1.6940509540e+02
4.0681827428e+00 1.6958893365e+02
4.0641154859e+00 1.6977646380e+02
4.0600563536e+00 1.6996892660e+02
4.0560053215e+00 1.7016555522e+02
4.0519623654e+00 1.7033485925e+02
4.0479110755e+00 1.7052506962e+02
4.0438678787e+00 1.7070812997e+02
4.0398327509e+00 1.7089925459e+02
4.0358056679e+00 1.7108359611e+02
4.0317703504e+00 1.7128677280e+02
4.0277430944e+00 1.7145863411e+02
4.0237238760e+00 1.7164974905e+02
4.0197126709e+00 1.7184438403e+02
4.0156933295e+00 1.7202833390e+02
4.0116820180e+00 1.7221365533e+02
4.0076787124e+00 1.7241198655e+02
4.0036833887e+00 1.7258179243e+02
3.9996800256e+00 1.7277360515e+02
3.9956846606e+00 1.7295661553e+02
3.9916972697e+00 1.7315608374e+02
3.9877178291e+00 1.7332864669e+02
3.9837304449e+00 1.7352805469e+02
3.9797510268e+00 1.7370364894e+02
3.9757795510e+00 1.7389486673e+02
3.9718159937e+00 1.7407958378e+02
3.9678445875e+00 1.7427646312e+02
3.9638811153e+00 1.7445075619e+02
3.9599255534e+00 1.7464806149e+02
3.9559778782e+00 1.7484224030e+02
3.9520224475e+00 1.7502122672e+02
3.9480749187e+00 1.7520400397e+02
3.9441352681e+00 1.7539867318e+02
3.9402034721e+00 1.7558267281e+02
3.9362640131e+00 1.7579654764e+02
3.9323324237e+00 1.7596121913e+02
3.9284086802e+00 1.7615281622e+02
3.9244927593e+00 1.7633306291e+02
3.9205692667e+00 1.7652060538e+02
3.9166536112e+00 1.7672066783e+02
3.9127457693e+00 1.7690215002e+02
3.9088457179e+00 1.7707787656e+02
3.9049381848e+00 1.7726514725e+02
3.9010384564e+00 1.7746399625e+02
3.8971465093e+00 1.7765649555e+02
3.8932623202e+00 1.7783109740e+02
3.8893707387e+00 1.7802622019e+02
3.8854869292e+00 1.7820049456e+02
3.8816108685e+00 1.7842330917e+02
3.8777425334e+00 1.7858181377e+02
3.8738668939e+00 1.7877356684e+02
3.8699989938e+00 1.7896447451e+02
3.8661388098e+00 1.7914482798e+02
3.8622863190e+00 1.7934285281e+02
3.8584266108e+00 1.7953031168e+02
3.8545746091e+00 1.7971549916e+02
3.8507302910e+00 1.7993341940e+02
3.8468936334e+00 1.8008681836e+02
3.8430498444e+00 1.8026665502e+02
3.8392137290e+00 1.8047789530e+02
3.8353852644e+00 1.8065121582e+02
3.8315644278e+00 1.8082376982e+02
3.8277365445e+00 1.8102627712e+02
3.8239163021e+00 1.8121162704e+02
3.8201036776e+00 1.8139617944e+02
3.8162840842e+00 1.8157270294e+02
3.8124721213e+00 1.8178896768e+02
3.8086677661e+00 1.8195409478e+02
3.8048709958e+00 1.8213751149e+02
3.8010673397e+00 1.8233142015e+02
3.7972712809e+00 1.8251261533e+02
3.7934827966e+00 1.8271190823e+02
3.7897018642e+00 1.8289191564e+02
3.7859141279e+00 1.8307995535e+02
3.7821339556e+00 1.8327361996e+02
3.7783613247e+00 1.8346509834e+02
3.7745962126e+00 1.8363710670e+02
3.7708243776e+00 1.8383157399e+02
3.7670600733e+00 1.8401052604e+02
3.7633032771e+00 1.8419828520e+02
3.7595539665e+00 1.8439368816e+02
3.7557980132e+00 1.8456848670e+02
3.7520495571e+00 1.8475612677e+02
3.7483085758e+00 1.8494391997e+02
3.7445610251e+00 1.8512988828e+02
3.7408209606e+00 1.8532613542e+02
3.7370883597e+00 1.8550156928e+02
3.7333632002e+00 1.8569178591e+02
3.7296315497e+00 1.8588201820e+02
3.7259073516e+00 1.8606665709e+02
3.7221905836e+00 1.8625687639e+02
3.7184812235e+00 1.8643757865e+02
3.7147654497e+00 1.8665369522e+02
3.7110570946e+00 1.8680955708e+02
3.7073561360e+00 1.8700103877e+02
3.7036488348e+00 1.8719256015e+02
3.6999489407e+00 1.8737049021e+02
3.6962564315e+00 1.8756263530e+02
3.6925712851e+00 1.8774684779e+02
3.6888798716e+00 1.8793109276e+02
3.6851958313e+00 1.8812962304e+02
3.6815191421e+00 1.8831326641e+02
3.6778497819e+00 1.8850704891e+02
3.6741742293e+00 1.8867358192e+02
3.6705060160e+00 1.8887609750e+02
3.6668451198e+00 1.8905095667e+02
3.6631915190e+00 1.8923454294e+02
3.6595317995e+00 1.8941766944e+02
3.6558793852e+00 1.8961957975e+02
3.6522342543e+00 1.8979002651e+02
3.6485830728e+00 1.8999097077e+02
3.6449391842e+00 1.9016332726e+02
3.6413025668e+00 1.9035067158e+02
3.6376731987e+00 1.9053384824e+02
3.6340378521e+00 1.9072727142e+02
3.6304097644e+00 1.9090880854e+02
3.6267889136e+00 1.9109303760e+02
3.6231621510e+00 1.9127929451e+02
3.6195426346e+00 1.9146545924e+02
3.6159303427e+00 1.9165323168e+02
3.6123252538e+00 1.9183384707e+02
3.6087143233e+00 1.9202217732e+02
3.6051106048e+00 1.9220339555e+02
3.6015140765e+00 1.9239042161e+02
3.5979247170e+00 1.9257437272e+02
3.5943295856e+00 1.9276390072e+02
3.5907416318e+00 1.9294728380e+02
3.5871608339e+00 1.9313955805e+02
3.5835743287e+00 1.9332656241e+02
3.5799949880e+00 1.9350122364e+02
3.5764227904e+00 1.9368989573e+02
3.5728577145e+00 1.9387150238e+02
3.5692869992e+00 1.9405547473e+02
3.5657234140e+00 1.9424219069e+02
3.5621669374e+00 1.9442150627e+02
3.5586048845e+00 1.9461454527e+02
3.5550499485e+00 1.9479603459e+02
3.5515021078e+00 1.9497869529e+02
3.5479613414e+00 1.9516615135e+02
3.5444150652e+00 1.9534519513e+02
3.5408758711e+00 1.9553152411e+02
3.5373437378e+00 1.9571506510e+02
3.5338186444e+00 1.9590770403e+02
3.5302881068e+00 1.9609471060e+02
3.5267646167e+00 1.9626591666e+02
3.5232481529e+00 1.9644774860e+02
3.5197263061e+00 1.9663568779e+02
3.5162114931e+00 1.9681547225e+02
3.5127036929e+00 1.9699940841e+02
3.5092028846e+00 1.9718892961e+02
3.5056967572e+00 1.9736832177e+02
3.5021976290e+00 1.9756718149e+02
3.4987054790e+00 1.9773421757e+02
3.4952080697e+00 1.9792836672e+02
3.4917176457e+00 1.9809966565e+02
3.4882341861e+00 1.9828141150e+02
3.4847576700e+00 1.9846562547e+02
3.4812759573e+00 1.9865243937e+02
3.4778011950e+00 1.9883732286e+02
3.4743333623e+00 1.9901419259e+02
3.4708603916e+00 1.9919521250e+02
3.4673943572e+00 1.9938128240e+02
3.4639352383e+00 1.9956332325e+02
3.4604830142e+00 1.9974783643e+02
3.4570257134e+00 1.9993094176e+02
3.4535753138e+00 2.0011029845e+02
3.4501317950e+00 2.0029399696e+02
3.4466832567e+00 2.0047223069e+02
3.4432416054e+00 2.0065250631e+02
3.4398068204e+00 2.0083550710e+02
3.4363670727e+00 2.0101660978e+02
3.4329341975e+00 2.0120349060e+02
3.4295081742e+00 2.0138151362e+02
3.4260889824e+00 2.0156169515e+02
3.4226648869e+00 2.0174380381e+02
3.4192476288e+00 2.0192346431e+02
3.4158371875e+00 2.0211373332e+02
3.4124218982e+00 2.0228497332e+02
3.4090134315e+00 2.0247105355e+02
3.4056117671e+00 2.0264866986e+02
3.4022168845e+00 2.0283129223e+02
3.3988172116e+00 2.0300870133e+02
3.3954243262e+00 2.0319064404e+02
3.3920382079e+00 2.0336910725e+02
3.3886473536e+00 2.0355594756e+02
3.3852632719e+00 2.0373167854e+02
3.3818859425e+00 2.0391002200e+02
3.3785153452e+00 2.0409011084e+02
3.3751400683e+00 2.0426721739e+02
3.3717715288e+00 2.0444899883e+02
3.3684097064e+00 2.0462749894e+02
3.3650432576e+00 2.0480665177e+02
3.3616835311e+00 2.0498581364e+02
3.3583305067e+00 2.0516864516e+02
3.3549729086e+00 2.0534411382e+02
3.3516220175e+00 2.0552300312e+02
3.3482778133e+00 2.0570301202e+02
3.3449402761e+00 2.0587901585e+02
3.3415982196e+00 2.0605997650e+02
3.3382628348e+00 2.0623638473e+02
3.3349341017e+00 2.0642102260e+02
3.3316009009e+00 2.0659874520e+02
3.3282743563e+00 2.0678125552e+02
3.3249544481e+00 2.0695091828e+02
3.3216301232e+00 2.0712723047e+02
3.3183124390e+00 2.0730489326e+02
3.3150013757e+00 2.0748194285e+02
3.3116969135e+00 2.0765996085e+02
3.3083880872e+00 2.0783699342e+02
3.3050858661e+00 2.0801421845e+02
3.3017902307e+00 2.0819099763e+02
3.2984902810e+00 2.0836982835e+02
3.2951969210e+00 2.0854402603e+02
3.2919101309e+00 2.0872080029e+02
3.2886190760e+00 2.0889719776e+02
3.2853345949e+00 2.0907566474e+02
3.2820566680e+00 2.0924972979e+02
3.2787852756e+00 2.0942575145e+02
3.2755096693e+00 2.0960156214e+02
3.2722406013e+00 2.0977984044e+02
3.2689780521e+00 2.0995395616e+02
3.2657113372e+00 2.1013020110e+02
3.2624511448e+00 2.1030581414e+02
3.2591974552e+00 2.1048170380e+02
3.2559396479e+00 2.1065338375e+02
3.2526883469e+00 2.1083097075e+02
3.2494435328e+00 2.1100278269e+02
3.2461946483e+00 2.1118234042e+02
3.2429522540e+00 2.1135365165e+02
3.2397163304e+00 2.1152729797e+02
3.2364868582e+00 2.1170297518e+02
3.2332533642e+00 2.1187379670e+02
3.2300263247e+00 2.1204873417e+02
3.2268057205e+00 2.1222620011e+02
3.2235811408e+00 2.1239716409e+02
3.2203629993e+00 2.1257352714e+02
3.2171512769e+00 2.1274143017e+02
3.2139356249e+00 2.1291886482e+02
3.2107263947e+00 2.1308817684e+02
3.2075235673e+00 2.1326064381e+02
3.2043168557e+00 2.1343240301e+02
3.2011165495e+00 2.1360928488e+02
3.1979226295e+00 2.1377740109e+02
3.1947248703e+00 2.1395050006e+02
3.1915334999e+00 2.1412615436e+02
3.1883484992e+00 2.1429339149e+02
3.1851698492e+00 2.1446397741e+02
3.1819874057e+00 2.1463740295e+02
3.1788113153e+00 2.1480935172e+02
3.1756415590e+00 2.1498025354e+02
3.1724680532e+00 2.1514817592e+02
3.1693008839e+00 2.1532049790e+02
3.1661400320e+00 2.1548865576e+02
3.1629754743e+00 2.1565994906e+02
3.1598172362e+00 2.1583023475e+02
3.1566652988e+00 2.1600099687e+02
3.1535096986e+00 2.1617175022e+02
3.1503604012e+00 2.1634022030e+02
3.1472173877e+00 2.1650776441e+02
3.1440707542e+00 2.1668015819e+02
3.1409304064e+00 2.1684620077e+02
3.1377963256e+00 2.1701470264e+02
3.1346586670e+00 2.1718461171e+02
3.1315272772e+00 2.1735188944e+02
3.1284021373e+00 2.1752038408e+02
3.1252832288e+00 2.1768834660e+02
3.1221607850e+00 2.1785779813e+02
3.1190445743e+00 2.1802473468e+02
3.1159345778e+00 2.1819158974e+02
3.1128210875e+00 2.1835840626e+02
3.1097138130e+00 2.1852690675e+02
3.1066127359e+00 2.1869171844e+02
3.1035082057e+00 2.1885859132e+02
3.1004098742e+00 2.1902666033e+02
3.0973177229e+00 2.1919213470e+02
3.0942221590e+00 2.1935764197e+02
3.0911327765e+00 2.1952340617e+02
3.0880495570e+00 2.1968980025e+02
3.0849629650e+00 2.1985455179e+02
3.0818825371e+00 2.2002050510e+02
3.0788082549e+00 2.2018471292e+02
3.0757306398e+00 2.2035087153e+02
3.0726591714e+00 2.2051521274e+02
3.0695938313e+00 2.2067868402e+02
3.0665251976e+00 2.2084320198e+02
3.0634626932e+00 2.2100764464e+02
3.0604062995e+00 2.2117151040e+02
3.0573466511e+00 2.2133554127e+02
3.0542931144e+00 2.2149877899e+02
3.0512456710e+00 2.2166112253e+02
3.0481950113e+00 2.2182467283e+02
3.0451504457e+00 2.2198682066e+02
3.0421119558e+00 2.2214984121e+02
3.0390702876e+00 2.2231230191e+02
3.0360346958e+00 2.2247485189e+02
3.0330051622e+00 2.2263586993e+02
3.0299724878e+00 2.2279743892e+02
3.0269458722e+00 2.2295923689e+02
3.0239252969e+00 2.2312041511e+02
3.0209016183e+00 2.2328152670e+02
3.0178839805e+00 2.2344232248e+02
3.0148723654e+00 2.2360283576e+02
3.0118576837e+00 2.2376287426e+02
3.0088490250e+00 2.2392276854e+02
3.0058463712e+00 2.2408245014e+02
3.0028406873e+00 2.2424267994e+02
2.9998410084e+00 2.2440185800e+02
2.9968473166e+00 2.2456045027e+02
2.9938506308e+00 2.2471992964e+02
2.9908599320e+00 2.2487821143e+02
2.9878752024e+00 2.2503666987e+02
2.9848875145e+00 2.2519525639e+02
2.9819057956e+00 2.2535306016e+02
2.9789300279e+00 2.2551024060e+02
2.9759513372e+00 2.2566842258e+02
2.9729785975e+00 2.2582549661e+02
2.9700117909e+00 2.2598215813e+02
2.9670420964e+00 2.2613912004e+02
2.9640783347e+00 2.2629555644e+02
2.9611204880e+00 2.2645167636e+02
2.9581597880e+00 2.2660769977e+02
2.9552050026e+00 2.2676329346e+02
2.9522561141e+00 2.2691857497e+02
2.9493044066e+00 2.2707375784e+02
2.9463585954e+00 2.2722886714e+02
2.9434186630e+00 2.2738338540e+02
2.9404759454e+00 2.2753768589e+02
2.9375391060e+00 2.2769205169e+02
2.9346081271e+00 2.2784596028e+02
2.9316743965e+00 2.2799945768e+02
2.9287465258e+00 2.2815297352e+02
2.9258244973e+00 2.2830559428e+02
2.9228997504e+00 2.2845894267e+02
2.9199808449e+00 2.2861153980e+02
2.9170677635e+00 2.2876327477e+02
2.9141519963e+00 2.2891578041e+02
2.9112420523e+00 2.2906730436e+02
2.9083379140e+00 2.2921845867e+02
2.9054311224e+00 2.2937005064e+02
2.9025301355e+00 2.2952082477e+02
2.8996349360e+00 2.2967111042e+02
2.8967371153e+00 2.2982173243e+02
2.8938450809e+00 2.2997177967e+02
2.8909588154e+00 2.3012151345e+02
2.8880699606e+00 2.3027110091e+02
2.8851868736e+00 2.3042025965e+02
2.8823095370e+00 2.3056945591e+02
2.8794296426e+00 2.3071827034e+02
2.8765554974e+00 2.3086630414e+02
2.8736870842e+00 2.3101435609e+02
2.8708161443e+00 2.3116222680e+02
2.8679509351e+00 2.3130971231e+02
2.8650832307e+00 2.3145712494e+02
2.8622212554e+00 2.3160404243e+02
2.8593649922e+00 2.3175093750e+02
2.8565062643e+00 2.3189748428e+02
2.8536532469e+00 2.3204335528e+02
2.8508059228e+00 2.3218907587e+02
2.8479561643e+00 2.3233482542e+02
2.8451120974e+00 2.3248015994e+02
2.8422737053e+00 2.3262488800e+02
2.8394329085e+00 2.3276974831e+02
2.8365977846e+00 2.3291408141e+02
2.8337683168e+00 2.3305761872e+02
2.8309364738e+00 2.3320167046e+02
2.8281102850e+00 2.3334503578e+02
2.8252897335e+00 2.3348791099e+02
2.8224668360e+00 2.3363093507e+02
2.8196495740e+00 2.3377332878e+02
2.8168299959e+00 2.3391568643e+02
2.8140160511e+00 2.3405791929e+02
2.8112077229e+00 2.3419932188e+02
2.8083971074e+00 2.3434082015e+02
2.8055921062e+00 2.3448167521e+02
2.8027927026e+00 2.3462238073e+02
2.7999910400e+00 2.3476278445e+02
2.7971949729e+00 2.3490273641e+02
2.7944044845e+00 2.3504230880e+02
2.7916117650e+00 2.3518168459e+02
2.7888246220e+00 2.3532071128e+02
2.7860430388e+00 2.3545961217e+02
2.7832592522e+00 2.3559796136e+02
2.7804810232e+00 2.3573602740e+02
2.7777006194e+00 2.3587393558e+02
2.7749257707e+00 2.3601158620e+02
2.7721564605e+00 2.3614852597e+02
2.7693850027e+00 2.3628553928e+02
2.7666190808e+00 2.3642185130e+02
2.7638586784e+00 2.3655821251e+02
2.7610961552e+00 2.3669386506e+02
2.7583391488e+00 2.3682934140e+02
2.7555876428e+00 2.3696443851e+02
2.7528340426e+00 2.3709932336e+02
2.7500859402e+00 2.3723369070e+02
2.7473433190e+00 2.3736816992e+02
2.7445986299e+00 2.3750165303e+02
2.7418594194e+00 2.3763496410e+02
2.7391181683e+00 2.3776828007e+02
2.7363823930e+00 2.3790101833e+02
2.7336520772e+00 2.3803347686e+02
2.7309197465e+00 2.3816575288e+02
2.7281928723e+00 2.3829746416e+02
2.7254714384e+00 2.3842877115e+02
2.7227480151e+00 2.3856001597e+02
2.7200300291e+00 2.3869067885e+02
2.7173100804e+00 2.3882130979e+02
2.7145955660e+00 2.3895109741e+02
2.7118864696e+00 2.3908075362e+02
2.7091754354e+00 2.3921007552e+02
2.7064698161e+00 2.3933902612e+02
2.7037695956e+00 2.3946768173e+02
2.7010674619e+00 2.3959595215e+02
2.6983707238e+00 2.3972404467e+02
2.6956793651e+00 2.3985139573e+02
2.6929861177e+00 2.3997851123e+02
2.6902982465e+00 2.4010512106e+02
2.6876085122e+00 2.4023207750e+02
2.6849241509e+00 2.4035788602e+02
2.6822451465e+00 2.4048362450e+02
2.6795643028e+00 2.4060886530e+02
2.6768888127e+00 2.4073376209e+02
2.6742186602e+00 2.4085824660e+02
2.6715466920e+00 2.4098257895e+02
2.6688800579e+00 2.4110697178e+02
2.6662116332e+00 2.4123052379e+02
2.6635485392e+00 2.4135308728e+02
2.6608907598e+00 2.4147632590e+02
2.6582312130e+00 2.4159981614e+02
2.6555769772e+00 2.4172015306e+02
2.6529280367e+00 2.4184213094e+02
2.6502773515e+00 2.4196305991e+02
2.6476319580e+00 2.4208543892e+02
2.6449848442e+00 2.4220837147e+02
2.6423430184e+00 2.4232550192e+02
2.6397064646e+00 2.4244866402e+02
2.6370682130e+00 2.4256598066e+02
2.6344352298e+00 2.4268524504e+02
2.6318074991e+00 2.4280301944e+02
2.6291780926e+00 2.4292075286e+02
2.6265539350e+00 2.4304740605e+02
2.6239281254e+00 2.4315654438e+02
2.6213075606e+00 2.4327146301e+02
2.6186922251e+00 2.4338875807e+02
2.6160752593e+00 2.4350398525e+02
2.6134635187e+00 2.4362061705e+02
2.6108501711e+00 2.4373680421e+02
2.6082420449e+00 2.4385054034e+02
2.6056391242e+00 2.4396547522e+02
2.6030346178e+00 2.4407900488e+02
2.6004353129e+00 2.4419587208e+02
2.5978411940e+00 2.4430620908e+02
2.5952455102e+00 2.4442005255e+02
2.5926550084e+00 2.4453210694e+02
2.5900629644e+00 2.4464439602e+02
2.5874760982e+00 2.4475654652e+02
2.5848943941e+00 2.4486704517e+02
2.5823111685e+00 2.4498885820e+02
2.5797331008e+00 2.4509004746e+02
2.5771535339e+00 2.4520112224e+02
2.5745791207e+00 2.4531027048e+02
2.5720098457e+00 2.4541753130e+02
2.5694390914e+00 2.4552857486e+02
2.5668734711e+00 2.4563520708e+02
2.5643129693e+00 2.4574446242e+02
2.5617510080e+00 2.4585241691e+02
2.5591941609e+00 2.4596038267e+02
2.5566358762e+00 2.4606515014e+02
2.5540827012e+00 2.4617296590e+02
2.5515346205e+00 2.4628475255e+02
2.5489851216e+00 2.4638293173e+02
2.5464407125e+00 2.4649725935e+02
2.5438949066e+00 2.4659389819e+02
2.5413541860e+00 2.4670064001e+02
2.5388185354e+00 2.4680091442e+02
2.5362815070e+00 2.4690336158e+02
2.5337495439e+00 2.4703084293e+02
2.5312162241e+00 2.4711456815e+02
2.5286879650e+00 2.4721393512e+02
2.5261647514e+00 2.4731511199e+02
2.5236401996e+00 2.4741701014e+02
2.5211206886e+00 2.4752793225e+02
2.5185998600e+00 2.4761484164e+02
2.5160840674e+00 2.4772296092e+02
2.5135732958e+00 2.4781381660e+02
2.5110612247e+00 2.4792056531e+02
2.5085541697e+00 2.4801211114e+02
2.5060458356e+00 2.4812554528e+02
2.5035425127e+00 2.4821227280e+02
2.5010441859e+00 2.4831758427e+02
2.4985445978e+00 2.4840355259e+02
2.4960500009e+00 2.4853402895e+02
2.4935541625e+00 2.4859456341e+02
2.4910633104e+00 2.4868913265e+02
2.4885774296e+00 2.4879159559e+02
2.4860903246e+00 2.4888190634e+02
2.4836081860e+00 2.4897556641e+02
2.4811248428e+00 2.4907256890e+02
2.4786464607e+00 2.4916070099e+02
2.4761730251e+00 2.4925238224e+02
2.4736984017e+00 2.4934461783e+02
2.4712287196e+00 2.4945684945e+02
2.4687578692e+00 2.4952905718e+02
2.4662919547e+00 2.4961790444e+02
2.4638309615e+00 2.4970785391e+02
2.4613688164e+00 2.4979735507e+02
2.4589115874e+00 2.4989314772e+02
2.4564532254e+00 2.5000578955e+02
2.4539997742e+00 2.5006350028e+02
2.4515512190e+00 2.5015368968e+02
2.4491015471e+00 2.5023988320e+02
2.4466567659e+00 2.5033073902e+02
2.4442108865e+00 2.5041585419e+02
2.4417698925e+00 2.5049865015e+02
2.4393337692e+00 2.5059542057e+02
2.4368965635e+00 2.5067643707e+02
2.4344642231e+00 2.5077111803e+02
2.4320308187e+00 2.5084803771e+02
2.4296022741e+00 2.5094491522e+02
2.4271726836e+00 2.5104248244e+02
2.4247479475e+00 2.5108787576e+02
2.4223280510e+00 2.5118573085e+02
2.4199071240e+00 2.5129092103e+02
2.4174910311e+00 2.5133600769e+02
2.4150739254e+00 2.5141809550e+02
2.4126616483e+00 2.5149625739e+02
2.4102541854e+00 2.5159946709e+02
2.4078457245e+00 2.5165476027e+02
2.4054420721e+00 2.5173929141e+02
2.4030374393e+00 2.5181694159e+02
2.4006376093e+00 2.5189222275e+02
2.3982425678e+00 2.5196554871e+02
2.3958465604e+00 2.5206872695e+02
2.3934553357e+00 2.5212395687e+02
2.3910631623e+00 2.5220783723e+02
2.3886757659e+00 2.5227406058e+02
2.3862874379e+00 2.5236294441e+02
2.3839038810e+00 2.5242591368e+02
2.3815250810e+00 2.5252688553e+02
2.3791453634e+00 2.5257244678e+02
2.3767703968e+00 2.5269969252e+02
2.3743945294e+00 2.5271004333e+02
2.3720234071e+00 2.5278790479e+02
2.3696514006e+00 2.5285341167e+02
2.3672841333e+00 2.5297484058e+02
2.3649215910e+00 2.5300391628e+02
2.3625581780e+00 2.5309811924e+02
2.3601994841e+00 2.5314687876e+02
2.3578399357e+00 2.5320738181e+02
2.3554851004e+00 2.5330605557e+02
2.3531349641e+00 2.5335133728e+02
2.3507839865e+00 2.5341755884e+02
2.3484377018e+00 2.5348825202e+02
2.3460905919e+00 2.5357505913e+02
2.3437481689e+00 2.5364243470e+02
2.3414049366e+00 2.5369561637e+02
2.3390663850e+00 2.5374100250e+02
2.3367325002e+00 2.5379966805e+02
2.3343978187e+00 2.5390359001e+02
2.3320677979e+00 2.5395346462e+02
2.3297369960e+00 2.5404841424e+02
2.3274108485e+00 2.5405828521e+02
2.3250839355e+00 2.5414890084e+02
2.3227616707e+00 2.5420669453e+02
2.3204440402e+00 2.5423232499e+02
2.3181256563e+00 2.5432673957e+02
2.3158119005e+00 2.5436584860e+02
2.3134974066e+00 2.5444530888e+02
2.3111875344e+00 2.5446323508e+02
2.3088769392e+00 2.5455150742e+02
2.3065709593e+00 2.5459418037e+02
2.3042695811e+00 2.5466153390e+02
2.3019674916e+00 2.5473582504e+02
2.2996699974e+00 2.5475898913e+02
2.2973718067e+00 2.5481909436e+02
2.2950782048e+00 2.5488056108e+02
2.2927839212e+00 2.5492674915e+02
2.2904942199e+00 2.5499326432e+02
2.2882038515e+00 2.5504097594e+02
2.2859180590e+00 2.5509468488e+02
2.2836368287e+00 2.5514460457e+02
2.2813549423e+00 2.5520308542e+02
2.2790776117e+00 2.5524648479e+02
2.2767996394e+00 2.5528681162e+02
2.2745262162e+00 2.5532968024e+02
2.2722521655e+00 2.5538715811e+02
2.2699826573e+00 2.5543255273e+02
2.2677176782e+00 2.5549007029e+02
2.2654520823e+00 2.5552777083e+02
2.2631910088e+00 2.5556945160e+02
2.2609293324e+00 2.5561689938e+02
2.2586721718e+00 2.5567026784e+02
2.2564144221e+00 2.5569389239e+02
2.2541611815e+00 2.5574664267e+02
2.2519073655e+00 2.5579745689e+02
2.2496580520e+00 2.5583634686e+02
2.2474132274e+00 2.5587861576e+02
2.2451678375e+00 2.5591774681e+02
2.2429269299e+00 2.5596107075e+02
2.2406854705e+00 2.5600345785e+02
2.2384484866e+00 2.5604455148e+02
2.2362109641e+00 2.5608938997e+02
2.2339779104e+00 2.5611713381e+02
2.2317443314e+00 2.5616150248e+02
2.2295152142e+00 2.5619988368e+02
2.2272905456e+00 2.5623981160e+02
2.2250653613e+00 2.5626846778e+02
2.2228446187e+00 2.5631559033e+02
2.2206233734e+00 2.5634378649e+02
2.2184065629e+00 2.5637610115e+02
2.2161892626e+00 2.5640281680e+02
2.2139763902e+00 2.5644367952e+02
2.2117630406e+00 2.5647788392e+02
2.2095541120e+00 2.5651019644e+02
2.2073447188e+00 2.5653920577e+02
2.2051397397e+00 2.5657422529e+02
2.2029391614e+00 2.5660133874e+02
2.2007381276e+00 2.5663725616e+02
2.1985414876e+00 2.5666252496e+02
2.1963444044e+00 2.5669286888e+02
2.1941517080e+00 2.5672204711e+02
2.1919585808e+00 2.5674753407e+02
2.1897698333e+00 2.5676894830e+02
2.1875806670e+00 2.5679626370e+02
2.1853958735e+00 2.5682676684e+02
2.1832106733e+00 2.5685292683e+02
2.1810298387e+00 2.5687543478e+02
2.1788533566e+00 2.5690124475e+02
2.1766764762e+00 2.5692768325e+02
2.1745039413e+00 2.5695119133e+02
2.1723310198e+00 2.5696963438e+02
2.1701624367e+00 2.5699559437e+02
2.1679934787e+00 2.5701874056e+02
2.1658288519e+00 2.5703363912e+02
2.1636638618e+00 2.5705416624e+02
2.1615031958e+00 2.5707730000e+02
2.1593421780e+00 2.5709184760e+02
2.1571854770e+00 2.5710984101e+02
2.1550284356e+00 2.5712889377e+02
2.1528757037e+00 2.5714605625e+02
2.1507272684e+00 2.5716307400e+02
2.1485785005e+00 2.5717873971e+02
2.1464340218e+00 2.5719353178e+02
2.1442892217e+00 2.5721042777e+02
2.1421487037e+00 2.5722625002e+02
2.1400078752e+00 2.5723557395e+02
2.1378713215e+00 2.5724685886e+02
2.1357344684e+00 2.5726395207e+02
2.1336018827e+00 2.5727160551e+02
2.1314690084e+00 2.5728451126e+02
2.1293403942e+00 2.5729460886e+02
2.1272115023e+00 2.5730275453e+02
2.1250868629e+00 2.5731438823e+02
2.1229619565e+00 2.5732093040e+02
2.1208412953e+00 2.5733194980e+02
2.1187248666e+00 2.5733352101e+02
2.1166081777e+00 2.5734197257e+02
2.1144957139e+00 2.5734606761e+02
2.1123830004e+00 2.5735381172e+02
2.1102745045e+00 2.5735934431e+02
2.1081657693e+00 2.5736198836e+02
2.1060612443e+00 2.5736646392e+02
2.1039564902e+00 2.5737091174e+02
2.1018559388e+00 2.5736901751e+02
2.0997551685e+00 2.5737241629e+02
2.0976585935e+00 2.5736923479e+02
2.0955618096e+00 2.5737430600e+02
2.0934692134e+00 2.5737245976e+02
2.0913764185e+00 2.5737194520e+02
2.0892878036e+00 2.5736949398e+02
2.0871989998e+00 2.5736630507e+02
2.0851143685e+00 2.5736653643e+02
2.0830295582e+00 2.5736166938e+02
2.0809489127e+00 2.5735678864e+02
2.0788680979e+00 2.5735692519e+02
2.0767914403e+00 2.5734550112e+02
2.0747189275e+00 2.5734382074e+02
2.0726462511e+00 2.5733185457e+02
2.0705777119e+00 2.5732795467e+02
2.0685090187e+00 2.5731955413e+02
2.0664444550e+00 2.5731131576e+02
2.0643797468e+00 2.5729994512e+02
2.0623191604e+00 2.5728816295e+02
2.0602584388e+00 2.5727946890e+02
2.0582018314e+00 2.5726844637e+02
2.0561450980e+00 2.5725822605e+02
2.0540924711e+00 2.5724777982e+02
2.0520397275e+00 2.5723840844e+02
2.0499910825e+00 2.5721938351e+02
2.0479423299e+00 2.5720836675e+02
2.0458976683e+00 2.5718864462e+02
2.0438529080e+00 2.5717470462e+02
2.0418122309e+00 2.5716751000e+02
2.0397714640e+00 2.5714158227e+02
2.0377347725e+00 2.5712224246e+02
2.0356980001e+00 2.5710349155e+02
2.0336652953e+00 2.5708386741e+02
2.0316325183e+00 2.5706623998e+02
2.0296038010e+00 2.5704693427e+02
2.0275750203e+00 2.5702353602e+02
2.0255502914e+00 2.5700802048e+02
2.0235255076e+00 2.5697831714e+02
2.0215047677e+00 2.5695869563e+02
2.0194839815e+00 2.5694000712e+02
2.0174672313e+00 2.5690935721e+02
2.0154504431e+00 2.5688684196e+02
2.0134376831e+00 2.5686342375e+02
2.0114248934e+00 2.5683185286e+02
2.0094161240e+00 2.5680440725e+02
2.0074073331e+00 2.5677656244e+02
2.0054025545e+00 2.5675207619e+02
2.0033977626e+00 2.5673270645e+02
2.0013969751e+00 2.5670096046e+02
1.9993961824e+00 2.5665992590e+02
1.9973993860e+00 2.5662902556e+02
1.9954025924e+00 2.5660570061e+02
1.9934097872e+00 2.5657005005e+02
1.9914169928e+00 2.5653467869e+02
1.9894281787e+00 2.5649661337e+02
1.9874393831e+00 2.5647336108e+02
1.9854545599e+00 2.5642793010e+02
1.9834697630e+00 2.5639242803e+02
1.9814889304e+00 2.5636971002e+02
1.9795081318e+00 2.5632505232e+02
1.9775312895e+00 2.5628267748e+02
1.9755544888e+00 2.5624384076e+02
1.9735816362e+00 2.5621118831e+02
1.9716088328e+00 2.5616986140e+02
1.9696399695e+00 2.5613825569e+02
1.9676711628e+00 2.5608857745e+02
1.9657062881e+00 2.5604912744e+02
1.9637414774e+00 2.5600064867e+02
1.9617805905e+00 2.5595700857e+02
1.9598197750e+00 2.5592575787e+02
1.9578628752e+00 2.5587577168e+02
1.9559060539e+00 2.5583191966e+02
1.9539531403e+00 2.5579519411e+02
1.9520003123e+00 2.5574032662e+02
1.9500513839e+00 2.5569352530e+02
1.9481025481e+00 2.5564298506e+02
1.9461576037e+00 2.5560968225e+02
1.9442127591e+00 2.5555264787e+02
1.9422717976e+00 2.5549591861e+02
1.9403309428e+00 2.5544810488e+02
1.9383939631e+00 2.5538974415e+02
1.9364570968e+00 2.5534726625e+02
1.9345240974e+00 2.5529746669e+02
1.9325912183e+00 2.5524445632e+02
1.9306621978e+00 2.5519382852e+02
1.9287333044e+00 2.5512375448e+02
1.9268082614e+00 2.5507673710e+02
1.9248833521e+00 2.5501046830e+02
1.9229585872e+00 2.5495387186e+02
1.9210376677e+00 2.5489778353e+02
1.9191168992e+00 2.5484040731e+02
1.9171999678e+00 2.5479695480e+02
1.9152831938e+00 2.5475987048e+02
1.9133702486e+00 2.5466142427e+02
1.9114574672e+00 2.5460477594e+02
1.9095485064e+00 2.5454273572e+02
1.9076397155e+00 2.5447740399e+02
1.9057347370e+00 2.5442710333e+02
1.9038299347e+00 2.5435884382e+02
1.9019289363e+00 2.5429739564e+02
1.9000281204e+00 2.5423650547e+02
1.8981311001e+00 2.5416178894e+02
1.8962342684e+00 2.5408956149e+02
1.8943412239e+00 2.5402397968e+02
1.8924483740e+00 2.5395457991e+02
1.8905593031e+00 2.5391943241e+02
1.8886704327e+00 2.5382390600e+02
1.8867817729e+00 2.5375361272e+02
1.8848968867e+00 2.5370053570e+02
1.8830122170e+00 2.5362027129e+02
1.8811313124e+00 2.5353757583e+02
1.8792506300e+00 2.5347227629e+02
1.8773737044e+00 2.5339074507e+02
1.8754970067e+00 2.5331914813e+02
1.8736240573e+00 2.5324722353e+02
1.8717513416e+00 2.5317081123e+02
1.8698823657e+00 2.5309673403e+02
1.8680136290e+00 2.5301348968e+02
1.8661486238e+00 2.5293661940e+02
1.8642838633e+00 2.5286854641e+02
1.8624228259e+00 2.5279060746e+02
1.8605620386e+00 2.5270975443e+02
1.8587015111e+00 2.5262294496e+02
1.8568447009e+00 2.5253814165e+02
1.8549881559e+00 2.5245636672e+02
1.8531353196e+00 2.5237484649e+02
1.8512827538e+00 2.5230427477e+02
1.8494338883e+00 2.5220773244e+02
1.8475852984e+00 2.5212689714e+02
1.8457404003e+00 2.5206549881e+02
1.8438957830e+00 2.5197035068e+02
1.8420548490e+00 2.5186561793e+02
1.8402142009e+00 2.5178578153e+02
1.8383772277e+00 2.5169161973e+02
1.8365405453e+00 2.5161497983e+02
1.8347041631e+00 2.5155352657e+02
1.8328714497e+00 2.5143261462e+02
1.8310390414e+00 2.5133544335e+02
1.8292102933e+00 2.5124971086e+02
1.8273818552e+00 2.5115439792e+02
1.8255570687e+00 2.5106272517e+02
1.8237325970e+00 2.5097461330e+02
1.8219117685e+00 2.5091706458e+02
1.8200912594e+00 2.5077894180e+02
1.8182743849e+00 2.5068509548e+02
1.8164578346e+00 2.5060576229e+02
1.8146416174e+00 2.5052335828e+02
1.8128290285e+00 2.5038926062e+02
1.8110167773e+00 2.5029239065e+02
1.8092081458e+00 2.5020759209e+02
1.8073998565e+00 2.5010007490e+02
1.8055951783e+00 2.5001236870e+02
1.8037908468e+00 2.4989389198e+02
1.8019901179e+00 2.4982232296e+02
1.8001897400e+00 2.4969155512e+02
1.7983897218e+00 2.4958932209e+02
1.7965932998e+00 2.4948630942e+02
1.7947972418e+00 2.4937855543e+02
1.7930047712e+00 2.4928939726e+02
1.7912126689e+00 2.4917936679e+02
1.7894241454e+00 2.4907848795e+02
1.7876359944e+00 2.4894871610e+02
1.7858514136e+00 2.4884992467e+02
1.7840672094e+00 2.4879005603e+02
1.7822833902e+00 2.4862580518e+02
1.7805031346e+00 2.4855394022e+02
1.7787232680e+00 2.4841255746e+02
1.7769469564e+00 2.4832875831e+02
1.7751710377e+00 2.4818958770e+02
1.7733986653e+00 2.4806580987e+02
1.7716266899e+00 2.4795051118e+02
1.7698551197e+00 2.4787910239e+02
1.7680870889e+00 2.4778076261e+02
1.7663194671e+00 2.4767957872e+02
1.7645553762e+00 2.4749033885e+02
1.7627916980e+00 2.4740917207e+02
1.7610315418e+00 2.4727524207e+02
1.7592718022e+00 2.4717300833e+02
1.7575155760e+00 2.4708253639e+02
1.7557597699e+00 2.4692234066e+02
1.7540043920e+00 2.4679519977e+02
1.7522525206e+00 2.4666067348e+02
1.7505010809e+00 2.4653188428e+02
1.7487531390e+00 2.4642908154e+02
1.7470056323e+00 2.4628964656e+02
1.7452616147e+00 2.4621340437e+02
1.7435180358e+00 2.4611922847e+02
1.7417749035e+00 2.4599152660e+02
1.7400352531e+00 2.4579999882e+02
1.7382960527e+00 2.4569415517e+02
1.7365603255e+00 2.4564078648e+02
1.7348250516e+00 2.4543477769e+02
1.7330902385e+00 2.4530712185e+02
1.7313588917e+00 2.4515492113e+02
1.7296280089e+00 2.4502895451e+02
1.7279005835e+00 2.4496218291e+02
1.7261736254e+00 2.4475735395e+02
1.7244501160e+00 2.4463721560e+02
1.7227270770e+00 2.4452374769e+02
1.7210045159e+00 2.4437862137e+02
1.7192853962e+00 2.4427447613e+02
1.7175667575e+00 2.4412755032e+02
1.7158515514e+00 2.4401107300e+02
1.7141368293e+00 2.4386418977e+02
1.7124255309e+00 2.4367261137e+02
1.7107147195e+00 2.4356883489e+02
1.7090044024e+00 2.4346048639e+02
1.7072975017e+00 2.4328828091e+02
1.7055910982e+00 2.4316321635e+02
1.7038881023e+00 2.4303625956e+02
1.7021856063e+00 2.4291836729e+02
1.7004836175e+00 2.4274372392e+02
1.6987850289e+00 2.4257066712e+02
1.6970869502e+00 2.4246012528e+02
1.6953922629e+00 2.4232265520e+02
1.6936980882e+00 2.4217975256e+02
1.6920044331e+00 2.4204249036e+02
1.6903141618e+00 2.4186300089e+02
1.6886244128e+00 2.4171817543e+02
1.6869380388e+00 2.4158979422e+02
1.6852521896e+00 2.4142134102e+02
1.6835697065e+00 2.4127258182e+02
1.6818877508e+00 2.4112309053e+02
1.6802063293e+00 2.4099089878e+02
1.6785282664e+00 2.4082465498e+02
1.6768507402e+00 2.4066891292e+02
1.6751765636e+00 2.4052224263e+02
1.6735029261e+00 2.4038484365e+02
1.6718298345e+00 2.4022584549e+02
1.6701600848e+00 2.4005535796e+02
1.6684908834e+00 2.3990561066e+02
1.6668250150e+00 2.3974289681e+02
1.6651596971e+00 2.3959502440e+02
1.6634949363e+00 2.3943722351e+02
1.6618335009e+00 2.3927831323e+02
1.6601726247e+00 2.3908955207e+02
1.6585150651e+00 2.3897542090e+02
1.6568580669e+00 2.3879721008e+02
1.6552016367e+00 2.3861810306e+02
1.6535485151e+00 2.3846597875e+02
1.6518959636e+00 2.3829934984e+02
1.6502467119e+00 2.3815061896e+02
1.6485980322e+00 2.3797501799e+02
1.6469499311e+00 2.3778932410e+02
1.6453051218e+00 2.3765250266e+02
1.6436608930e+00 2.3747586403e+02
1.6420172510e+00 2.3731714361e+02
1.6403768930e+00 2.3713317787e+02
1.6387371236e+00 2.3696705617e+02
1.6371006293e+00 2.3680486200e+02
1.6354647255e+00 2.3662189022e+02
1.6338294184e+00 2.3648003875e+02
1.6321973784e+00 2.3628253463e+02
1.6305659368e+00 2.3614177474e+02
1.6289377534e+00 2.3595297882e+02
1.6273101702e+00 2.3579380371e+02
1.6256831934e+00 2.3560219551e+02
1.6240594666e+00 2.3543423927e+02
1.6224363478e+00 2.3525336232e+02
1.6208164701e+00 2.3510757850e+02
1.6191972020e+00 2.3490900362e+02
1.6175785496e+00 2.3472882210e+02
1.6159631302e+00 2.3455785650e+02
1.6143483279e+00 2.3437577260e+02
1.6127341488e+00 2.3420979318e+02
1.6111231945e+00 2.3403126317e+02
1.6095128648e+00 2.3384278663e+02
1.6079057510e+00 2.3367050396e+02
1.6062992632e+00 2.3348032276e+02
1.6046934073e+00 2.3328950187e+02
1.6030907590e+00 2.3312211581e+02
1.6014887439e+00 2.3293690708e+02
1.5998873679e+00 2.3276049980e+02
1.5982891912e+00 2.3257720925e+02
1.5966916549e+00 2.3238418110e+02
1.5950973089e+00 2.3218603314e+02
1.5935036045e+00 2.3199800522e+02
1.5919105474e+00 2.3181541670e+02
1.5903206723e+00 2.3164771551e+02
1.5887314456e+00 2.3147964917e+02
1.5871428730e+00 2.3124583646e+02
1.5855574741e+00 2.3106165810e+02
1.5839727303e+00 2.3087068023e+02
1.5823911513e+00 2.3069016780e+02
1.5808102285e+00 2.3050527808e+02
1.5792299675e+00 2.3031167462e+02
1.5776528627e+00 2.3013697676e+02
1.5760764208e+00 2.2991264136e+02
1.5745006471e+00 2.2971482893e+02
1.5729280212e+00 2.2952211444e+02
1.5713560646e+00 2.2933263654e+02
1.5697847825e+00 2.2913632545e+02
1.5682166397e+00 2.2893282409e+02
1.5666491724e+00 2.2875954138e+02
1.5650848354e+00 2.2853242204e+02
1.5635211748e+00 2.2834059485e+02
1.5619581958e+00 2.2816666002e+02
1.5603983385e+00 2.2793767328e+02
1.5588391637e+00 2.2774907231e+02
1.5572806765e+00 2.2755065354e+02
1.5557253025e+00 2.2735534591e+02
1.5541706169e+00 2.2715013607e+02
1.5526166248e+00 2.2693649967e+02
1.5510657373e+00 2.2673057077e+02
1.5495155440e+00 2.2653714308e+02
1.5479660500e+00 2.2633081272e+02
1.5464196519e+00 2.2613453400e+02
1.5448739537e+00 2.2591595528e+02
1.5433313424e+00 2.2572298974e+02
1.5417894317e+00 2.2550812107e+02
1.5402482264e+00 2.2528840784e+02
1.5387100993e+00 2.2510004436e+02
1.5371726783e+00 2.2487628895e+02
1.5356359683e+00 2.2468167864e+02
1.5341023277e+00 2.2446163321e+02
1.5325693986e+00 2.2425876426e+02
1.5310371858e+00 2.2403545508e+02
1.5295080337e+00 2.2382449307e+02
1.5279795984e+00 2.2360465676e+02
1.5264518847e+00 2.2340145711e+02
1.5249272228e+00 2.2318691884e+02
1.5234032829e+00 2.2297738545e+02
1.5218800698e+00 2.2276823287e+02
1.5203598996e+00 2.2254092446e+02
1.5188404564e+00 2.2232131407e+02
1.5173217450e+00 2.2210046391e+02
1.5158060678e+00 2.2192096404e+02
1.5142911225e+00 2.2167814790e+02
1.5127769138e+00 2.2144694241e+02
1.5112657304e+00 2.2122797714e+02
1.5097552838e+00 2.2101252281e+02
1.5082455786e+00 2.2081369896e+02
1.5067388897e+00 2.2056683917e+02
1.5052329423e+00 2.2036398081e+02
1.5037277411e+00 2.2012592253e+02
1.5022255471e+00 2.1990797319e+02
1.5007240994e+00 2.1968667883e+02
1.4992234023e+00 2.1945560738e+02
1.4977257035e+00 2.1923193960e+02
1.4962287554e+00 2.1901695128e+02
1.4947325624e+00 2.1878641355e+02
1.4932393588e+00 2.1856458959e+02
1.4917469102e+00 2.1833311175e+02
1.4902552211e+00 2.1810828759e+02
1.4887665123e+00 2.1788574207e+02
1.4872785628e+00 2.1764355862e+02
1.4857913771e+00 2.1744255713e+02
1.4843071625e+00 2.1718577751e+02
1.4828237115e+00 2.1696219870e+02
1.4813410284e+00 2.1672941590e+02
1.4798613074e+00 2.1651145738e+02
1.4783823540e+00 2.1626721934e+02
1.4769041725e+00 2.1602501018e+02
1.4754289441e+00 2.1582451755e+02
1.4739544872e+00 2.1555537883e+02
1.4724808062e+00 2.1532585001e+02
1.4710100691e+00 2.1509810672e+02
1.4695401074e+00 2.1486512678e+02
1.4680709254e+00 2.1462309662e+02
1.4666046782e+00 2.1438850237e+02
1.4651392102e+00 2.1416096396e+02
1.4636745256e+00 2.1391265320e+02
1.4622127666e+00 2.1366838281e+02
1.4607517905e+00 2.1344126707e+02
1.4592916015e+00 2.1319586897e+02
1.4578343288e+00 2.1297089848e+02
1.4563778427e+00 2.1272377243e+02
1.4549221471e+00 2.1247281718e+02
1.4534672461e+00 2.1223249178e+02
1.4520152520e+00 2.1198886803e+02
1.4505640518e+00 2.1178609018e+02
1.4491136496e+00 2.1150720181e+02
1.4476661450e+00 2.1126330493e+02
1.4462194378e+00 2.1102344938e+02
1.4447735317e+00 2.1079007269e+02
1.4433305140e+00 2.1052807541e+02
1.4418882969e+00 2.1029966786e+02
1.4404468842e+00 2.1004977447e+02
1.4390083506e+00 2.0980279672e+02
1.4375706207e+00 2.0954390521e+02
1.4361336983e+00 2.0929923101e+02
1.4346975873e+00 2.0906751676e+02
1.4332643455e+00 2.0881900255e+02
1.4318319144e+00 2.0854678052e+02
1.4304002975e+00 2.0832002960e+02
1.4289715406e+00 2.0804465283e+02
1.4275435972e+00 2.0781204121e+02
1.4261164709e+00 2.0754582417e+02
1.4246921953e+00 2.0730300153e+02
1.4232687359e+00 2.0705030675e+02
1.4218460965e+00 2.0679509375e+02
1.4204242807e+00 2.0654104068e+02
1.4190053057e+00 2.0628798497e+02
1.4175871533e+00 2.0602232358e+02
1.4161698271e+00 2.0577357513e+02
1.4147553322e+00 2.0552392131e+02
1.4133416626e+00 2.0526147285e+02
1.4119288218e+00 2.0500359059e+02
1.4105188029e+00 2.0478606070e+02
1.4091096118e+00 2.0450050085e+02
1.4077012520e+00 2.0423187767e+02
1.4062937269e+00 2.0398389226e+02
1.4048890138e+00 2.0375394257e+02
1.4034851343e+00 2.0350915256e+02
1.4020820919e+00 2.0321067993e+02
1.4006818519e+00 2.0294635374e+02
1.3992824480e+00 2.0268001987e+02
1.3978838834e+00 2.0241467663e+02
1.3964861615e+00 2.0214889816e+02
1.3950912320e+00 2.0191996650e+02
1.3936971440e+00 2.0163363884e+02
1.3923039010e+00 2.0142242332e+02
1.3909134407e+00 2.0109739829e+02
1.3895238241e+00 2.0083792994e+02
1.3881350544e+00 2.0056814136e+02
1.3867471350e+00 2.0031403692e+02
1.3853619882e+00 2.0006031730e+02
1.3839776903e+00 1.9979882035e+02
1.3825942445e+00 1.9957559177e+02
1.3812116541e+00 1.9925185280e+02
1.3798318261e+00 1.9899234252e+02
1.3784528521e+00 1.9871812863e+02
1.3770747352e+00 1.9850037001e+02
1.3756993712e+00 1.9817493415e+02
1.3743248629e+00 1.9794610666e+02
1.3729512136e+00 1.9763295616e+02
1.3715784262e+00 1.9736869732e+02
1.3702083813e+00 1.9709977216e+02
1.3688391970e+00 1.9682409180e+02
1.3674708763e+00 1.9655518928e+02
1.3661034222e+00 1.9630689357e+02
1.3647387003e+00 1.9600648470e+02
1.3633748436e+00 1.9577491793e+02
1.3620118550e+00 1.9546467674e+02
1.3606515888e+00 1.9527103033e+02
1.3592921894e+00 1.9495293135e+02
1.3579336595e+00 1.9467438701e+02
1.3565760022e+00 1.9437198584e+02
1.3552210569e+00 1.9409259559e+02
1.3538669826e+00 1.9386755389e+02
1.3525137821e+00 1.9358288907e+02
1.3511614584e+00 1.9331592096e+02
1.3498118362e+00 1.9300977233e+02
1.3484630892e+00 1.9286786825e+02
1.3471152201e+00 1.9247820339e+02
1.3457682318e+00 1.9219937766e+02
1.3444239345e+00 1.9187792011e+02
1.3430805163e+00 1.9159342117e+02
1.3417379800e+00 1.9134231636e+02
1.3403963284e+00 1.9108783271e+02
1.3390573572e+00 1.9084196440e+02
1.3377192689e+00 1.9068819368e+02
1.3363820663e+00 1.9030957895e+02
1.3350457520e+00 1.8999209163e+02
1.3337121076e+00 1.8980028728e+02
1.3323793497e+00 1.8935202553e+02
1.3310474811e+00 1.8911867895e+02
1.3297165044e+00 1.8882871261e+02
1.3283881869e+00 1.8861820895e+02
1.3270607595e+00 1.8824357134e+02
1.3257342248e+00 1.8803567195e+02
1.3244085853e+00 1.8784154526e+02
1.3230855944e+00 1.8737109101e+02
1.3217634969e+00 1.8718331520e+02
1.3204422954e+00 1.8690748945e+02
1.3191219924e+00 1.8657144322e+02
1.3178043271e+00 1.8627876307e+02
1.3164875585e+00 1.8625290368e+02
1.3151716891e+00 1.8579600372e+02
1.3138567213e+00 1.8545786355e+02
1.3125443804e+00 1.8539877155e+02
1.3112329392e+00 1.8490542072e+02
1.3099224002e+00 1.8462772872e+02
1.3086127658e+00 1.8427285458e+02
1.3073057474e+00 1.8405923337e+02
1.3059996317e+00 1.8380444111e+02
1.3046944210e+00 1.8348871946e+02
1.3033901177e+00 1.8316316781e+02
1.3020884196e+00 1.8294214260e+02
1.3007876269e+00 1.8274996553e+02
1.2994877419e+00 1.8228173011e+02
1.2981887670e+00 1.8200173369e+02
1.2968907045e+00 1.8172121769e+02
1.2955952353e+00 1.8143880894e+02
1.2943006764e+00 1.8129201861e+02
1.2930070301e+00 1.8097027496e+02
1.2917142986e+00 1.8063318701e+02
1.2904241495e+00 1.8036981500e+02
1.2891349131e+00 1.7999055846e+02
1.2878465917e+00 1.7974783170e+02
1.2865591875e+00 1.7946433042e+02
1.2852727027e+00 1.7904245998e+02
1.2839887882e+00 1.7881206748e+02
1.2827057909e+00 1.7858886723e+02
1.2814237130e+00 1.7812028889e+02
1.2801425567e+00 1.7792559914e+02
1.2788639596e+00 1.7756983952e+02
1.2775862818e+00 1.7751798991e+02
1.2763095255e+00 1.7702829184e+02
1.2750336928e+00 1.7669884833e+02
1.2737587858e+00 1.7645088046e+02
1.2724864258e+00 1.7609603957e+02
1.2712149892e+00 1.7580702878e+02
1.2699444780e+00 1.7547465583e+02
1.2686748944e+00 1.7520220754e+02
1.2674062405e+00 1.7488568319e+02
1.2661401212e+00 1.7454191096e+02
1.2648749292e+00 1.7446992743e+02
1.2636106664e+00 1.7403883818e+02
1.2623473349e+00 1.7387537457e+02
1.2610865269e+00 1.7342212948e+02
1.2598266479e+00 1.7331830371e+02
1.2585676996e+00 1.7287398897e+02
1.2573096842e+00 1.7252056035e+02
1.2560526035e+00 1.7225135763e+02
1.2547980340e+00 1.7186095676e+02
1.2535443968e+00 1.7168936323e+02
1.2522916938e+00 1.7142059867e+02
1.2510399269e+00 1.7099999352e+02
1.2497890981e+00 1.7076851231e+02
1.2485407680e+00 1.7055524922e+02
1.2472933734e+00 1.7009757213e+02
1.2460469162e+00 1.6987064272e+02
1.2448013982e+00 1.6951178588e+02
1.2435568212e+00 1.6916455239e+02
1.2423147305e+00 1.6887184473e+02
1.2410735783e+00 1.6856070115e+02
1.2398333664e+00 1.6825060645e+02
1.2385940966e+00 1.6794546703e+02
1.2373557707e+00 1.6775868797e+02
1.2361199185e+00 1.6734767072e+02
1.2348850075e+00 1.6704330651e+02
1.2336510396e+00 1.6672494030e+02
1.2324180165e+00 1.6646590306e+02
1.2311859399e+00 1.6607579528e+02
1.2299548115e+00 1.6578947954e+02
1.2287261427e+00 1.6547280314e+02
1.2274984196e+00 1.6528323344e+02
1.2262716437e+00 1.6492752177e+02
1.2250458167e+00 1.6456940091e+02
1.2238209403e+00 1.6424702314e+02
1.2225985109e+00 1.6397440260e+02
1.2213770293e+00 1.6367360763e+02
1.2201564973e+00 1.6351714110e+02
1.2189369164e+00 1.6301953603e+02
1.2177182882e+00 1.6284822156e+02
1.2165006143e+00 1.6238417154e+02
1.2152853733e+00 1.6211220719e+02
1.2140710839e+00 1.6188480529e+02
1.2128577476e+00 1.6151475212e+02
1.2116453659e+00 1.6114768415e+02
1.2104339406e+00 1.6096577222e+02
1.2092249352e+00 1.6053622386e+02
1.2080168832e+00 1.6031811150e+02
1.2068097863e+00 1.5990601086e+02
1.2056036457e+00 1.5967880472e+02
1.2043984632e+00 1.5933340110e+02
1.2031942401e+00 1.5906599509e+02
1.2019924226e+00 1.5871950294e+02
1.2007915618e+00 1.5844457581e+02
1.1995916590e+00 1.5820015767e+02
1.1983927157e+00 1.5782587873e+02
1.1971947333e+00 1.5746511543e+02
1.1959977133e+00 1.5715774144e+02
1.1948030845e+00 1.5682859776e+02
1.1936094152e+00 1.5655714379e+02
1.1924167067e+00 1.5625391828e+02
1.1912249605e+00 1.5586986847e+02
1.1900341778e+00 1.5556130595e+02
1.1888443601e+00 1.5535139298e+02
1.1876569192e+00 1.5498335721e+02
1.1864704403e+00 1.5474887980e+02
1.1852849247e+00 1.5429283151e+02
1.1841003738e+00 1.5407228578e+02
1.1829167889e+00 1.5367065956e+02
1.1817341713e+00 1.5338511602e+02
1.1805525222e+00 1.5315448593e+02
1.1793732339e+00 1.5274221402e+02
1.1781949111e+00 1.5245754833e+02
1.1770175552e+00 1.5217625975e+02
1.1758411674e+00 1.5189054237e+02
1.1746657489e+00 1.5159399550e+02
1.1734913009e+00 1.5125811143e+02
1.1723178247e+00 1.5090275236e+02
1.1711466932e+00 1.5066392647e+02
1.1699765303e+00 1.5029671527e+02
1.1688073373e+00 1.4994369589e+02
1.1676391154e+00 1.4980411618e+02
1.1664718659e+00 1.4939502728e+02
1.1653055897e+00 1.4910539540e+02
1.1641402882e+00 1.4871073082e+02
1.1629773150e+00 1.4847780418e+02
1.1618153132e+00 1.4822671338e+02
1.1606542840e+00 1.4772329608e+02
1.1594942286e+00 1.4745315559e+02
1.1583351481e+00 1.4711377846e+02
1.1571770435e+00 1.4684869492e+02
1.1560199159e+00 1.4655200050e+02
1.1548651002e+00 1.4620463195e+02
1.1537112584e+00 1.4584157651e+02
1.1525583915e+00 1.4565152837e+02
1.1514065006e+00 1.4522557337e+02
1.1502555868e+00 1.4521535850e+02
1.1491056511e+00 1.4464536531e+02
1.1479566945e+00 1.4443630878e+02
1.1468100332e+00 1.4400810991e+02
1.1456643478e+00 1.4376698784e+02
1.1445196394e+00 1.4335703519e+02
1.1433759088e+00 1.4306232947e+02
1.1422331572e+00 1.4273308304e+02
1.1410913854e+00 1.4256019322e+02
1.1399505945e+00 1.4208050380e+02
1.1388107854e+00 1.4182697382e+02
1.1376732534e+00 1.4159141766e+02
1.1365366999e+00 1.4130224295e+02
1.1354011259e+00 1.4088689544e+02
1.1342665322e+00 1.4050961092e+02
1.1331329199e+00 1.4033100101e+02
1.1320002898e+00 1.3995430882e+02
1.1308686428e+00 1.3965543939e+02
1.1297379799e+00 1.3941046228e+02
1.1286083018e+00 1.3917064659e+02
1.1274808807e+00 1.3873368844e+02
1.1263544412e+00 1.3833178930e+02
1.1252289841e+00 1.3800111094e+02
1.1241045102e+00 1.3773310841e+02
1.1229810205e+00 1.3756936870e+02
1.1218585157e+00 1.3745692352e+02
1.1207369966e+00 1.3682537211e+02
1.1196164642e+00 1.3641835924e+02
1.1184969191e+00 1.3638243718e+02
1.1173796107e+00 1.3592478804e+02
1.1162632863e+00 1.3552717094e+02
1.1151479467e+00 1.3541401966e+02
1.1140335926e+00 1.3513906880e+02
1.1129202248e+00 1.3499341819e+02
1.1118078440e+00 1.3431481247e+02
1.1106964511e+00 1.3394958077e+02
1.1095860467e+00 1.3358840538e+02
1.1084766316e+00 1.3360215693e+02
1.1073682066e+00 1.3325653435e+02
1.1062619960e+00 1.3284064628e+02
1.1051567720e+00 1.3263508509e+02
1.1040525352e+00 1.3244611210e+02
1.1029492864e+00 1.3174042145e+02
1.1018470262e+00 1.3137331637e+02
1.1007457552e+00 1.3127871331e+02
1.0996454743e+00 1.3088664301e+02
1.0985461840e+00 1.3085048979e+02
1.0974478849e+00 1.3019313272e+02
1.0963505778e+00 1.3005430241e+02
1.0952542633e+00 1.2967897225e+02
1.0941601391e+00 1.2935494523e+02
1.0930670039e+00 1.2935999501e+02
1.0919748584e+00 1.2881800726e+02
1.0908837031e+00 1.2866527086e+02
1.0897935386e+00 1.2793136471e+02
1.0887043656e+00 1.2797031425e+02
1.0876161846e+00 1.2780063190e+02
1.0865289962e+00 1.2731212361e+02
1.0854428010e+00 1.2699791167e+02
1.0843575994e+00 1.2668160343e+02
1.0832733922e+00 1.2627273885e+02
1.0821901798e+00 1.2601222204e+02
1.0811091315e+00 1.2588776698e+02
1.0800290744e+00 1.2570848077e+02
1.0789500090e+00 1.2509240145e+02
1.0778719359e+00 1.2476146270e+02
1.0767948555e+00 1.2447776696e+02
1.0757187684e+00 1.2407685189e+02
1.0746436750e+00 1.2368627088e+02
1.0735695759e+00 1.2347880131e+02
1.0724964715e+00 1.2311798183e+02
1.0714243623e+00 1.2300419337e+02
1.0703532487e+00 1.2281183243e+02
1.0692831312e+00 1.2243300452e+02
1.0682140103e+00 1.2222578011e+02
1.0671458863e+00 1.2174727410e+02
1.0660787598e+00 1.2137138253e+02
1.0650137653e+00 1.2088979247e+02
1.0639497645e+00 1.2064838368e+02
1.0628867579e+00 1.2047170357e+02
1.0618247458e+00 1.2036180648e+02
1.0607637287e+00 1.1975587546e+02
1.0597037068e+00 1.1987932077e+02
1.0586446807e+00 1.1902874588e+02
1.0575866507e+00 1.1871864520e+02
1.0565296172e+00 1.1850110772e+02
1.0554735804e+00 1.1853060478e+02
1.0544185409e+00 1.1784483860e+02
1.0533644989e+00 1.1764239359e+02
1.0523114547e+00 1.1720246951e+02
1.0512594088e+00 1.1686865890e+02
1.0502083613e+00 1.1685567336e+02
1.0491583127e+00 1.1652992876e+02
1.0481092633e+00 1.1603163652e+02
1.0470612133e+00 1.1579907086e+02
1.0460141630e+00 1.1560050531e+02
1.0449692048e+00 1.1502891154e+02
1.0439252424e+00 1.1468397978e+02
1.0428822763e+00 1.1458147044e+02
1.0418403067e+00 1.1437443809e+02
1.0407993339e+00 1.1386861600e+02
1.0397593581e+00 1.1374157023e+02
1.0387203796e+00 1.1330718347e+02
1.0376823986e+00 1.1283927685e+02
1.0366454154e+00 1.1282851581e+02
1.0356094303e+00 1.1241215062e+02
1.0345744433e+00 1.1190801385e+02
1.0335404548e+00 1.1166400325e+02
1.0325074650e+00 1.1151851104e+02
1.0314754741e+00 1.1115777914e+02
1.0304444822e+00 1.1081869755e+02
1.0294144896e+00 1.1054509420e+02
1.0283854965e+00 1.1014914789e+02
1.0273575029e+00 1.0983670563e+02
1.0263305092e+00 1.0951236876e+02
1.0253045154e+00 1.0921219854e+02
1.0242795218e+00 1.0912775595e+02
1.0232555284e+00 1.0865803802e+02
1.0222325354e+00 1.0837431041e+02
1.0212105430e+00 1.0817561199e+02
1.0201895512e+00 1.0768001718e+02
1.0191695603e+00 1.0783819597e+02
1.0181505702e+00 1.0721835146e+02
1.0171325812e+00 1.0676253441e+02
1.0161155933e+00 1.0650958252e+02
1.0150996066e+00 1.0615850081e+02
1.0140846213e+00 1.0604437290e+02
1.0130706374e+00 1.0572519058e+02
1.0120576549e+00 1.0564442734e+02
1.0110456740e+00 1.0502697388e+02
1.0100346947e+00 1.0521112926e+02
1.0090247171e+00 1.0473886296e+02
1.0080157412e+00 1.0402946033e+02
1.0070077671e+00 1.0387788074e+02
1.0060007947e+00 1.0344924335e+02
1.0049948243e+00 1.0331627616e+02
1.0039898557e+00 1.0289385690e+02
1.0029858890e+00 1.0270594451e+02
1.0019829242e+00 1.0235951356e+02
1.0009809613e+00 1.0195676121e+02
9.9998000040e-01 1.0173449441e+02
9.9898004138e-01 1.0135874704e+02
9.9798108427e-01 1.0127118551e+02
9.9698312905e-01 1.0070931159e+02
9.9598617571e-01 1.0061349824e+02
9.9499022422e-01 1.0023548602e+02
9.9399527455e-01 9.9964724871e+01
9.9300132665e-01 9.9774734312e+01
9.9200838049e-01 9.9352278018e+01
9.9101643601e-01 9.9043866930e+01
9.9002549316e-01 9.9001537147e+01
9.8903555187e-01 9.8423665996e+01
9.8804661209e-01 9.8063735657e+01
9.8705867373e-01 9.7959517163e+01
9.8607173672e-01 9.7607000119e+01
9.8508580097e-01 9.7183098527e+01
9.8410086640e-01 9.6917157954e+01
9.8311693291e-01 9.6608301468e+01
9.8213400040e-01 9.6306572398e+01
9.8115206876e-01 9.6060953392e+01
9.8017113788e-01 9.5903701148e+01
9.7919120765e-01 9.5389528199e+01
9.7821227793e-01 9.5137407282e+01
9.7723434861e-01 9.4865492928e+01
9.7625741956e-01 9.4621771296e+01
9.7528149062e-01 9.4288577768e+01
9.7430656166e-01 9.4021081088e+01
9.7333263253e-01 9.3662548093e+01
9.7235970308e-01 9.3501556674e+01
9.7138777314e-01 9.3251448591e+01
9.7041684255e-01 9.2913200159e+01
9.6944691115e-01 9.2546467178e+01
9.6847797875e-01 9.2528261377e+01
9.6751004517e-01 9.1934761597e+01
9.6654311024e-01 9.2054188952e+01
9.6557717376e-01 9.1579892481e+01
9.6461223553e-01 9.1123283844e+01
9.6364829535e-01 9.0785838522e+01
9.6268535303e-01 9.0807701208e+01
9.6172340835e-01 9.0426734051e+01
9.6076246109e-01 9.0003187438e+01
9.5980251104e-01 8.9694877096e+01
9.5884355796e-01 9.0008197602e+01
9.5788560164e-01 8.9333182847e+01
9.5692772612e-01 8.8793768110e+01
9.5597085054e-01 8.8535350800e+01
9.5501497463e-01 8.8493727018e+01
9.5406009815e-01 8.8792607018e+01
9.5310622083e-01 8.7644876932e+01
9.5215334239e-01 8.7557990277e+01
9.5120146257e-01 8.7199932609e+01
9.5025058108e-01 8.6836332919e+01
9.4930069764e-01 8.7138961375e+01
9.4835181197e-01 8.6376216805e+01
9.4740392377e-01 8.6140987682e+01
9.4645703274e-01 8.5909275348e+01
9.4551113859e-01 8.5580570092e+01
9.4456624101e-01 8.5173985103e+01
9.4362233969e-01 8.4910285717e+01
9.4267943432e-01 8.4658154575e+01
9.4173752457e-01 8.4728433699e+01
9.4079661012e-01 8.4198639588e+01
9.3985669065e-01 8.4088799827e+01
9.3891688426e-01 8.3599723856e+01
9.3797807570e-01 8.3916194590e+01
9.3704026462e-01 8.2954905588e+01
9.3610345066e-01 8.2804922724e+01
9.3516763347e-01 8.2753219416e+01
9.3423281269e-01 8.3008908164e+01
9.3329898793e-01 8.1897195735e+01
9.3236615884e-01 8.1633800519e+01
9.3143432503e-01 8.1288790844e+01
9.3050348613e-01 8.1193263260e+01
9.2957364175e-01 8.0734397109e+01
9.2864479151e-01 8.0569419862e+01
9.2771693501e-01 8.0189258355e+01
9.2679007185e-01 8.0227980911e+01
9.2586334442e-01 8.0018711099e+01
9.2493761296e-01 8.0330641592e+01
9.2401287704e-01 7.9541106039e+01
9.2308913626e-01 7.9210131020e+01
9.2216639017e-01 8.0295585213e+01
9.2124463836e-01 7.8865422965e+01
9.2032388038e-01 7.8368252399e+01
9.1940411580e-01 7.8319617749e+01
9.1848534419e-01 7.8022085361e+01
9.1756756509e-01 7.8512692639e+01
9.1665077805e-01 7.7315204746e+01
9.1573414406e-01 7.7911910437e+01
9.1481850458e-01 7.7377056827e+01
9.1390385914e-01 7.6285205718e+01
9.1299020727e-01 7.6283373429e+01
9.1207754848e-01 7.5871932011e+01
9.1116588230e-01 7.6525852772e+01
9.1025520825e-01 7.6637430203e+01
9.0934552584e-01 7.5605692078e+01
9.0843683457e-01 7.5293420157e+01
9.0752913395e-01 7.4963940637e+01
9.0662242349e-01 7.5133497228e+01
9.0571588236e-01 7.4800156595e+01
9.0481033366e-01 7.4486751021e+01
9.0390577686e-01 7.4069283716e+01
9.0300221145e-01 7.3667235069e+01
9.0209963690e-01 7.3287309935e+01
9.0119805269e-01 7.3447767019e+01
9.0029745828e-01 7.3159645312e+01
8.9939785314e-01 7.2486027507e+01
8.9849923672e-01 7.2346680264e+01
8.9760080281e-01 7.1948689866e+01
8.9670335977e-01 7.2257478086e+01
8.9580690703e-01 7.2528949950e+01
8.9491144404e-01 7.1629864706e+01
8.9401697023e-01 7.0665126726e+01
8.9312348504e-01 7.0359910549e+01
8.9223098790e-01 7.0167724162e+01
8.9133947823e-01 6.9764245622e+01
8.9044816256e-01 7.1217090408e+01
8.8955783638e-01 6.9962389873e+01
8.8866849910e-01 6.9832985332e+01
8.8778015012e-01 7.0975595318e+01
8.8689278885e-01 6.9342371412e+01
8.8600641469e-01 6.8716854734e+01
8.8512102702e-01 6.9119665540e+01
8.8423662526e-01 6.8926107976e+01
8.8335242847e-01 6.8679176666e+01
8.8246921947e-01 6.8194999888e+01
8.8158699765e-01 6.8411561099e+01
8.8070576237e-01 6.7286301153e+01
8.7982551300e-01 6.7669323654e+01
8.7894624892e-01 6.6738885107e+01
8.7806796949e-01 6.7471107451e+01
8.7718990460e-01 6.6591789518e+01
8.7631282615e-01 6.6515619804e+01
8.7543673350e-01 6.6582344717e+01
8.7456162598e-01 6.5748786589e+01
8.7368750295e-01 6.5678112288e+01
8.7281436373e-01 6.4794096408e+01
8.7194220767e-01 6.5490421190e+01
8.7107027534e-01 6.5193226830e+01
8.7019932786e-01 6.4179810068e+01
8.6932936456e-01 6.4781798862e+01
8.6846038475e-01 6.3803803742e+01
8.6759238774e-01 6.3843297064e+01
8.6672537287e-01 6.3464521554e+01
8.6585933942e-01 6.3700656580e+01
8.6499353850e-01 6.3313568910e+01
8.6412872061e-01 6.2888883043e+01
8.6326488506e-01 6.2685493582e+01
8.6240203113e-01 6.2104177847e+01
8.6154015811e-01 6.2330554547e+01
8.6067926529e-01 6.2096743594e+01
8.5981861267e-01 6.2211043566e+01
8.5895894176e-01 6.1692791486e+01
8.5810025185e-01 6.1823250518e+01
8.5724254220e-01 6.1117318655e+01
8.5638581208e-01 6.0134655420e+01
8.5553006076e-01 6.0647004305e+01
8.5467455702e-01 5.9997933771e+01
8.5382003352e-01 5.9424316700e+01
8.5296648951e-01 5.9513835934e+01
8.5211392422e-01 6.0128705481e+01
8.5126233692e-01 5.8982320179e+01
8.5041172684e-01 5.9654206398e+01
8.4956137146e-01 5.8274798317e+01
8.4871199468e-01 5.8731492388e+01
8.4786359570e-01 5.8049407477e+01
8.4701617377e-01 5.8525813887e+01
8.4616972811e-01 5.8161021686e+01
8.4532425793e-01 5.7270727762e+01
8.4447904932e-01 5.7174257710e+01
8.4363481748e-01 5.7584884965e+01
8.4279156163e-01 5.7421332511e+01
8.4194928098e-01 5.6729893394e+01
8.4110797471e-01 5.6424319758e+01
8.4026693600e-01 5.7048806043e+01
8.3942687291e-01 5.5577153418e+01
8.3858778463e-01 5.5820357682e+01
8.3774967035e-01 5.6031205248e+01
8.3691252925e-01 5.6908877860e+01
8.3607566150e-01 5.6104107572e+01
8.3523976810e-01 5.5582684755e+01
8.3440484823e-01 5.5105640088e+01
8.3357090104e-01 5.4606847129e+01
8.3273792572e-01 5.4624245435e+01
8.3190522936e-01 5.5761210644e+01
8.3107350596e-01 5.3981866941e+01
8.3024275468e-01 5.3626722622e+01
8.2941297467e-01 5.4111575037e+01
8.2858416509e-01 5.4136765970e+01
8.2775563991e-01 5.2406685035e+01
8.2692808620e-01 5.2362322015e+01
8.2610150309e-01 5.3073269290e+01
8.2527588973e-01 5.2376170536e+01
8.2445124525e-01 5.2212026242e+01
8.2362689043e-01 5.2493888766e+01
8.2280350547e-01 5.2308168530e+01
8.2198108950e-01 5.1940611374e+01
8.2115964165e-01 5.2078559814e+01
8.2033848807e-01 5.1901251859e+01
8.1951830353e-01 5.1391244788e+01
8.1869908715e-01 5.0468930029e+01
8.1788083803e-01 5.1160201728e+01
8.1706355529e-01 5.0304842909e+01
8.1624657176e-01 5.0813902476e+01
8.1543055549e-01 4.9488589058e+01
8.1461550555e-01 4.9569003465e+01
8.1380142106e-01 5.0081800733e+01
8.1298764015e-01 4.9321931219e+01
8.1217482550e-01 4.8733906993e+01
8.1136297621e-01 4.8362460386e+01
8.1055209135e-01 5.0055881470e+01
8.0974217000e-01 4.8163325637e+01
8.0893255687e-01 4.9128113422e+01
8.0812390802e-01 4.7824053555e+01
8.0731622254e-01 4.8755153846e+01
8.0650949947e-01 4.8582902847e+01
8.0570308874e-01 4.7497719753e+01
8.0489764117e-01 4.7951015430e+01
8.0409315580e-01 4.7043069559e+01
8.0328963170e-01 4.9150201178e+01
8.0248642394e-01 4.7752148485e+01
8.0168417812e-01 4.7786173008e+01
8.0088289330e-01 4.6952981213e+01
8.0008256852e-01 4.7173147659e+01
7.9928256397e-01 4.6618977488e+01
7.9848352010e-01 4.7045235975e+01
7.9768543594e-01 4.5825069248e+01
7.9688831053e-01 4.6525054922e+01
7.9609150913e-01 4.5961636542e+01
7.9529566707e-01 4.7037668298e+01
7.9450078338e-01 4.4804329742e+01
7.9370685707e-01 4.5207797993e+01
7.9291325846e-01 4.5531180809e+01
7.9212061779e-01 4.4116554544e+01
7.9132893407e-01 4.4433906964e+01
7.9053820632e-01 4.5480765119e+01
7.8974780983e-01 4.4233380736e+01
7.8895836982e-01 4.3263494065e+01
7.8816988529e-01 4.4674164680e+01
7.8738173526e-01 4.4458030141e+01
7.8659454119e-01 4.3193488052e+01
7.8580830206e-01 4.3794802616e+01
7.8502301687e-01 4.3500873619e+01
7.8423806958e-01 4.2938609899e+01
7.8345407666e-01 4.2828070422e+01
7.8267103710e-01 4.1936724197e+01
7.8188894988e-01 4.2914756195e+01
7.8110720384e-01 4.2445550952e+01
7.8032641054e-01 4.2455510871e+01
7.7954656894e-01 4.1008668423e+01
7.7876707155e-01 4.1970879756e+01
7.7798852623e-01 4.2628335050e+01
7.7721093194e-01 4.0735503848e+01
7.7643428765e-01 4.1376808338e+01
7.7565799067e-01 4.0666281049e+01
7.7488264402e-01 4.2510919450e+01
7.7410824665e-01 4.0924878700e+01
7.7333419947e-01 4.0070141395e+01
7.7256110186e-01 4.0532472192e+01
7.7178895277e-01 4.1670114336e+01
7.7101775114e-01 4.0068354197e+01
7.7024690264e-01 4.0162311431e+01
7.6947700187e-01 4.0225519068e+01
7.6870804776e-01 3.9683606829e+01
7.6793944951e-01 3.8527475025e+01
7.6717179815e-01 3.7791163519e+01
7.6640509261e-01 3.8297247918e+01
7.6563874561e-01 3.8297743099e+01
7.6487334462e-01 3.8313997018e+01
7.6410888857e-01 3.8800388428e+01
7.6334479368e-01 3.8140957834e+01
7.6258164390e-01 3.7589925087e+01
7.6181943813e-01 3.7158578794e+01
7.6105817529e-01 3.6961572308e+01
7.6029727624e-01 3.6891182728e+01
7.5953732025e-01 3.6638345715e+01
7.5877830622e-01 3.7018635300e+01
7.5801965848e-01 3.6899496554e+01
7.5726195281e-01 3.6154669422e+01
7.5650518811e-01 3.6266718127e+01
7.5574879212e-01 3.5616110449e+01
7.5499333718e-01 3.6070870400e+01
7.5423882218e-01 3.5398385833e+01
7.5348467827e-01 3.5423610474e+01
7.5273147434e-01 3.4621450749e+01
7.5197920928e-01 3.6120057670e+01
7.5122731763e-01 3.4677876798e+01
7.5047636487e-01 3.4418344655e+01
7.4972634988e-01 3.4740955346e+01
7.4897671057e-01 3.4686097060e+01
7.4822800902e-01 3.3695543381e+01
7.4748024410e-01 3.4840280116e+01
7.4673285707e-01 3.3402444903e+01
7.4598640664e-01 3.3987209944e+01
7.4524089167e-01 3.4240088067e+01
7.4449575675e-01 3.2415313920e+01
7.4375155723e-01 3.3959826988e+01
7.4300829197e-01 3.4974978650e+01
7.4226540887e-01 3.2238299714e+01
7.4152345995e-01 3.4944964019e+01
7.4078244405e-01 3.3103454273e+01
7.4004181236e-01 3.3158777011e+01
7.3930211359e-01 3.4149037486e+01
7.3856334658e-01 3.2024818348e+01
7.3782496578e-01 3.2894423292e+01
7.3708751661e-01 3.2831316057e+01
7.3635045569e-01 3.1628116844e+01
7.3561432624e-01 3.0887376839e+01
7.3487912708e-01 3.1461358403e+01
7.3414431809e-01 3.2428241440e+01
7.3341043922e-01 3.0516728557e+01
7.3267748929e-01 3.0831472657e+01
7.3194493139e-01 3.0868667406e+01
7.3121330223e-01 3.0268484155e+01
7.3048260063e-01 3.0467132013e+01
7.2975229288e-01 3.1351699535e+01
7.2902291246e-01 3.0616633231e+01
7.2829392778e-01 2.9932287206e+01
7.2756587018e-01 2.9671684748e+01
7.2683873847e-01 3.0033641496e+01
7.2611200423e-01 2.9841347864e+01
7.2538619561e-01 3.0691327885e+01
7.2466131142e-01 2.9063034027e+01
7.2393682638e-01 2.9583357029e+01
7.2321326547e-01 2.9323286945e+01
7.2249010550e-01 2.9548218152e+01
7.2176786935e-01 2.9102390698e+01
7.2104655581e-01 2.8445339170e+01
7.2032564482e-01 2.8100213936e+01
7.1960565610e-01 2.8367867272e+01
7.1888607165e-01 2.9854496276e+01
7.1816740913e-01 2.9724334618e+01
7.1744966732e-01 2.8443594474e+01
7.1673233129e-01 2.9020937253e+01
7.1601591560e-01 2.9814409554e+01
7.1529990737e-01 2.8885914603e+01
7.1458481907e-01 2.9934950842e+01
7.1387064949e-01 2.8158913525e+01
7.1315688881e-01 2.6748593861e+01
7.1244404643e-01 2.6688762672e+01
7.1173161455e-01 2.6684791792e+01
7.1102010054e-01 2.7172122561e+01
7.1030950316e-01 2.8906892778e+01
7.0959931765e-01 2.5542424840e+01
7.0889004832e-01 2.7542717969e+01
7.0818119241e-01 2.7241206312e+01
7.0747325221e-01 2.7036178711e+01
7.0676622647e-01 2.5761642290e+01
7.0605961544e-01 2.7842073650e+01
7.0535391838e-01 2.7375343856e+01
7.0464863753e-01 2.8603092186e+01
7.0394427014e-01 2.5261556649e+01
7.0324081497e-01 2.7494430946e+01
7.0253777721e-01 2.5657995747e+01
7.0183565115e-01 2.5000828739e+01
7.0113394393e-01 2.6875999476e+01
7.0043314786e-01 2.5071891499e+01
6.9973277205e-01 2.5402487125e+01
6.9903330684e-01 2.4975430565e+01
6.9833475095e-01 2.5925043282e+01
6.9763661643e-01 2.4812055404e+01
6.9693939067e-01 2.5849061112e+01
6.9624258763e-01 2.7294786604e+01
6.9554669275e-01 2.4516786600e+01
6.9485122193e-01 2.6234389716e+01
6.9415665866e-01 2.3736811493e+01
6.9346252078e-01 2.3538191395e+01
6.9276928981e-01 2.4329292407e+01
6.9207696450e-01 2.2562542458e+01
6.9138506553e-01 2.5196425725e+01
6.9069407157e-01 2.5464769867e+01
6.9000350522e-01 2.5720571430e+01
6.8931384321e-01 2.5072447549e+01
6.8862461007e-01 2.5954514897e+01
6.8793628059e-01 2.5246321101e+01
6.8724838119e-01 2.4857853360e+01
6.8656138477e-01 2.5317264948e+01
6.8587529004e-01 2.6777335275e+01
6.8518962623e-01 2.4041299589e+01
6.8450486341e-01 2.3870348914e+01
6.8382053267e-01 2.4043004503e+01
6.8313710220e-01 2.2767798895e+01
6.8245410496e-01 2.3457456409e+01
6.8177200726e-01 2.4223983299e+01
6.8109034391e-01 2.3740271318e+01
6.8040957935e-01 2.3180291511e+01
6.7972925025e-01 2.3538667250e+01
6.7904981917e-01 2.3465150923e+01
6.7837082463e-01 2.4088328384e+01
6.7769272734e-01 2.1885293031e+01
6.7701506765e-01 2.3115341227e+01
6.7633830442e-01 2.2629050626e+01
6.7566197982e-01 2.2694454646e+01
6.7498655089e-01 2.1957575579e+01
6.7431201631e-01 2.0879247464e+01
6.7363792096e-01 2.2420251045e+01
6.7296471915e-01 2.1517793051e+01
6.7229195757e-01 2.2053981738e+01
6.7162008869e-01 2.2718959795e+01
6.7094866102e-01 2.0600951826e+01
6.7027812521e-01 2.2363782434e+01
6.6960803155e-01 2.0734588610e+01
6.6893882889e-01 2.2571447981e+01
6.6827006932e-01 2.3076346058e+01
6.6760219988e-01 2.1250257715e+01
6.6693477445e-01 2.2917608969e+01
6.6626823826e-01 2.2691776790e+01
6.6560214697e-01 2.4437726313e+01
6.6493694403e-01 1.8688239522e+01
6.6427218686e-01 2.1733865442e+01
6.6360831714e-01 2.0798772492e+01
6.6294489403e-01 1.9553261433e+01
6.6228235746e-01 2.3034798901e+01
6.6162026834e-01 2.0215005954e+01
6.6095906482e-01 1.9053176193e+01
6.6029830957e-01 2.0060327650e+01
6.5963843898e-01 1.9868664099e+01
6.5897901745e-01 2.0831253966e+01
6.5832004624e-01 2.0592273772e+01
6.5766195912e-01 1.7479449274e+01
6.5700432309e-01 1.9831656269e+01
6.5634757017e-01 2.0368230909e+01
6.5569126908e-01 2.0215856239e+01
6.5503585011e-01 1.9829245150e+01
6.5438088370e-01 1.9753057899e+01
6.5372679842e-01 1.8114738167e+01
6.5307316640e-01 1.9673579903e+01
6.5242041450e-01 1.8206854142e+01
6.5176811655e-01 1.7000120082e+01
6.5111669769e-01 1.8889795086e+01
6.5046573347e-01 1.7900460755e+01
6.4981564730e-01 2.1880458026e+01
6.4916601642e-01 2.0689034741e+01
6.4851726256e-01 2.0444696424e+01
6.4786896461e-01 1.8321467050e+01
6.4722112374e-01 1.8239438361e+01
6.4657415915e-01 1.8619990800e+01
6.4592765223e-01 1.6802274626e+01
6.4528202051e-01 1.7691986834e+01
6.4463684706e-01 1.8621753208e+01
6.4399254772e-01 1.9215536034e+01
6.4334870722e-01 1.6850926083e+01
6.4270573975e-01 1.8646590179e+01
6.4206323167e-01 1.8548642982e+01
6.4142118409e-01 2.1141303997e+01
6.4078000869e-01 1.9345699657e+01
6.4013929431e-01 1.8601823271e+01
6.3949945099e-01 1.9225648081e+01
6.3886006920e-01 1.6427071529e+01
6.3822155734e-01 1.6228874591e+01
6.3758350750e-01 1.8091616174e+01
6.3694632644e-01 1.5876002639e+01
6.3630960789e-01 1.6727209968e+01
6.3567335289e-01 1.8109114753e+01
6.3503796574e-01 1.6873667103e+01
6.3440304260e-01 1.5337441055e+01
6.3376898613e-01 1.8143485374e+01
6.3313539410e-01 1.7702921749e+01
6.3250226752e-01 1.6601498797e+01
6.3187000665e-01 1.6678385104e+01
6.3123821163e-01 1.7500390188e+01
6.3060728112e-01 1.8988011462e+01
6.2997681685e-01 1.6069560771e+01
6.2934721589e-01 1.6536183624e+01
6.2871808155e-01 1.5688276420e+01
6.2808941481e-01 1.5698340182e+01
6.2746161033e-01 1.7988558658e+01
6.2683427379e-01 1.5618885336e+01
6.2620779829e-01 1.5454719592e+01
6.2558179107e-01 1.7520849323e+01
6.2495625306e-01 1.4427126734e+01
6.2433157501e-01 1.5003391429e+01
6.2370736648e-01 1.7446811223e+01
6.2308401665e-01 1.6627144379e+01
6.2246113664e-01 1.6219895353e+01
6.2183872737e-01 1.4494510696e+01
6.2121717566e-01 1.4430998320e+01
6.2059609496e-01 1.4663825597e+01
6.1997587054e-01 1.4658156414e+01
6.1935611738e-01 1.5595975204e+01
6.1873683637e-01 1.5797574215e+01
6.1811841047e-01 1.6672166623e+01
6.1750045695e-01 1.5204234822e+01
6.1688297668e-01 1.7598713882e+01
6.1626635032e-01 1.3499306839e+01
6.1565019741e-01 1.5649930606e+01
6.1503489708e-01 1.6761161275e+01
6.1442007040e-01 1.7352531644e+01
6.1380571821e-01 1.8261899192e+01
6.1319221736e-01 1.3873700712e+01
6.1257919117e-01 1.8154161190e+01
6.1196664047e-01 1.5718600430e+01
6.1135493984e-01 1.1237406479e+01
6.1074371484e-01 1.5197535706e+01
6.1013333854e-01 1.4659334455e+01
6.0952343800e-01 1.6279944371e+01
6.0891401403e-01 1.5021088553e+01
6.0830543746e-01 1.7270270289e+01
6.0769733756e-01 1.4016841862e+01
6.0708971511e-01 1.7303548872e+01
6.0648293873e-01 1.3120235039e+01
6.0587663988e-01 1.0722461263e+01
6.0527081935e-01 1.2272375219e+01
6.0466584351e-01 1.0932538548e+01
6.0406134605e-01 1.2403584865e+01
6.0345732772e-01 1.2233511080e+01
6.0285415270e-01 1.1186599977e+01
6.0225145685e-01 1.1999229759e+01
6.0164924090e-01 1.1208703661e+01
6.0104786685e-01 1.5448447850e+01
6.0044697273e-01 1.3280504761e+01
5.9984655925e-01 1.3584366690e+01
5.9924698624e-01 1.0929553032e+01
5.9864789387e-01 1.1326384105e+01
5.9804928285e-01 1.5397970194e+01
5.9745151084e-01 1.2465270063e+01
5.9685422015e-01 1.2462745782e+01
5.9625741148e-01 1.1783222444e+01
5.9566144033e-01 9.5100255535e+00
5.9506595116e-01 1.0410374767e+01
5.9447094464e-01 1.1225263445e+01
5.9387677413e-01 1.1018564055e+01
5.9328308621e-01 1.0735066891e+01
5.9268988154e-01 9.6517543171e+00
5.9209751135e-01 1.3711231158e+01
5.9150562433e-01 1.0476708695e+01
5.9091422112e-01 8.9910076902e+00
5.9032365084e-01 1.4720223706e+01
5.8973356427e-01 1.2800274375e+01
5.8914396204e-01 9.4244066209e+00
5.8855484478e-01 8.4903998887e+00
5.8796655881e-01 1.8164983849e+01
5.8737875768e-01 9.8790557301e+00
5.8679144200e-01 1.3043962551e+01
5.8620495601e-01 1.1473126691e+01
5.8561895531e-01 1.2603978569e+01
5.8503344051e-01 1.2673449999e+01
5.8444841220e-01 1.4128882220e+01
5.8386421187e-01 1.4838772506e+01
5.8328049784e-01 1.5574960052e+01
5.8269727070e-01 1.0522191382e+01
5.8211486989e-01 9.8696149536e+00
5.8153295576e-01 1.6241784212e+01
5.8095152889e-01 1.2288010860e+01
5.8037058984e-01 1.2737662295e+01
5.7979047532e-01 1.3379080510e+01
5.7921084839e-01 1.1869524682e+01
5.7863170960e-01 1.4554681404e+01
5.7805339364e-01 1.2155044942e+01
5.7747556557e-01 9.4460700691e+00
5.7689822592e-01 1.7143264356e+01
5.7632137524e-01 9.8217491117e+00
5.7574534553e-01 1.1652047825e+01
5.7516980451e-01 1.4206006985e+01
5.7459475269e-01 1.2119194395e+01
5.7402019059e-01 1.6538063536e+01
5.7344644756e-01 1.3808217989e+01
5.7287319395e-01 1.5583272304e+01
5.7230043026e-01 1.5457461028e+01
5.7172815698e-01 1.2543846276e+01
5.7115670084e-01 1.2127388345e+01
5.7058573479e-01 1.5827060417e+01
5.7001525931e-01 1.1383826598e+01
5.6944527489e-01 1.5462220493e+01
5.6887610561e-01 1.0437490769e+01
5.6830742704e-01 1.5481228916e+01
5.6773923964e-01 1.0879591861e+01
5.6717154387e-01 1.5099443530e+01
5.6660466123e-01 1.5399896946e+01
5.6603826985e-01 1.5481731712e+01
5.6547237017e-01 1.4634988558e+01
5.6490696265e-01 9.2794049425e+00
5.6434236620e-01 1.8515726235e+01
5.6377826150e-01 1.5956348179e+01
5.6321464899e-01 1.1877991928e+01
5.6265152909e-01 1.4967881698e+01
5.6208890223e-01 1.4757097696e+01
5.6152708414e-01 1.4188808515e+01
5.6096575865e-01 1.6677940503e+01
5.6040492618e-01 1.5791905855e+01
5.5984458714e-01 1.6266204189e+01
5.5928505473e-01 1.2412337026e+01
5.5872601529e-01 1.3635387391e+01
5.5816746922e-01 1.8020024220e+01
5.5760941691e-01 1.2444948628e+01
5.5705185874e-01 1.6523907566e+01
5.5649510479e-01 8.8766997637e+00
5.5593884450e-01 1.3872196328e+01
5.5538307826e-01 1.1141126955e+01
5.5482780642e-01 1.5522952323e+01
5.5427302935e-01 1.0481439993e+01
5.5371905403e-01 1.7466947051e+01
5.5316557297e-01 7.3855593393e+00
5.5261258653e-01 1.1506914569e+01
5.5206009505e-01 1.6119907106e+01
5.5150809890e-01 1.4895040448e+01
5.5095659839e-01 1.0241426423e+01
5.5040589683e-01 1.1272374946e+01
5.4985569037e-01 1.3214328595e+01
5.4930597936e-01 9.7274183284e+00
5.4875676411e-01 1.3671263368e+01
5.4820804495e-01 8.4519198846e+00
5.4766012213e-01 1.3711526514e+01
5.4711269482e-01 1.3559647577e+01
5.4656576334e-01 1.6494794694e+01
5.4601932799e-01 1.3839072363e+01
5.4547338908e-01 1.1201099058e+01
5.4492794690e-01 1.6784648750e+01
5.4438329810e-01 1.2018259981e+01
5.4383914543e-01 1.3824772655e+01
5.4329548918e-01 9.0765183951e+00
5.4275232963e-01 1.0397603233e+01
5.4220966706e-01 1.3995787471e+01
5.4166750174e-01 1.0464407740e+01
5.4112612676e-01 9.5036765518e+00
5.4058524840e-01 1.2263043530e+01
5.4004486693e-01 9.5701022630e+00
5.3950498260e-01 8.0229482202e+00
5.3896559567e-01 1.8396812876e+01
5.3842670640e-01 1.0439268736e+01
5.3788831502e-01 1.2139663188e+01
5.3735071054e-01 9.8329020054e+00
5.3681360329e-01 9.3123182573e+00
5.3627699350e-01 1.3234180567e+01
5.3574088142e-01 1.7363662998e+01
5.3520526728e-01 1.0871660557e+01
5.3467015129e-01 1.4733330891e+01
5.3413553369e-01 1.6668122145e+01
5.3360141468e-01 1.4970584291e+01
5.3306807866e-01 1.1291775139e+01
5.3253524052e-01 1.6670012643e+01
5.3200290048e-01 1.3288442778e+01
5.3147105874e-01 1.1297756790e+01
5.3093971551e-01 9.5172358749e+00
5.3040887098e-01 1.5512835762e+01
5.2987852535e-01 1.0803480293e+01
5.2934867880e-01 1.1967483307e+01
5.2881933152e-01 1.3281744843e+01
5.2829076278e-01 1.1971303989e+01
5.2776269256e-01 1.4175503517e+01
5.2723512103e-01 1.1545354263e+01
5.2670804836e-01 7.1141967226e+00
5.2618147473e-01 1.6342169168e+01
5.2565540029e-01 1.6997867365e+01
5.2512982522e-01 1.6541403192e+01
5.2460474967e-01 1.9030494523e+01
5.2408017378e-01 1.7699619232e+01
5.2355609773e-01 1.5649438415e+01
5.2303279520e-01 1.6326173884e+01
5.2250999170e-01 2.1540673292e+01
5.2198768735e-01 5.4552501212e+00
5.2146588231e-01 1.3887516479e+01
5.2094457671e-01 1.1969785008e+01
5.2042377067e-01 2.0013182060e+01
5.1990346432e-01 1.3332794253e+01
5.1938365780e-01 1.2212051474e+01
5.1886435122e-01 7.3516878985e+00
5.1834554469e-01 1.1104986262e+01
5.1782723833e-01 1.6668262147e+01
5.1730943226e-01 1.0525407565e+01
5.1679212657e-01 1.4944749834e+01
5.1627558791e-01 1.8996232330e+01
5.1575954877e-01 6.2480024812e+00
5.1524400926e-01 1.5889713244e+01
5.1472896946e-01 2.0082366589e+01
5.1421442947e-01 1.1387494990e+01
5.1370038938e-01 1.4982828251e+01
5.1318684928e-01 1.5998457501e+01
5.1267380924e-01 9.7806432962e+00
5.1216126934e-01 4.3761565277e+00
5.1164922966e-01 1.1326975251e+01
5.1113769027e-01 2.0762375597e+01
5.1062665124e-01 5.9518296675e+00
5.1011611263e-01 1.6975230197e+01
5.0960607450e-01 1.3769763660e+01
5.0909653692e-01 1.2129406857e+01
5.0858749994e-01 1.6139087489e+01
5.0807896360e-01 5.7959002613e+00
5.0757092796e-01 9.4659822707e+00
5.0706339307e-01 7.5851802209e+00
5.0655635895e-01 1.7958370728e+01
5.0604982567e-01 1.1258807906e+01
5.0554379324e-01 1.2589398504e+01
5.0503826170e-01 1.5194503192e+01
5.0453323108e-01 1.1161192644e+01
5.0402870141e-01 7.7856166431e+00
5.0352467271e-01 6.4231453304e+00
5.0302139803e-01 3.8077104727e+00
5.0251862334e-01 1.3799474615e+01
5.0201634866e-01 8.7510003865e+00
5.0151457401e-01 7.8947075083e+00
5.0101329940e-01 1.0501668455e+01
5.0051252483e-01 1.4958564387e+01
5.0001225030e-01 2.3072469109e+01
4.9951247582e-01 2.1722486076e+01
4.9901320139e-01 1.9846884451e+01
4.9851442701e-01 1.6729462296e+01
4.9801615266e-01 1.9773008732e+01
4.9751837833e-01 2.3183229861e+01
4.9702110401e-01 1.5510738174e+01
4.9652408316e-01 1.8440912658e+01
4.9602756326e-01 1.9505796782e+01
4.9553154430e-01 2.2915523615e+01
4.9503602625e-01 2.2057293775e+01
4.9454100907e-01 1.7650555891e+01
4.9404649274e-01 1.4244273503e+01
4.9355247721e-01 2.4325396293e+01
4.9305896246e-01 2.3556893277e+01
4.9256594842e-01 2.5777692362e+01
4.9207343507e-01 2.1930602162e+01
4.9158142235e-01 2.0196919647e+01
4.9108991021e-01 2.1055111888e+01
4.9059889861e-01 2.4060450023e+01
4.9010838747e-01 2.3065815764e+01
4.8961837675e-01 2.3326692547e+01
4.8912886638e-01 1.6571267199e+01
4.8863985630e-01 1.9435108721e+01
4.8815134644e-01 2.4151192129e+01
4.8766333674e-01 3.1429437568e+01
4.8717582711e-01 2.0969595509e+01
4.8668881750e-01 2.4656406255e+01
4.8620230781e-01 1.6079292444e+01
4.8571629797e-01 2.5309777888e+01
4.8523078789e-01 2.5791394298e+01
4.8474577750e-01 3.1286152735e+01
4.8426103219e-01 2.1459752906e+01
4.8377678733e-01 1.8030414343e+01
4.8329304280e-01 2.9734661736e+01
4.8280979853e-01 2.3791647759e+01
4.8232705440e-01 1.8009617635e+01
4.8184481031e-01 2.3514319256e+01
4.8136306617e-01 1.9498347318e+01
4.8088182185e-01 3.1358836423e+01
4.8040107725e-01 2.9315911386e+01
4.7992083226e-01 1.7288087165e+01
4.7944108676e-01 2.1181124919e+01
4.7896184063e-01 2.4782999487e+01
4.7848309376e-01 2.6230590205e+01
4.7800461752e-01 2.8679794787e+01
4.7752664121e-01 2.7720348881e+01
4.7704916469e-01 2.2023385648e+01
4.7657218782e-01 2.5124428441e+01
4.7609571047e-01 1.8941699636e+01
4.7561973251e-01 2.9209299666e+01
4.7514425380e-01 1.7967122900e+01
4.7466927418e-01 2.7822732140e+01
4.7419479353e-01 2.0515440695e+01
4.7372081169e-01 1.7161563864e+01
4.7324710456e-01 2.9185324642e+01
4.7277389683e-01 2.7023130103e+01
4.7230118836e-01 1.9919606084e+01
4.7182897898e-01 2.9399913474e+01
4.7135726854e-01 2.8146893948e+01
4.7088605688e-01 2.4664503251e+01
4.7041534382e-01 2.7615524359e+01
4.6994512921e-01 2.5807867427e+01
4.6947519246e-01 1.0660747404e+01
4.6900575470e-01 1.9255853632e+01
4.6853681575e-01 3.4260017703e+01
4.6806837543e-01 2.9540646725e+01
4.6760043356e-01 2.8959595692e+01
4.6713298996e-01 2.3531404183e+01
4.6666604445e-01 2.8690939743e+01
4.6619937949e-01 3.3312450505e+01
4.6573321311e-01 3.2694003814e+01
4.6526754512e-01 1.8394360894e+01
4.6480237533e-01 3.8263722850e+01
4.6433770353e-01 1.5664449971e+01
4.6387352952e-01 3.4083314682e+01
4.6340985311e-01 3.3833189021e+01
4.6294645978e-01 3.4558702275e+01
4.6248356449e-01 2.1290380270e+01
4.6202116704e-01 4.4770364887e+01
4.6155926721e-01 3.4871903561e+01
4.6109786479e-01 3.9760902884e+01
4.6063695957e-01 3.9322416171e+01
4.6017633957e-01 2.3375960222e+01
4.5971621718e-01 5.6284478586e+01
4.5925659217e-01 4.1711242164e+01
4.5879746432e-01 2.0642669619e+01
4.5833883340e-01 1.3384822347e+01
4.5788069918e-01 5.4367119667e+01
4.5742285221e-01 4.1225186282e+01
4.5696550230e-01 5.4030498923e+01
4.5650864924e-01 4.4950916925e+01
4.5605229278e-01 4.8576485413e+01
4.5559643268e-01 5.5057926295e+01
4.5514086155e-01 4.3526512040e+01
4.5468578711e-01 4.2208031736e+01
4.5423120914e-01 5.4835785289e+01
4.5377712736e-01 5.6966490727e+01
4.5332354154e-01 4.6312738760e+01
4.5287024633e-01 3.9527399856e+01
4.5241744739e-01 5.2211467523e+01
4.5196514445e-01 5.8657335916e+01
4.5151333725e-01 4.9871136269e+01
4.5106202554e-01 3.5840048964e+01
4.5061100599e-01 9.6783504053e+00
4.5016048221e-01 5.8526883359e+00
4.4971045392e-01 3.5736693502e+01
4.4926092086e-01 5.5445936716e+01
4.4881168131e-01 4.5766539236e+01
4.4836293724e-01 4.1457246616e+01
4.4791468838e-01 2.4176172434e+01
4.4746693443e-01 5.7409315217e+01
4.4701947530e-01 2.5585737250e+01
4.4657251132e-01 3.6392016166e+01
4.4612604221e-01 2.4266285840e+01
4.4568006767e-01 6.0898865603e+01
4.4523438919e-01 2.4004998987e+01
4.4478920550e-01 5.2972084619e+01
4.4434451630e-01 5.5661694707e+01
4.4390032130e-01 4.4954556106e+01
4.4345642353e-01 6.1979965873e+01
4.4301302015e-01 6.2243350015e+01
4.4257011085e-01 4.9482041360e+01
4.4212769532e-01 5.7347131422e+01
4.4168557817e-01 8.0545946433e+01
4.4124395496e-01 7.5891763331e+01
4.4080282537e-01 6.9837925581e+01
4.4036218909e-01 4.3073408558e+01
4.3992185228e-01 4.8444099592e+01
4.3948200893e-01 5.5434004370e+01
4.3904265870e-01 7.6449654029e+01
4.3860380129e-01 9.4855640759e+01
4.3816524438e-01 7.4419114261e+01
4.3772718041e-01 8.9921489976e+01
4.3728960904e-01 8.0983854675e+01
4.3685233910e-01 7.3678434101e+01
4.3641556188e-01 7.4597900510e+01
4.3597927703e-01 7.1282266738e+01
4.3554348423e-01 8.8786397152e+01
4.3510799380e-01 9.4346555381e+01
4.3467299551e-01 8.1783868998e+01
4.3423848899e-01 1.0757447040e+02
4.3380428573e-01 8.1583413057e+01
4.3337057431e-01 1.0536029492e+02
4.3293735440e-01 6.0956574088e+01
4.3250443858e-01 9.9597448553e+01
4.3207201431e-01 8.4103525384e+01
4.3164008123e-01 1.2052953400e+02
4.3120845307e-01 8.3987906185e+01
4.3077731613e-01 9.1785678262e+01
4.3034667006e-01 8.6959061816e+01
4.2991632968e-01 8.0552106623e+01
4.2948648020e-01 6.7520608313e+01
4.2905712123e-01 1.0018254292e+02
4.2862806871e-01 8.7548168817e+01
4.2819950671e-01 1.0545568935e+02
4.2777143488e-01 9.3001795667e+01
4.2734367021e-01 1.0921069631e+02
4.2691639568e-01 1.1246264973e+02
4.2648961093e-01 8.7490521448e+01
4.2606313404e-01 9.0928129511e+01
4.2563714689e-01 1.1197498941e+02
4.2521164910e-01 8.1469095368e+01
4.2478645985e-01 1.1557127460e+02
4.2436175991e-01 1.2345262706e+02
4.2393754891e-01 9.6380648096e+01
4.2351364709e-01 8.0518092220e+01
4.2309023415e-01 1.0292301826e+02
4.2266730968e-01 8.7716446960e+01
4.2224469502e-01 1.1675852380e+02
4.2182256877e-01 1.4065102327e+02
4.2140075296e-01 1.0487555798e+02
4.2097942547e-01 7.5608691175e+01
4.2055858591e-01 1.5221094366e+02
4.2013805737e-01 1.0819347234e+02
4.1971801665e-01 1.3088366771e+02
4.1929846335e-01 1.0195967061e+02
4.1887922162e-01 1.2052942331e+02
4.1846046720e-01 1.2377410948e+02
4.1804202493e-01 1.4848154063e+02
4.1762406985e-01 9.6057035517e+01
4.1720660154e-01 1.4291865097e+02
4.1678944589e-01 1.3594654852e+02
4.1637277688e-01 1.0607613543e+02
4.1595642108e-01 1.5475583561e+02
4.1554055177e-01 1.3280195275e+02
4.1512516854e-01 1.5030923843e+02
4.1471009898e-01 1.6077262390e+02
4.1429551533e-01 1.6042383312e+02
4.1388124588e-01 1.5831463094e+02
4.1346746218e-01 1.3936601452e+02
4.1305416379e-01 1.5721715164e+02
4.1264118002e-01 1.8304957301e+02
4.1222868139e-01 1.2925338731e+02
4.1181649786e-01 1.9575307232e+02
4.1140479928e-01 1.9508349174e+02
4.1099341630e-01 1.9932465587e+02
4.1058251805e-01 1.3490790484e+02
4.1017193587e-01 2.1771244138e+02
4.0976183822e-01 1.7060549176e+02
4.0935222467e-01 1.9377090742e+02
4.0894292752e-01 1.4012591079e+02
4.0853411423e-01 2.0487781687e+02
4.0812561780e-01 1.9728291792e+02
4.0771760500e-01 1.7946845876e+02
4.0730990948e-01 2.1265020657e+02
4.0690269736e-01 1.1040953914e+02
4.0649580293e-01 2.0159413093e+02
4.0608939165e-01 1.9084589543e+02
4.0568346304e-01 1.7506478825e+02
4.0527785242e-01 2.5111139988e+02
4.0487272421e-01 2.3661224948e+02
4.0446791437e-01 2.2028850813e+02
4.0406358668e-01 2.2709000641e+02
4.0365957773e-01 2.2337865203e+02
4.0325605066e-01 2.5845505274e+02
4.0285284269e-01 2.3838237795e+02
4.0245011631e-01 1.6844078667e+02
4.0204770939e-01 1.8525833157e+02
4.0164578376e-01 1.8994115885e+02
4.0124417795e-01 2.3452265141e+02
4.0084305311e-01 2.8072331563e+02
4.0044224842e-01 2.3749369778e+02
4.0004192439e-01 2.2532168358e+02
3.9964192084e-01 9.3380215674e+01
3.9924239763e-01 1.9800144717e+02
3.9884319520e-01 2.4238004860e+02
3.9844447278e-01 2.6199559207e+02
3.9804607144e-01 2.9026123092e+02
3.9764814978e-01 2.9239278428e+02
3.9725054950e-01 2.8314872603e+02
3.9685342854e-01 3.2935000459e+02
3.9645662923e-01 3.2734893583e+02
3.9606030890e-01 3.1149428402e+02
3.9566431049e-01 2.6758647107e+02
3.9526879068e-01 3.2396448083e+02
3.9487359307e-01 3.5729719397e+02
3.9447887368e-01 3.7827304637e+02
3.9408447674e-01 3.5017995484e+02
3.9369040265e-01 3.5772380955e+02
3.9329680655e-01 3.0668760805e+02
3.9290353354e-01 4.0075161208e+02
3.9251073811e-01 3.6852397808e+02
3.9211826601e-01 3.9867930979e+02
3.9172627108e-01 3.8516011058e+02
3.9133459969e-01 4.6205655919e+02
3.9094340508e-01 3.5351177856e+02
3.9055253420e-01 4.6526275032e+02
3.9016198745e-01 3.2277390502e+02
3.8977191717e-01 4.1425843166e+02
3.8938217120e-01 4.2556744863e+02
3.8899290127e-01 4.4503536662e+02
3.8860395583e-01 3.6275623174e+02
3.8821548599e-01 4.7222730841e+02
3.8782734082e-01 4.1555187985e+02
3.8743952069e-01 3.1429449351e+02
3.8705217579e-01 4.6858756216e+02
3.8666515609e-01 4.0760713870e+02
3.8627861117e-01 4.8151089376e+02
3.8589239159e-01 4.6251781594e+02
3.8550664633e-01 4.5403773653e+02
3.8512122653e-01 5.3770464799e+02
3.8473613257e-01 4.8599248759e+02
3.8435151252e-01 4.9601978232e+02
3.8396721841e-01 4.9349587861e+02
3.8358339774e-01 4.7523164609e+02
3.8319990313e-01 4.4731059318e+02
3.8281673491e-01 5.9919122079e+02
3.8243403969e-01 4.2856434959e+02
3.8205167096e-01 5.1945376410e+02
3.8166962906e-01 4.7261832593e+02
3.8128805970e-01 6.3343550458e+02
3.8090681724e-01 5.5290808973e+02
3.8052604682e-01 5.3061745526e+02
3.8014560337e-01 5.3845981615e+02
3.7976548722e-01 5.5402600655e+02
3.7938584261e-01 5.4512643243e+02
3.7900652536e-01 5.7714887453e+02
3.7862753576e-01 5.5577102206e+02
3.7824901721e-01 6.3439036317e+02
3.7787082637e-01 6.5772765868e+02
3.7749296353e-01 6.2792845710e+02
3.7711557122e-01 6.8450602517e+02
3.7673850693e-01 6.9936047949e+02
3.7636177098e-01 7.8482629688e+02
3.7598550501e-01 7.3231580708e+02
3.7560956738e-01 6.2724825446e+02
3.7523395837e-01 7.0017624074e+02
3.7485881880e-01 8.4006934968e+02
3.7448400785e-01 8.0149236515e+02
3.7410952580e-01 7.6959681823e+02
3.7373551261e-01 8.7669617855e+02
3.7336182831e-01 9.3702524809e+02
3.7298847316e-01 9.1342073896e+02
3.7261558629e-01 8.8490125969e+02
3.7224302854e-01 8.9011620177e+02
3.7187080018e-01 1.0155279764e+03
3.7149903949e-01 8.8130337025e+02
3.7112760815e-01 9.1576985093e+02
3.7075650641e-01 1.0806042595e+03
3.7038587171e-01 9.4798665991e+02
3.7001556655e-01 9.1523868700e+02
3.6964559120e-01 1.0369625283e+03
3.6927594588e-01 1.0946807973e+03
3.6890676693e-01 1.1390492183e+03
3.6853791795e-01 1.0031798276e+03
3.6816939916e-01 1.1743980462e+03
3.6780134608e-01 1.1125772220e+03
3.6743362312e-01 1.1071778028e+03
3.6706623049e-01 1.0904798160e+03
3.6669916844e-01 1.1285457365e+03
3.6633257136e-01 9.0114695671e+02
3.6596630475e-01 1.0427006456e+03
3.6560036882e-01 1.0201118116e+03
3.6523489717e-01 9.7783810311e+02
3.6486975609e-01 1.1582879402e+03
3.6450494579e-01 1.0892135858e+03
3.6414046646e-01 1.1441404150e+03
3.6377645064e-01 1.1630875330e+03
3.6341276567e-01 1.0260718021e+03
3.6304941175e-01 1.0620910794e+03
3.6268638907e-01 1.1083242154e+03
3.6232382910e-01 9.7322558344e+02
3.6196160022e-01 1.0209059502e+03
3.6159970262e-01 1.1301319041e+03
3.6123813649e-01 1.1086388320e+03
3.6087690200e-01 9.4096944172e+02
3.6051612931e-01 1.2824449402e+03
3.6015568810e-01 1.2571214760e+03
3.5979557854e-01 1.2472775201e+03
3.5943580081e-01 1.3486272566e+03
3.5907648401e-01 1.2813283992e+03
3.5871749885e-01 1.3531924509e+03
3.5835884550e-01 1.3274808451e+03
3.5800052411e-01 1.4511663944e+03
3.5764253486e-01 1.5147371086e+03
3.5728500553e-01 1.5269908247e+03
3.5692780814e-01 1.6705687316e+03
3.5657094282e-01 1.5608162511e+03
3.5621440973e-01 1.6411375516e+03
3.5585820901e-01 1.5690347477e+03
3.5550246719e-01 1.7714266570e+03
3.5514705752e-01 1.5625197498e+03
3.5479198014e-01 1.6015787580e+03
3.5443723519e-01 1.8287230030e+03
3.5408282280e-01 1.6484550808e+03
3.5372874311e-01 1.7763429826e+03
3.5337512112e-01 1.9023398693e+03
3.5302183158e-01 2.0638566019e+03
3.5266887461e-01 1.8673200681e+03
3.5231625034e-01 2.0926955752e+03
3.5196395889e-01 2.0021223067e+03
3.5161200038e-01 2.1560964460e+03
3.5126049830e-01 2.2525470863e+03
3.5090932889e-01 2.1151785694e+03
3.5055849226e-01 2.1607044656e+03
3.5020798852e-01 2.3312036755e+03
3.4985781778e-01 2.4357029052e+03
3.4950798014e-01 2.3711668768e+03
3.4915847570e-01 2.3658972973e+03
3.4880942623e-01 2.3963872462e+03
3.4846070966e-01 2.3233432480e+03
3.4811232610e-01 2.1272455982e+03
3.4776427564e-01 2.2781771865e+03
3.4741655836e-01 2.5947676451e+03
3.4706917436e-01 2.6435294209e+03
3.4672212371e-01 2.5203787499e+03
3.4637540651e-01 2.4674715674e+03
3.4602914257e-01 2.3588592467e+03
3.4568321176e-01 2.4813015631e+03
3.4533761414e-01 2.5337781276e+03
3.4499234979e-01 2.3287696870e+03
3.4464741880e-01 2.7114594525e+03
3.4430282122e-01 2.5370011795e+03
3.4395855712e-01 2.6933059627e+03
3.4361462658e-01 2.6787946675e+03
3.4327102964e-01 2.6086250420e+03
3.4292776638e-01 2.7717899526e+03
3.4258495422e-01 2.8009235263e+03
3.4224247537e-01 2.7144372932e+03
3.4190032990e-01 2.5672649727e+03
3.4155851785e-01 2.7355738062e+03
3.4121703929e-01 2.7809047929e+03
3.4087589425e-01 2.8614584919e+03
3.4053508278e-01 2.8889859318e+03
3.4019460492e-01 2.8082383669e+03
3.3985446073e-01 2.7875926920e+03
3.3951465023e-01 3.0001390597e+03
3.3917517346e-01 3.0296942717e+03
3.3883603047e-01 2.9102087404e+03
3.3849722128e-01 2.9208001189e+03
3.3815874592e-01 3.0754097820e+03
3.3782060442e-01 3.2506325689e+03
3.3748279681e-01 3.1760429698e+03
3.3714532312e-01 3.2270245784e+03
3.3680818336e-01 3.1774638395e+03
3.3647137756e-01 3.4822285939e+03
3.3613501871e-01 3.3137186305e+03
3.3579899341e-01 2.9593626046e+03
3.3546330166e-01 3.3954702150e+03
3.3512794347e-01 3.4016198101e+03
3.3479291886e-01 3.5104498230e+03
3.3445822784e-01 3.6120524790e+03
3.3412387041e-01 3.3362838987e+03
3.3378984658e-01 3.5204484798e+03
3.3345615635e-01 3.4280904301e+03
3.3312279972e-01 3.6512576867e+03
3.3278977670e-01 3.6096405991e+03
3.3245708727e-01 3.7542084261e+03
3.3212473144e-01 3.5191800267e+03
3.3179270919e-01 3.6390716530e+03
3.3146102052e-01 3.8602999717e+03
3.3112966541e-01 3.6098367616e+03
3.3079864386e-01 3.9412598884e+03
3.3046784664e-01 3.9579976727e+03
3.3013738337e-01 3.9366043568e+03
3.2980725404e-01 4.0689767337e+03
3.2947745863e-01 4.0898056268e+03
3.2914799712e-01 4.0110321637e+03
3.2881886947e-01 4.2878062329e+03
3.2849007566e-01 4.1054139776e+03
3.2816161566e-01 4.2563265803e+03
3.2783348944e-01 4.2226793372e+03
3.2750569696e-01 4.3765624768e+03
3.2717823820e-01 4.2419127368e+03
3.2685111311e-01 4.2463755166e+03
3.2652432165e-01 4.3004015438e+03
3.2619786380e-01 4.4067769140e+03
3.2587173949e-01 4.4461998960e+03
3.2554594869e-01 4.4642619388e+03
3.2522049136e-01 4.4598136265e+03
3.2489536745e-01 4.4723130506e+03
3.2457057690e-01 4.4189229832e+03
3.2424601453e-01 4.5428896971e+03
3.2392178585e-01 4.6021296694e+03
3.2359789079e-01 4.5529730830e+03
3.2327432930e-01 4.6014088672e+03
3.2295110133e-01 4.6402088677e+03
3.2262820680e-01 4.6721877101e+03
3.2230564567e-01 4.6951114652e+03
3.2198341785e-01 4.6454962136e+03
3.2166152330e-01 4.6487781945e+03
3.2133996193e-01 4.8374932658e+03
3.2101863064e-01 4.6867885412e+03
3.2069763280e-01 4.7074053234e+03
3.2037696836e-01 4.7776647390e+03
3.2005663722e-01 4.8115267709e+03
3.1973663932e-01 4.6991815532e+03
3.1941697458e-01 4.8062412375e+03
3.1909764292e-01 4.7638032613e+03
3.1877864425e-01 4.7924732576e+03
3.1845987708e-01 4.8039459335e+03
3.1814144314e-01 4.7777766737e+03
3.1782334234e-01 4.7970386009e+03
3.1750557460e-01 4.8858820397e+03
3.1718813983e-01 4.8656236172e+03
3.1687103792e-01 4.8960249737e+03
3.1655416859e-01 4.6754019472e+03
3.1623763234e-01 4.9132128872e+03
3.1592142908e-01 4.8266528393e+03
3.1560555870e-01 4.9622097687e+03
3.1529002110e-01 4.7946371962e+03
3.1497481619e-01 5.0761488935e+03
3.1465984484e-01 4.9020819617e+03
3.1434520636e-01 4.9302142832e+03
3.1403090064e-01 5.0641848109e+03
3.1371692757e-01 5.0157075271e+03
3.1340328704e-01 5.0905255897e+03
3.1308997893e-01 5.0853440849e+03
3.1277690530e-01 5.1124357227e+03
3.1246416427e-01 5.0693961358e+03
3.1215175570e-01 5.2201929102e+03
3.1183967948e-01 5.1870954089e+03
3.1152793549e-01 5.2577301540e+03
3.1121642675e-01 5.1555268079e+03
3.1090525038e-01 5.3214056751e+03
3.1059440626e-01 5.2942547069e+03
3.1028389425e-01 5.4276939684e+03
3.0997361815e-01 5.4111481540e+03
3.0966367428e-01 5.3393034661e+03
3.0935406253e-01 5.4180673686e+03
3.0904478275e-01 5.4268246381e+03
3.0873573950e-01 5.3145730347e+03
3.0842702832e-01 5.3553809612e+03
3.0811864910e-01 5.4081661899e+03
3.0781060167e-01 5.4790910538e+03
3.0750279136e-01 5.4147386329e+03
3.0719531294e-01 5.4284161896e+03
3.0688816627e-01 5.3737556168e+03
3.0658135121e-01 5.3671934620e+03
3.0627477380e-01 5.3638676502e+03
3.0596852808e-01 5.3796470377e+03
3.0566261389e-01 5.4325411236e+03
3.0535703107e-01 5.4649319186e+03
3.0505168643e-01 5.4192252432e+03
3.0474667323e-01 5.3459371665e+03
3.0444199132e-01 5.4586604609e+03
3.0413764053e-01 5.4167585240e+03
3.0383352839e-01 5.4132285265e+03
3.0352974743e-01 5.4457723788e+03
3.0322629748e-01 5.3901569250e+03
3.0292308662e-01 5.3498757810e+03
3.0262020680e-01 5.3644596931e+03
3.0231765786e-01 5.3892368893e+03
3.0201534842e-01 5.4077740850e+03
3.0171336988e-01 5.3927593209e+03
3.0141172208e-01 5.4826285493e+03
3.0111031417e-01 5.3991604919e+03
3.0080923701e-01 5.4991244755e+03
3.0050849042e-01 5.4648252075e+03
3.0020798409e-01 5.4529100746e+03
2.9999994000e-01 5.4275352087e+03
