#Spectrum of AD-Leo (M3.5e)
#spectrum normalised to unity
#wavelength (mu) flux (W m-2 mu-1)
1.15200e-01	1.41143e-03
1.15400e-01	2.21606e-03
1.16400e-01	8.54721e-04
1.16600e-01	1.78078e-03
1.16700e-01	2.32163e-04
1.16900e-01	1.17144e-03
1.17400e-01	5.17081e-03
1.17600e-01	5.38322e-03
1.17700e-01	2.95475e-03
1.17900e-01	1.93897e-03
1.18100e-01	7.72927e-04
1.18600e-01	2.46398e-03
1.18700e-01	1.85464e-03
1.19200e-01	9.52368e-04
1.19400e-01	1.39304e-03
1.19600e-01	6.04265e-04
1.19800e-01	1.64096e-03
1.19900e-01	3.27178e-03
1.20100e-01	2.40850e-03
1.20300e-01	3.85195e-03
1.20400e-01	7.41223e-03
1.20600e-01	1.36641e-02
1.20800e-01	2.44020e-02
1.20900e-01	4.51138e-02
1.21100e-01	7.91315e-02
1.21300e-01	1.29254e-01
1.21400e-01	1.10803e-01
1.21800e-01	1.42475e-01
1.21900e-01	1.11342e-01
1.22100e-01	4.40676e-02
1.22300e-01	1.38765e-02
1.22400e-01	6.30579e-03
1.22600e-01	1.96529e-03
1.22800e-01	1.92598e-03
1.22900e-01	1.14481e-03
1.23100e-01	8.28408e-04
1.23300e-01	1.95736e-03
1.23400e-01	1.87842e-03
1.23600e-01	1.45106e-03
1.23800e-01	3.37640e-03
1.23900e-01	4.06119e-03
1.24100e-01	4.72379e-03
1.24300e-01	4.01047e-03
1.24400e-01	2.10795e-03
1.24600e-01	1.54332e-03
1.24800e-01	1.40351e-03
1.24900e-01	1.07094e-03
1.25100e-01	8.02094e-04
1.25300e-01	5.83024e-04
1.25500e-01	5.01229e-04
1.25600e-01	7.62465e-04
1.25800e-01	4.53674e-04
1.25900e-01	5.19617e-04
1.26100e-01	6.75281e-04
1.26300e-01	9.91997e-04
1.26500e-01	9.33980e-04
1.26600e-01	7.46613e-04
1.26800e-01	4.27361e-04
1.27000e-01	9.78681e-05
1.27600e-01	6.41041e-04
1.27800e-01	7.49149e-04
1.28000e-01	1.05255e-03
1.28100e-01	1.55124e-03
1.28300e-01	1.19775e-03
1.28500e-01	6.62282e-04
1.29000e-01	7.65001e-04
1.29100e-01	1.05794e-03
1.29300e-01	6.59429e-04
1.29500e-01	7.28225e-04
1.29600e-01	9.31126e-04
1.29800e-01	9.62830e-04
1.30000e-01	1.04462e-03
1.30100e-01	7.09520e-04
1.30300e-01	1.66981e-03
1.30500e-01	3.45566e-03
1.30600e-01	3.43030e-03
1.30800e-01	2.37711e-03
1.31000e-01	1.30586e-03
1.31200e-01	1.46152e-03
1.31300e-01	4.82841e-04
1.31700e-01	7.22836e-04
1.31800e-01	6.51503e-05
1.32300e-01	1.75953e-04
1.32500e-01	2.69098e-04
1.32700e-01	3.77269e-04
1.32800e-01	9.86607e-04
1.33000e-01	6.56893e-04
1.33200e-01	1.37719e-03
1.33300e-01	2.90212e-03
1.33500e-01	6.09338e-03
1.33700e-01	8.15092e-03
1.33800e-01	5.32933e-03
1.34000e-01	2.40057e-03
1.34200e-01	6.17263e-04
1.34500e-01	4.40676e-04
1.34700e-01	2.48522e-04
1.35000e-01	4.95840e-05
1.35300e-01	4.85378e-04
1.35500e-01	5.80488e-04
1.35700e-01	1.21868e-04
1.35800e-01	4.66990e-04
1.36000e-01	5.35469e-04
1.36200e-01	8.10020e-04
1.36400e-01	6.80670e-04
1.36700e-01	9.97069e-05
1.36800e-01	5.98876e-04
1.37000e-01	8.75963e-05
1.37200e-01	3.27178e-04
1.37300e-01	5.01229e-04
1.37900e-01	1.37434e-04
1.38000e-01	3.95657e-04
1.38200e-01	1.94975e-04
1.38500e-01	7.04448e-05
1.38700e-01	3.77269e-04
1.38900e-01	3.90585e-04
1.39000e-01	8.04630e-04
1.39200e-01	1.19521e-03
1.39400e-01	2.45606e-03
1.39500e-01	4.11509e-03
1.39700e-01	3.29714e-03
1.39900e-01	2.09464e-03
1.40000e-01	2.13680e-03
1.40200e-01	2.15804e-03
1.40400e-01	2.22652e-03
1.40500e-01	3.16589e-03
1.40700e-01	2.39550e-03
1.40900e-01	1.37973e-03
1.41000e-01	8.88961e-04
1.41200e-01	8.30944e-04
1.41400e-01	1.37973e-03
1.41500e-01	6.59429e-04
1.41900e-01	1.54585e-04
1.42200e-01	3.93121e-05
1.42600e-01	4.87914e-05
1.42700e-01	8.28408e-04
1.42900e-01	5.09155e-04
1.43200e-01	1.64350e-05
1.43400e-01	1.32964e-04
1.43600e-01	5.32933e-05
1.43700e-01	1.74654e-04
1.43900e-01	1.65682e-04
1.44100e-01	1.24245e-04
1.44200e-01	9.41905e-04
1.44400e-01	3.27178e-04
1.44600e-01	1.62765e-04
1.44700e-01	2.82286e-04
1.44900e-01	9.76145e-04
1.45100e-01	1.85718e-04
1.45200e-01	9.28590e-04
1.45400e-01	6.86060e-05
1.45600e-01	3.87732e-04
1.45700e-01	8.10020e-04
1.45900e-01	6.43577e-04
1.46100e-01	1.65428e-04
1.46200e-01	1.97321e-04
1.46400e-01	6.51503e-05
1.46600e-01	2.50361e-04
1.46700e-01	1.14766e-04
1.46900e-01	4.56528e-04
1.47100e-01	6.51503e-04
1.47200e-01	9.10202e-04
1.47400e-01	1.96275e-04
1.47600e-01	5.38322e-04
1.47800e-01	1.50369e-03
1.47900e-01	1.19521e-03
1.48100e-01	1.24531e-03
1.48200e-01	7.52003e-04
1.48400e-01	2.76992e-04
1.48600e-01	1.21107e-04
1.48800e-01	5.38322e-04
1.48900e-01	3.40177e-04
1.49100e-01	1.06333e-03
1.49300e-01	1.04462e-03
1.49400e-01	8.88961e-04
1.49600e-01	2.74360e-04
1.49800e-01	3.29714e-04
1.49900e-01	5.11691e-04
1.50100e-01	1.12927e-03
1.50300e-01	4.03583e-04
1.50400e-01	5.30396e-04
1.50600e-01	2.87549e-04
1.50800e-01	9.12738e-04
1.50900e-01	1.05255e-03
1.51100e-01	1.23199e-03
1.51300e-01	1.46406e-03
1.51400e-01	4.72379e-04
1.51600e-01	9.65683e-04
1.51800e-01	1.24784e-03
1.51900e-01	2.11049e-03
1.52100e-01	1.65143e-03
1.52300e-01	1.22406e-03
1.52400e-01	1.21107e-03
1.52600e-01	9.02276e-04
1.52800e-01	3.37640e-04
1.52900e-01	4.95840e-04
1.53100e-01	5.01229e-04
1.53300e-01	1.17144e-03
1.53400e-01	1.01038e-03
1.53600e-01	1.10264e-03
1.53800e-01	7.01594e-04
1.54000e-01	5.11691e-04
1.54100e-01	1.60133e-03
1.54300e-01	2.25823e-03
1.54400e-01	3.53492e-03
1.54600e-01	8.20482e-03
1.54800e-01	1.32710e-02
1.54900e-01	1.53539e-02
1.55100e-01	1.26623e-02
1.55300e-01	6.99058e-03
1.55500e-01	3.13926e-03
1.55600e-01	1.48276e-03
1.55800e-01	2.22652e-03
1.56000e-01	2.46652e-03
1.56100e-01	3.50956e-03
1.56300e-01	2.20814e-03
1.56500e-01	1.14227e-03
1.56600e-01	1.16351e-03
1.56800e-01	1.20568e-03
1.57000e-01	1.55663e-03
1.57100e-01	1.18729e-03
1.57300e-01	1.23992e-03
1.57500e-01	9.91997e-04
1.57600e-01	2.20021e-03
1.57800e-01	8.07166e-04
1.58000e-01	5.17081e-04
1.58100e-01	6.72744e-04
1.58300e-01	1.17651e-04
1.58500e-01	4.14045e-06
1.58600e-01	9.62830e-04
1.58800e-01	7.09520e-04
1.59000e-01	7.86242e-04
1.59200e-01	8.60111e-04
1.59300e-01	7.94168e-04
1.59500e-01	1.33503e-03
1.59600e-01	1.24245e-03
1.59800e-01	8.17945e-04
1.60000e-01	5.40859e-04
1.60200e-01	1.27162e-03
1.60300e-01	7.59928e-04
1.60500e-01	9.81535e-04
1.60600e-01	2.00238e-03
1.60800e-01	7.62465e-04
1.61000e-01	6.64818e-04
1.61200e-01	3.63954e-04
1.61300e-01	8.20482e-04
1.61500e-01	1.11849e-03
1.61700e-01	5.19617e-04
1.62000e-01	3.21789e-04
1.62200e-01	5.51321e-04
1.62300e-01	6.04265e-04
1.62500e-01	5.88413e-04
1.62700e-01	2.90212e-04
1.62800e-01	3.50956e-04
1.63000e-01	8.04630e-04
1.63200e-01	1.03163e-03
1.63300e-01	1.47737e-03
1.63500e-01	1.48784e-03
1.63700e-01	2.63803e-03
1.63800e-01	5.77634e-03
1.64000e-01	9.36516e-03
1.64200e-01	9.49831e-03
1.64300e-01	6.04265e-03
1.64500e-01	2.95475e-03
1.64700e-01	1.68852e-03
1.64800e-01	6.80670e-04
1.65000e-01	5.72562e-04
1.65200e-01	6.56893e-04
1.65400e-01	1.50369e-03
1.65500e-01	2.98106e-03
1.65700e-01	5.06619e-03
1.65800e-01	5.09155e-03
1.66000e-01	4.21971e-03
1.66200e-01	3.11295e-03
1.66400e-01	2.69098e-03
1.66500e-01	2.10003e-03
1.66700e-01	1.00500e-03
1.66900e-01	1.10264e-03
1.67000e-01	1.12927e-03
1.67200e-01	9.26054e-04
1.67400e-01	1.16605e-03
1.67500e-01	6.33115e-04
1.67700e-01	2.25823e-04
1.67900e-01	5.38322e-04
1.68000e-01	1.57502e-04
1.68400e-01	2.46398e-05
1.68500e-01	2.57748e-04
1.68700e-01	2.30578e-04
1.68900e-01	3.19252e-04
1.69000e-01	6.33115e-04
1.69200e-01	7.80853e-04
1.69400e-01	7.36151e-04
1.69500e-01	8.94350e-04
1.69700e-01	5.48784e-04
1.69900e-01	9.04813e-04
1.70000e-01	5.72562e-04
1.70200e-01	5.53857e-04
1.70400e-01	4.87914e-04
1.70500e-01	6.04265e-04
1.70700e-01	3.27178e-04
1.70900e-01	1.69644e-04
1.71000e-01	3.93121e-04
1.71200e-01	7.38687e-04
1.71400e-01	3.03401e-04
1.71600e-01	4.03583e-04
1.71700e-01	7.99241e-04
1.71900e-01	7.49149e-04
1.72000e-01	6.43577e-04
1.72200e-01	3.32251e-04
1.72400e-01	3.98511e-04
1.72600e-01	5.96339e-04
1.72700e-01	3.16589e-04
1.72900e-01	3.66807e-04
1.73100e-01	7.86242e-04
1.73200e-01	7.94168e-04
1.73400e-01	8.99740e-04
1.73600e-01	8.02094e-04
1.73700e-01	6.96522e-04
1.73900e-01	6.20117e-04
1.74100e-01	4.95840e-04
1.74200e-01	4.59064e-04
1.74400e-01	1.53539e-04
1.74600e-01	6.59429e-04
1.74700e-01	1.30840e-03
1.74900e-01	1.29001e-03
1.75100e-01	1.38512e-03
1.75200e-01	1.30332e-03
1.75400e-01	9.84071e-04
1.75600e-01	6.93986e-04
1.75700e-01	5.88413e-04
1.75900e-01	5.64636e-04
1.76100e-01	3.50956e-04
1.76200e-01	3.27178e-04
1.76400e-01	2.79655e-04
1.76600e-01	4.87914e-04
1.76800e-01	6.01412e-04
1.76900e-01	1.75161e-04
1.77100e-01	3.71880e-04
1.77200e-01	2.62503e-04
1.77400e-01	3.29714e-04
1.77600e-01	3.85195e-04
1.77800e-01	3.53492e-04
1.77900e-01	2.76992e-04
1.78100e-01	2.16343e-04
1.78300e-01	3.27178e-04
1.78400e-01	2.56702e-04
1.78600e-01	5.88413e-04
1.78800e-01	5.09155e-04
1.78900e-01	1.51161e-04
1.79100e-01	1.03670e-04
1.79600e-01	1.64635e-04
1.79800e-01	2.46398e-04
1.79900e-01	2.76992e-04
1.80100e-01	3.21789e-04
1.80300e-01	5.43395e-04
1.80400e-01	7.20299e-04
1.80600e-01	1.57248e-03
1.80800e-01	2.69098e-03
1.80900e-01	2.51693e-03
1.81100e-01	2.42721e-03
1.81300e-01	2.32417e-03
1.81400e-01	3.08663e-03
1.81600e-01	4.40676e-03
1.81800e-01	4.77452e-03
1.81900e-01	3.63954e-03
1.82100e-01	1.90727e-03
1.82300e-01	9.39052e-04
1.82400e-01	7.22836e-04
1.82600e-01	3.06032e-04
1.82800e-01	3.29714e-04
1.83000e-01	3.08663e-04
1.83100e-01	1.98399e-04
1.83300e-01	3.93121e-04
1.83400e-01	3.03401e-04
1.83600e-01	6.14727e-05
1.83800e-01	1.79409e-04
1.84000e-01	2.63296e-04
1.84100e-01	2.71729e-04
1.84300e-01	2.15012e-04
1.84500e-01	3.53492e-04
1.84600e-01	4.45749e-04
1.84800e-01	4.43212e-04
1.85000e-01	4.14045e-04
1.85100e-01	4.35286e-04
1.85300e-01	4.87914e-04
1.85500e-01	8.20482e-04
1.85600e-01	8.88961e-04
1.85800e-01	7.86242e-04
1.86000e-01	6.78134e-04
1.86100e-01	5.77634e-04
1.86300e-01	4.03583e-04
1.86500e-01	5.01229e-04
1.86600e-01	3.11295e-04
1.86800e-01	4.48602e-04
1.87000e-01	4.51138e-04
1.87100e-01	4.95840e-04
1.87300e-01	4.45749e-04
1.87500e-01	3.56028e-04
1.87600e-01	2.38219e-04
1.87800e-01	1.34802e-04
1.88000e-01	8.28408e-05
1.88200e-01	2.20560e-04
1.88300e-01	3.79806e-04
1.88500e-01	2.92843e-04
1.88600e-01	3.16589e-04
1.88800e-01	1.68313e-04
1.89000e-01	4.01047e-04
1.89200e-01	7.46613e-04
1.89300e-01	8.75963e-04
1.89500e-01	1.07633e-03
1.89700e-01	1.09218e-03
1.89800e-01	1.02370e-03
1.90000e-01	7.78316e-04
1.90200e-01	7.04448e-04
1.90300e-01	6.67355e-04
1.90500e-01	4.32750e-04
1.90700e-01	4.43212e-04
1.90800e-01	3.74733e-04
1.91000e-01	5.14545e-04
1.91200e-01	7.80853e-04
1.91300e-01	7.78316e-04
1.91500e-01	7.72927e-04
1.91700e-01	6.30579e-04
1.91800e-01	5.14545e-04
1.92000e-01	4.66990e-04
1.92200e-01	3.69344e-04
1.92300e-01	2.95475e-04
1.92500e-01	3.85195e-04
1.92700e-01	5.17081e-04
1.92800e-01	6.83206e-04
1.93000e-01	7.54539e-04
1.93200e-01	9.26054e-04
1.93300e-01	8.62647e-04
1.93500e-01	6.88596e-04
1.93700e-01	6.43577e-04
1.93800e-01	4.03583e-04
1.94000e-01	3.61418e-04
1.94200e-01	2.92843e-04
1.94400e-01	3.45566e-04
1.94500e-01	3.27178e-04
1.94700e-01	3.85195e-04
1.94800e-01	3.74733e-04
1.95000e-01	4.45749e-04
1.95200e-01	4.45749e-04
1.95400e-01	5.30396e-04
1.95500e-01	5.98876e-04
1.95700e-01	5.93486e-04
1.95900e-01	6.83206e-04
1.96000e-01	6.09338e-04
1.96200e-01	6.35651e-04
1.96400e-01	6.78134e-04
1.96500e-01	7.06984e-04
1.96700e-01	6.14727e-04
1.96900e-01	4.98693e-04
1.97000e-01	5.83024e-04
1.97200e-01	6.33115e-04
1.97400e-01	6.33115e-04
1.97500e-01	7.86242e-04
1.97700e-01	7.33298e-04
1.97900e-01	5.56710e-04
1.98500e-01	7.25372e-04
1.98800e-01	1.26496e-03
1.99000e-01	1.20314e-03
1.99300e-01	1.18697e-03
1.99600e-01	1.80487e-03
1.99800e-01	2.13046e-03
2.00100e-01	1.86796e-03
2.00400e-01	1.71071e-03
2.00600e-01	1.19934e-03
2.00900e-01	1.46311e-03
2.01200e-01	1.56392e-03
2.01400e-01	1.54268e-03
2.01700e-01	1.83150e-03
2.02000e-01	2.20180e-03
2.02200e-01	1.41524e-03
2.02500e-01	1.18887e-03
2.02800e-01	1.30586e-03
2.03000e-01	9.32711e-04
2.03300e-01	7.41858e-04
2.03600e-01	8.12556e-04
2.03800e-01	8.79133e-04
2.04100e-01	3.16589e-04
2.04400e-01	4.00413e-04
2.04600e-01	4.02632e-04
2.04900e-01	9.33980e-04
2.05200e-01	1.33217e-03
2.05400e-01	1.26782e-03
2.05700e-01	9.79949e-04
2.06000e-01	9.87241e-04
2.06200e-01	1.48276e-05
2.07000e-01	8.25871e-04
2.07300e-01	1.01704e-03
2.07600e-01	1.26274e-03
2.07800e-01	1.36071e-03
2.08100e-01	9.33346e-04
2.08400e-01	3.32251e-04
2.08600e-01	4.69526e-04
2.08900e-01	5.14545e-04
2.09200e-01	1.55124e-04
2.09400e-01	2.00080e-04
2.09700e-01	3.82976e-04
2.10000e-01	4.28312e-04
2.10200e-01	6.05850e-04
2.10500e-01	1.21836e-03
2.10800e-01	1.33503e-03
2.11000e-01	1.08140e-03
2.11300e-01	7.56758e-04
2.11600e-01	9.26688e-04
2.11800e-01	7.93217e-04
2.12100e-01	1.10835e-03
2.12400e-01	9.20030e-04
2.12600e-01	6.68623e-04
2.12900e-01	2.72775e-04
2.13700e-01	1.63145e-04
2.14000e-01	6.30896e-04
2.14200e-01	8.90546e-04
2.14500e-01	1.50939e-03
2.14800e-01	1.32647e-03
2.15000e-01	4.75550e-04
2.15300e-01	5.79854e-04
2.15600e-01	1.00817e-03
2.15800e-01	8.44259e-04
2.16100e-01	7.01594e-04
2.16400e-01	1.39463e-03
2.16600e-01	1.07823e-03
2.16900e-01	6.51820e-04
2.17200e-01	2.06135e-04
2.17400e-01	2.91512e-04
2.17700e-01	4.30214e-04
2.18000e-01	2.86756e-04
2.18200e-01	4.59698e-05
2.18500e-01	1.10803e-06
2.19600e-01	7.37102e-05
2.19800e-01	4.15630e-04
2.20100e-01	4.66356e-04
2.20400e-01	7.65952e-04
2.20600e-01	1.21424e-03
2.20900e-01	1.31474e-03
2.21200e-01	1.34295e-03
2.21400e-01	1.54173e-03
2.21700e-01	1.62131e-03
2.22000e-01	2.16851e-03
2.22200e-01	1.70278e-03
2.22500e-01	1.60577e-03
2.22800e-01	1.52525e-03
2.23000e-01	1.31347e-03
2.23300e-01	8.38553e-04
2.23600e-01	8.08117e-04
2.23800e-01	5.76049e-04
2.24100e-01	7.96070e-04
2.24400e-01	8.69622e-04
2.24600e-01	1.00404e-03
2.24900e-01	1.39495e-03
2.25200e-01	2.21765e-03
2.25400e-01	2.28835e-03
2.25700e-01	2.06484e-03
2.26000e-01	1.95673e-03
2.26200e-01	1.91456e-03
2.26500e-01	2.14124e-03
2.26800e-01	2.09274e-03
2.27000e-01	2.49981e-03
2.27300e-01	2.25759e-03
2.27600e-01	2.08291e-03
2.27800e-01	1.41333e-03
2.28100e-01	1.60736e-03
2.28400e-01	1.35405e-03
2.28600e-01	1.79916e-03
2.28900e-01	1.75319e-03
2.29200e-01	1.95863e-03
2.29400e-01	1.89522e-03
2.29700e-01	2.27186e-03
2.30000e-01	2.53912e-03
2.30300e-01	2.50932e-03
2.30500e-01	2.80448e-03
2.30800e-01	2.52897e-03
2.31000e-01	2.29405e-03
2.31300e-01	1.88413e-03
2.31600e-01	2.16058e-03
2.31800e-01	1.81597e-03
2.32100e-01	2.26076e-03
2.32400e-01	2.47444e-03
2.32600e-01	2.84125e-03
2.32900e-01	3.22740e-03
2.33200e-01	3.69978e-03
2.33400e-01	4.12460e-03
2.33700e-01	4.78403e-03
2.34000e-01	5.35152e-03
2.34200e-01	5.85243e-03
2.34500e-01	6.09021e-03
2.34800e-01	5.88731e-03
2.35000e-01	5.52906e-03
2.35300e-01	5.14862e-03
2.35600e-01	5.02180e-03
2.35900e-01	5.11374e-03
2.36100e-01	5.31348e-03
2.36400e-01	5.25958e-03
2.36700e-01	5.13911e-03
2.36900e-01	4.97425e-03
2.37200e-01	4.87597e-03
2.37500e-01	5.05351e-03
2.37700e-01	6.37237e-03
2.38000e-01	7.36468e-03
2.38300e-01	7.38687e-03
2.38500e-01	7.44394e-03
2.38800e-01	7.26640e-03
2.39100e-01	6.29945e-03
2.39300e-01	5.87145e-03
2.39600e-01	5.58295e-03
2.39800e-01	5.69391e-03
2.40100e-01	6.04265e-03
2.40400e-01	6.15678e-03
2.40700e-01	6.02046e-03
2.40900e-01	6.01095e-03
2.41200e-01	5.39907e-03
2.41500e-01	4.21971e-03
2.41700e-01	3.33836e-03
2.42000e-01	2.62599e-03
2.42300e-01	2.21448e-03
2.42500e-01	2.05659e-03
2.42800e-01	2.21543e-03
2.43100e-01	2.48712e-03
2.43300e-01	2.71983e-03
2.43600e-01	2.69605e-03
2.43900e-01	2.73853e-03
2.44100e-01	2.80955e-03
2.44400e-01	2.63708e-03
2.44700e-01	2.48934e-03
2.44900e-01	2.48681e-03
2.45200e-01	2.47603e-03
2.45500e-01	2.51534e-03
2.45700e-01	2.58699e-03
2.46000e-01	2.44940e-03
2.46300e-01	2.52675e-03
2.46500e-01	2.56638e-03
2.46800e-01	2.60348e-03
2.47100e-01	2.83586e-03
2.47300e-01	3.57930e-03
2.47600e-01	3.96608e-03
2.47900e-01	4.44163e-03
2.48100e-01	4.63819e-03
2.48400e-01	4.63185e-03
2.48700e-01	4.26727e-03
2.48900e-01	4.18801e-03
2.49200e-01	3.81391e-03
2.49500e-01	3.63954e-03
2.49700e-01	3.39225e-03
2.50000e-01	3.24008e-03
2.50300e-01	3.11295e-03
2.50500e-01	3.29397e-03
2.50800e-01	3.51907e-03
2.51100e-01	3.74099e-03
2.51300e-01	3.80440e-03
2.51600e-01	3.65222e-03
2.51900e-01	3.59199e-03
2.52100e-01	3.46517e-03
2.52400e-01	3.43030e-03
2.52700e-01	3.36055e-03
2.52900e-01	3.40177e-03
2.53200e-01	3.52858e-03
2.53500e-01	3.70295e-03
2.53700e-01	3.83610e-03
2.54000e-01	3.89000e-03
2.54300e-01	4.01681e-03
2.54500e-01	3.67758e-03
2.54800e-01	3.25910e-03
2.55100e-01	2.82540e-03
2.55300e-01	2.63550e-03
2.55600e-01	2.44020e-03
2.55900e-01	2.63011e-03
2.56100e-01	2.84918e-03
2.56400e-01	2.93636e-03
2.56700e-01	2.88342e-03
2.56900e-01	2.88342e-03
2.57200e-01	2.81494e-03
2.57500e-01	2.73061e-03
2.57700e-01	3.04193e-03
2.58000e-01	3.78221e-03
2.58300e-01	4.24190e-03
2.58500e-01	4.30531e-03
2.58800e-01	4.59064e-03
2.59100e-01	4.87914e-03
2.59300e-01	5.82390e-03
2.59600e-01	6.65770e-03
2.59900e-01	7.08569e-03
2.60100e-01	7.58660e-03
2.60400e-01	8.21116e-03
2.60700e-01	8.06215e-03
2.60900e-01	8.22701e-03
2.61200e-01	9.04813e-03
2.61500e-01	9.60927e-03
2.61700e-01	9.83120e-03
2.62000e-01	1.01292e-02
2.62300e-01	1.10010e-02
2.62500e-01	1.15717e-02
2.62800e-01	1.12452e-02
2.63100e-01	9.83437e-03
2.63300e-01	7.87510e-03
2.63600e-01	5.47199e-03
2.63900e-01	3.34470e-03
2.64100e-01	2.03725e-03
2.64400e-01	1.88476e-03
2.64700e-01	1.94690e-03
2.64900e-01	1.77190e-03
2.65200e-01	1.65364e-03
2.65500e-01	1.69486e-03
2.65700e-01	1.70786e-03
2.66000e-01	1.85401e-03
2.66300e-01	2.08354e-03
2.66500e-01	2.25411e-03
2.66800e-01	2.30356e-03
2.67100e-01	2.34414e-03
2.67300e-01	2.11905e-03
2.67600e-01	1.91425e-03
2.67900e-01	1.74495e-03
2.68100e-01	1.78395e-03
2.68400e-01	1.70057e-03
2.68700e-01	1.79251e-03
2.68900e-01	1.89110e-03
2.69200e-01	2.00650e-03
2.69500e-01	1.90632e-03
2.69700e-01	1.90791e-03
2.70000e-01	1.87525e-03
2.70300e-01	1.91995e-03
2.70600e-01	2.05945e-03
2.70800e-01	2.33590e-03
2.71100e-01	2.61647e-03
2.71300e-01	2.76738e-03
2.71600e-01	2.85964e-03
2.71900e-01	3.00738e-03
2.72200e-01	3.17033e-03
2.72400e-01	3.39225e-03
2.72700e-01	3.86146e-03
2.72900e-01	4.25775e-03
2.73200e-01	4.72696e-03
2.73500e-01	5.08521e-03
2.73800e-01	5.39273e-03
2.74000e-01	5.61783e-03
2.74300e-01	6.21068e-03
2.74500e-01	6.40407e-03
2.74800e-01	6.38822e-03
2.75100e-01	6.36920e-03
2.75400e-01	6.28994e-03
2.75600e-01	5.55125e-03
2.75900e-01	4.82841e-03
2.76100e-01	4.35921e-03
2.76400e-01	3.86780e-03
2.76700e-01	3.35104e-03
2.77000e-01	3.12880e-03
2.77200e-01	2.97060e-03
2.77500e-01	2.85171e-03
2.77700e-01	2.71475e-03
2.78000e-01	2.76738e-03
2.78300e-01	3.17984e-03
2.78500e-01	4.30848e-03
2.78800e-01	7.92900e-03
2.79100e-01	1.46850e-02
2.79400e-01	2.32512e-02
2.79600e-01	2.81494e-02
2.79900e-01	3.41128e-02
2.80100e-01	3.40811e-02
2.80400e-01	2.79370e-02
2.80700e-01	1.92756e-02
2.81000e-01	1.38734e-02
2.81200e-01	6.72110e-03
2.81500e-01	3.11834e-03
2.81800e-01	2.45732e-03
2.82000e-01	2.37648e-03
2.82300e-01	2.40660e-03
2.82600e-01	2.51376e-03
2.82800e-01	2.46620e-03
2.83100e-01	2.52644e-03
2.83400e-01	2.58604e-03
2.83600e-01	2.59650e-03
2.83900e-01	2.78323e-03
2.84200e-01	3.02323e-03
2.84400e-01	3.27178e-03
2.84700e-01	3.97877e-03
2.85000e-01	4.64454e-03
2.85200e-01	4.70794e-03
2.85500e-01	4.61600e-03
2.85800e-01	4.36872e-03
2.86000e-01	3.70929e-03
2.86300e-01	3.11295e-03
2.86600e-01	2.97599e-03
2.86800e-01	2.92305e-03
2.87100e-01	2.95475e-03
2.87400e-01	3.11295e-03
2.87600e-01	3.29714e-03
2.87900e-01	3.43981e-03
2.88200e-01	3.38591e-03
2.88400e-01	3.29714e-03
2.88700e-01	3.03115e-03
2.89000e-01	2.71729e-03
2.89200e-01	2.44242e-03
2.89500e-01	2.42118e-03
2.89800e-01	2.40977e-03
2.90000e-01	2.43450e-03
2.90300e-01	2.40692e-03
2.90600e-01	2.52422e-03
2.90800e-01	2.62345e-03
2.91100e-01	2.74646e-03
2.91400e-01	2.80955e-03
2.91600e-01	3.06032e-03
2.91900e-01	3.31300e-03
2.92200e-01	3.82025e-03
2.92400e-01	4.26727e-03
2.92700e-01	4.40042e-03
2.93000e-01	4.40042e-03
2.93200e-01	4.32116e-03
2.93500e-01	4.01681e-03
2.93800e-01	3.71563e-03
2.94000e-01	3.77903e-03
2.94300e-01	3.75684e-03
2.94600e-01	3.73148e-03
2.94800e-01	3.92170e-03
2.95100e-01	4.13728e-03
2.95400e-01	4.14679e-03
2.95600e-01	4.10558e-03
2.95900e-01	4.15630e-03
2.96200e-01	3.96291e-03
2.96400e-01	3.80440e-03
2.96700e-01	3.85829e-03
2.97000e-01	3.99462e-03
2.97200e-01	3.95657e-03
2.97500e-01	4.01681e-03
2.97800e-01	4.14679e-03
2.98000e-01	4.16899e-03
2.98300e-01	4.18801e-03
2.98600e-01	4.21971e-03
2.98800e-01	4.08973e-03
2.99100e-01	3.84561e-03
2.99400e-01	3.68710e-03
2.99600e-01	3.63003e-03
2.99900e-01	3.50956e-03
3.00200e-01	3.49371e-03
3.00400e-01	3.43347e-03
3.00700e-01	3.38274e-03
3.01000e-01	3.30349e-03
3.01200e-01	3.40177e-03
3.01500e-01	3.44615e-03
3.01800e-01	3.52541e-03
3.02000e-01	3.44615e-03
3.02300e-01	3.31300e-03
3.02600e-01	3.25593e-03
3.02800e-01	3.16589e-03
3.03100e-01	3.06032e-03
3.03400e-01	3.09710e-03
3.03600e-01	3.20203e-03
3.03900e-01	3.17033e-03
3.04200e-01	3.11295e-03
3.04400e-01	3.20838e-03
3.04700e-01	3.37640e-03
3.05000e-01	3.46200e-03
3.05200e-01	3.71880e-03
3.05500e-01	4.01047e-03
3.05800e-01	4.01681e-03
3.06000e-01	3.90902e-03
3.06300e-01	3.93121e-03
3.06600e-01	3.67124e-03
3.06800e-01	3.41445e-03
3.07100e-01	3.27178e-03
3.07400e-01	3.20203e-03
3.07600e-01	3.07617e-03
3.07900e-01	3.07617e-03
3.08200e-01	3.10788e-03
3.08400e-01	3.27178e-03
3.08700e-01	3.42396e-03
3.09000e-01	3.47785e-03
3.09200e-01	3.46517e-03
3.09500e-01	3.60784e-03
3.09800e-01	3.59833e-03
3.10100e-01	3.63003e-03
3.10300e-01	3.74099e-03
3.10600e-01	3.74733e-03
3.10800e-01	3.66807e-03
3.11100e-01	3.68392e-03
3.11400e-01	3.58882e-03
3.11700e-01	3.51907e-03
3.11900e-01	3.68392e-03
3.12200e-01	3.71563e-03
3.12400e-01	3.81391e-03
3.12700e-01	3.96291e-03
3.13000e-01	3.99462e-03
3.13300e-01	3.90585e-03
3.13500e-01	3.88366e-03
3.13800e-01	3.73148e-03
3.14000e-01	3.66807e-03
3.14300e-01	3.78855e-03
3.14600e-01	3.97877e-03
3.14900e-01	4.08973e-03
3.15100e-01	4.25141e-03
3.15400e-01	4.31482e-03
3.15600e-01	4.31482e-03
3.15900e-01	4.19435e-03
3.16200e-01	4.11509e-03
3.16400e-01	4.09924e-03
3.16700e-01	4.15630e-03
3.17000e-01	4.21020e-03
3.17300e-01	4.39091e-03
3.17500e-01	4.59064e-03
3.17800e-01	4.66356e-03
3.18000e-01	4.85378e-03
3.18300e-01	5.12326e-03
3.18600e-01	5.20251e-03
3.18900e-01	5.55442e-03
3.19100e-01	5.80805e-03
3.19400e-01	5.87145e-03
3.19600e-01	5.85560e-03
3.19900e-01	5.65587e-03
3.20200e-01	5.41810e-03
3.20500e-01	5.34518e-03
3.20700e-01	5.16130e-03
3.21000e-01	4.96474e-03
3.21200e-01	5.12960e-03
3.21500e-01	5.05351e-03
3.21800e-01	4.81573e-03
3.22100e-01	4.89499e-03
3.22300e-01	4.98059e-03
3.22600e-01	5.09155e-03
3.22900e-01	5.00595e-03
3.23100e-01	4.96474e-03
3.23400e-01	4.86012e-03
3.23700e-01	4.74282e-03
3.23900e-01	4.40676e-03
3.24200e-01	4.23239e-03
3.24500e-01	4.28312e-03
3.24700e-01	4.51138e-03
3.25000e-01	4.95840e-03
3.25300e-01	5.52906e-03
3.25500e-01	6.28994e-03
3.25800e-01	6.28360e-03
3.26100e-01	6.05216e-03
3.26300e-01	5.24373e-03
3.26600e-01	4.81573e-03
3.26900e-01	4.17850e-03
3.27100e-01	4.48919e-03
3.27400e-01	5.15496e-03
3.27700e-01	6.53722e-03
3.27900e-01	7.28225e-03
3.28200e-01	8.06849e-03
3.28500e-01	7.85608e-03
3.28700e-01	7.45662e-03
3.29000e-01	6.96522e-03
3.29300e-01	7.38053e-03
3.29500e-01	7.48198e-03
3.29800e-01	7.87193e-03
3.30100e-01	8.35382e-03
3.30300e-01	8.01460e-03
3.30600e-01	7.06033e-03
3.30900e-01	6.60697e-03
3.31100e-01	6.36920e-03
3.31400e-01	6.06167e-03
3.59000e-01	6.05850e-03
3.59500e-01	4.71111e-03
3.60000e-01	3.94072e-03
3.60500e-01	5.48467e-03
3.61000e-01	5.41810e-03
3.61500e-01	6.14410e-03
3.62000e-01	6.66721e-03
3.62500e-01	8.07166e-03
3.63000e-01	8.13190e-03
3.63500e-01	7.55490e-03
3.64000e-01	7.61831e-03
3.64500e-01	7.87510e-03
3.65000e-01	8.30627e-03
3.65500e-01	6.88596e-03
3.66000e-01	8.27456e-03
3.66500e-01	7.24104e-03
3.67000e-01	6.16312e-03
3.67500e-01	6.49918e-03
3.68000e-01	7.23470e-03
3.68500e-01	7.78950e-03
3.69000e-01	9.15592e-03
3.69500e-01	1.13339e-02
3.70000e-01	1.08647e-02
3.70500e-01	1.29952e-02
3.71000e-01	1.12642e-02
3.71500e-01	1.02085e-02
3.72000e-01	9.92631e-03
3.72500e-01	1.06650e-02
3.73000e-01	9.04813e-03
3.73500e-01	1.00595e-02
3.74000e-01	1.19046e-02
3.74500e-01	1.26686e-02
3.75000e-01	1.27416e-02
3.75500e-01	1.32583e-02
3.76000e-01	1.72846e-02
3.76500e-01	1.74210e-02
3.77000e-01	1.81850e-02
3.77500e-01	1.93105e-02
3.78000e-01	1.93707e-02
3.78500e-01	1.69137e-02
3.79000e-01	1.72751e-02
3.79500e-01	1.79726e-02
3.80000e-01	1.75351e-02
3.80500e-01	1.76746e-02
3.81000e-01	1.75763e-02
3.81500e-01	1.55949e-02
3.82000e-01	1.47737e-02
3.82500e-01	1.74939e-02
3.83000e-01	1.81280e-02
3.83500e-01	1.95261e-02
3.84000e-01	2.08640e-02
3.84500e-01	2.09242e-02
3.85000e-01	1.71452e-02
3.85500e-01	1.70215e-02
3.86000e-01	1.66855e-02
3.86500e-01	1.70247e-02
3.87000e-01	1.66759e-02
3.87500e-01	1.80836e-02
3.88000e-01	2.50837e-02
3.88500e-01	2.44306e-02
3.89000e-01	2.37743e-02
3.89500e-01	2.53690e-02
3.90000e-01	2.61140e-02
3.90500e-01	2.05976e-02
3.91000e-01	2.09115e-02
3.91500e-01	2.20370e-02
3.92000e-01	2.04708e-02
3.92500e-01	4.35286e-02
3.93000e-01	4.28946e-02
3.93500e-01	4.18484e-02
3.94000e-01	4.23556e-02
3.94500e-01	4.44480e-02
3.95000e-01	2.00587e-02
3.95500e-01	2.01570e-02
3.96000e-01	4.52089e-02
3.96500e-01	4.62868e-02
3.97000e-01	4.73647e-02
3.97500e-01	5.11374e-02
3.98000e-01	5.24056e-02
3.98500e-01	3.20203e-02
3.99000e-01	3.30983e-02
3.99500e-01	3.36372e-02
4.00000e-01	3.39860e-02
4.00500e-01	3.63954e-02
4.01000e-01	3.71880e-02
4.01500e-01	3.76001e-02
4.02000e-01	3.69978e-02
4.02500e-01	3.48736e-02
4.03000e-01	3.52858e-02
4.03500e-01	3.37640e-02
4.04000e-01	3.54760e-02
4.04500e-01	3.72514e-02
4.05000e-01	4.07705e-02
4.05500e-01	3.93121e-02
4.06000e-01	4.14045e-02
4.06500e-01	4.10875e-02
4.07000e-01	4.08973e-02
4.07500e-01	4.07705e-02
4.08000e-01	4.25775e-02
4.08500e-01	4.28312e-02
4.09000e-01	4.68892e-02
4.09500e-01	4.74599e-02
4.10000e-01	4.67307e-02
4.10500e-01	4.58113e-02
4.11000e-01	4.58747e-02
4.11500e-01	4.29263e-02
4.12000e-01	4.27678e-02
4.12500e-01	4.31799e-02
4.13000e-01	4.45749e-02
4.13500e-01	4.38140e-02
4.14000e-01	4.36555e-02
4.14500e-01	4.47651e-02
4.15000e-01	4.69526e-02
4.15500e-01	4.73965e-02
4.16000e-01	4.89499e-02
4.16500e-01	4.83158e-02
4.17000e-01	4.84744e-02
4.17500e-01	4.77135e-02
4.18000e-01	4.67941e-02
4.18500e-01	4.67624e-02
4.19000e-01	4.60649e-02
4.19500e-01	4.49553e-02
4.20000e-01	4.33067e-02
4.20500e-01	4.12460e-02
4.21000e-01	3.64905e-02
4.21500e-01	3.06286e-02
4.22000e-01	2.46620e-02
4.22500e-01	2.19070e-02
4.23000e-01	2.15170e-02
4.23500e-01	2.37331e-02
4.24000e-01	2.84379e-02
4.24500e-01	3.05493e-02
4.25000e-01	3.19886e-02
4.25500e-01	3.36372e-02
4.26000e-01	3.47785e-02
4.26500e-01	3.34787e-02
4.27000e-01	3.78221e-02
4.27500e-01	4.05485e-02
4.28000e-01	3.74099e-02
4.28500e-01	3.89000e-02
4.29000e-01	4.12143e-02
4.29500e-01	4.14362e-02
4.30000e-01	4.03266e-02
4.30500e-01	4.46383e-02
4.31000e-01	4.50187e-02
4.31500e-01	4.62868e-02
4.32000e-01	4.84427e-02
4.32500e-01	5.25958e-02
4.33000e-01	7.40906e-02
4.33500e-01	7.50734e-02
4.34000e-01	7.81487e-02
4.34500e-01	7.66269e-02
4.35000e-01	7.43760e-02
4.35500e-01	5.54174e-02
4.36000e-01	5.59563e-02
4.36500e-01	5.49101e-02
4.37000e-01	5.56393e-02
4.37500e-01	5.41493e-02
4.38000e-01	5.33884e-02
4.38500e-01	5.33567e-02
4.39000e-01	5.51638e-02
4.39500e-01	5.36103e-02
4.40000e-01	5.87145e-02
4.40500e-01	6.05216e-02
4.41000e-01	6.33432e-02
4.41500e-01	6.24872e-02
4.42000e-01	6.69257e-02
4.42500e-01	6.28677e-02
4.43000e-01	6.81304e-02
4.43500e-01	6.94303e-02
4.44000e-01	7.35834e-02
4.44500e-01	6.89864e-02
4.45000e-01	7.26640e-02
4.45500e-01	7.03814e-02
4.46000e-01	7.19348e-02
4.46500e-01	7.23470e-02
4.47000e-01	8.04630e-02
4.47500e-01	8.51234e-02
4.48000e-01	8.57892e-02
4.48500e-01	8.48698e-02
4.49000e-01	8.68037e-02
4.49500e-01	8.78816e-02
4.50000e-01	8.74060e-02
4.50500e-01	8.94350e-02
4.51000e-01	9.21615e-02
4.51500e-01	9.22566e-02
4.52000e-01	9.14324e-02
4.52500e-01	8.68671e-02
4.53000e-01	8.78499e-02
4.53500e-01	8.67086e-02
4.54000e-01	8.62647e-02
4.54500e-01	8.58843e-02
4.55000e-01	9.51416e-02
4.55500e-01	9.77730e-02
4.56000e-01	1.03036e-01
4.56500e-01	1.08330e-01
4.57000e-01	1.10740e-01
4.57500e-01	1.08362e-01
4.58000e-01	1.06365e-01
4.58500e-01	1.03638e-01
4.59000e-01	1.00595e-01
4.59500e-01	1.03258e-01
4.60000e-01	1.08108e-01
4.60500e-01	1.11596e-01
4.61000e-01	1.15210e-01
4.61500e-01	1.17366e-01
4.62000e-01	1.14671e-01
4.62500e-01	1.09852e-01
4.63000e-01	1.05065e-01
4.63500e-01	1.00563e-01
4.64000e-01	9.75828e-02
4.64500e-01	9.89143e-02
4.65000e-01	1.03226e-01
4.65500e-01	1.06745e-01
4.66000e-01	1.06111e-01
4.66500e-01	1.05350e-01
4.67000e-01	1.04589e-01
4.67500e-01	1.01038e-01
4.68000e-01	9.98337e-02
4.68500e-01	1.03099e-01
4.69000e-01	1.06460e-01
4.69500e-01	1.09630e-01
4.70000e-01	1.10962e-01
4.70500e-01	1.10486e-01
4.71000e-01	1.09440e-01
4.71500e-01	1.09662e-01
4.72000e-01	1.09313e-01
4.72500e-01	1.09598e-01
4.73000e-01	1.10993e-01
4.73500e-01	1.12991e-01
4.74000e-01	1.14607e-01
4.74500e-01	1.15749e-01
4.75000e-01	1.12991e-01
4.75500e-01	1.06967e-01
4.76000e-01	9.97069e-02
4.76500e-01	9.27005e-02
4.77000e-01	8.47430e-02
4.77500e-01	8.27456e-02
4.78000e-01	8.53136e-02
4.78500e-01	9.00691e-02
4.79000e-01	9.37467e-02
4.79500e-01	9.69170e-02
4.80000e-01	9.66634e-02
4.80500e-01	9.70438e-02
4.81000e-01	9.50782e-02
4.81500e-01	9.34614e-02
4.82000e-01	9.35565e-02
4.82500e-01	9.71390e-02
4.83000e-01	9.97069e-02
4.83500e-01	1.00182e-01
4.84000e-01	1.01038e-01
4.84500e-01	1.00531e-01
4.85000e-01	1.17049e-01
4.85500e-01	1.16541e-01
4.86000e-01	1.17936e-01
4.86500e-01	1.18697e-01
4.87000e-01	1.21551e-01
4.87500e-01	1.06111e-01
4.88000e-01	1.06650e-01
4.88500e-01	1.09789e-01
4.89000e-01	1.11849e-01
4.89500e-01	1.14671e-01
4.90000e-01	1.18824e-01
4.90500e-01	1.23262e-01
4.91000e-01	1.23294e-01
4.91500e-01	1.26782e-01
4.92000e-01	1.32108e-01
4.92500e-01	1.33091e-01
4.93000e-01	1.33851e-01
4.93500e-01	1.39399e-01
4.94000e-01	1.44821e-01
4.94500e-01	1.38163e-01
4.95000e-01	1.28240e-01
4.95500e-01	1.19331e-01
4.96000e-01	1.12483e-01
4.96500e-01	1.03321e-01
4.97000e-01	1.03955e-01
4.97500e-01	1.10423e-01
4.98000e-01	1.14386e-01
4.98500e-01	1.14893e-01
4.99000e-01	1.10264e-01
4.99500e-01	1.07094e-01
5.00000e-01	1.04526e-01
5.00500e-01	9.95167e-02
5.01000e-01	9.93899e-02
5.01500e-01	1.03163e-01
5.02000e-01	1.05477e-01
5.02500e-01	1.07696e-01
5.03000e-01	1.12040e-01
5.03500e-01	1.15051e-01
5.04000e-01	1.14607e-01
5.04500e-01	1.14386e-01
5.05000e-01	1.17302e-01
5.05500e-01	1.19553e-01
5.06000e-01	1.18380e-01
5.06500e-01	1.25101e-01
5.07000e-01	1.25672e-01
5.07500e-01	1.23389e-01
5.08000e-01	1.23453e-01
5.08500e-01	1.22628e-01
5.09000e-01	1.17207e-01
5.09500e-01	1.16858e-01
5.10000e-01	1.18507e-01
5.10500e-01	1.23928e-01
5.11000e-01	1.25165e-01
5.11500e-01	1.26021e-01
5.12000e-01	1.25926e-01
5.12500e-01	1.25926e-01
5.13000e-01	1.21138e-01
5.13500e-01	1.21392e-01
5.14000e-01	1.22565e-01
5.14500e-01	1.23104e-01
5.15000e-01	1.28367e-01
5.15500e-01	1.35056e-01
5.16000e-01	1.26433e-01
5.16500e-01	1.18253e-01
5.17000e-01	1.11722e-01
5.17500e-01	1.01292e-01
5.18000e-01	9.42857e-02
5.18500e-01	1.00943e-01
5.19000e-01	1.07696e-01
5.19500e-01	1.08520e-01
5.20000e-01	1.04272e-01
5.20500e-01	1.10264e-01
5.21000e-01	1.18285e-01
5.21500e-01	1.24087e-01
5.22000e-01	1.42221e-01
5.22500e-01	1.60197e-01
5.23000e-01	1.63145e-01
5.23500e-01	1.64001e-01
5.24000e-01	1.64477e-01
5.24500e-01	1.60387e-01
5.25000e-01	1.58738e-01
5.25500e-01	1.50147e-01
5.26000e-01	1.40034e-01
5.26500e-01	1.43553e-01
5.27000e-01	1.45582e-01
5.27500e-01	1.47325e-01
5.28000e-01	1.58168e-01
5.28500e-01	1.72910e-01
5.29000e-01	1.72339e-01
5.29500e-01	1.76207e-01
5.30000e-01	1.77792e-01
5.30500e-01	1.77443e-01
5.31000e-01	1.74971e-01
5.31500e-01	1.76746e-01
5.32000e-01	1.68313e-01
5.32500e-01	1.67172e-01
5.33000e-01	1.65967e-01
5.33500e-01	1.67140e-01
5.34000e-01	1.66601e-01
5.34500e-01	1.76112e-01
5.35000e-01	1.78014e-01
5.35500e-01	1.80455e-01
5.36000e-01	1.79694e-01
5.36500e-01	1.85401e-01
5.37000e-01	1.89396e-01
5.37500e-01	1.93041e-01
5.38000e-01	1.97385e-01
5.38500e-01	2.00587e-01
5.39000e-01	2.03504e-01
5.39500e-01	1.97480e-01
5.40000e-01	1.90125e-01
5.40500e-01	1.92439e-01
5.41000e-01	1.97068e-01
5.41500e-01	1.95895e-01
5.42000e-01	1.95673e-01
5.42500e-01	2.01126e-01
5.43000e-01	2.01538e-01
5.43500e-01	2.02901e-01
5.44000e-01	1.90315e-01
5.44500e-01	1.80994e-01
5.45000e-01	1.72054e-01
5.45500e-01	1.60863e-01
5.46000e-01	1.50020e-01
5.46500e-01	1.54015e-01
5.47000e-01	1.61148e-01
5.47500e-01	1.68884e-01
5.48000e-01	1.72276e-01
5.48500e-01	1.76873e-01
5.49000e-01	1.74527e-01
5.49500e-01	1.70786e-01
5.50000e-01	1.66791e-01
5.50500e-01	1.60863e-01
5.51000e-01	1.56329e-01
5.51500e-01	1.58834e-01
5.52000e-01	1.62321e-01
5.52500e-01	1.61180e-01
5.53000e-01	1.63906e-01
5.53500e-01	1.63621e-01
5.54000e-01	1.63970e-01
5.54500e-01	1.64318e-01
5.55000e-01	1.68852e-01
5.55500e-01	1.72815e-01
5.56000e-01	1.76873e-01
5.56500e-01	1.80202e-01
5.57000e-01	1.84228e-01
5.57500e-01	1.87240e-01
5.58000e-01	1.83974e-01
5.58500e-01	1.82484e-01
5.59000e-01	1.73037e-01
5.59500e-01	1.67584e-01
5.60000e-01	1.63082e-01
5.60500e-01	1.64635e-01
5.61000e-01	1.62416e-01
5.61500e-01	1.70215e-01
5.62000e-01	1.68091e-01
5.62500e-01	1.68567e-01
5.63000e-01	1.68186e-01
5.63500e-01	1.69644e-01
5.64000e-01	1.72308e-01
5.64500e-01	1.80836e-01
5.65000e-01	1.85147e-01
5.65500e-01	1.88983e-01
5.66000e-01	1.89079e-01
5.66500e-01	1.88540e-01
5.67000e-01	1.87937e-01
5.67500e-01	1.89142e-01
5.68000e-01	1.89300e-01
5.68500e-01	1.95261e-01
5.69000e-01	1.98304e-01
5.69500e-01	2.00904e-01
5.70000e-01	2.03630e-01
5.70500e-01	2.08513e-01
5.71000e-01	2.09749e-01
5.71500e-01	2.13046e-01
5.72000e-01	2.14314e-01
5.72500e-01	2.16439e-01
5.73000e-01	2.18214e-01
5.73500e-01	2.22272e-01
5.74000e-01	2.27503e-01
5.74500e-01	2.34668e-01
5.75000e-01	2.34446e-01
5.75500e-01	2.29659e-01
5.76000e-01	2.26520e-01
5.76500e-01	2.21733e-01
5.77000e-01	2.15868e-01
5.77500e-01	2.15995e-01
5.78000e-01	2.22874e-01
5.78500e-01	2.29247e-01
5.79000e-01	2.35904e-01
5.79500e-01	2.44306e-01
5.80000e-01	2.49632e-01
5.80500e-01	2.45320e-01
5.81000e-01	2.37521e-01
5.81500e-01	2.28581e-01
5.82000e-01	2.19989e-01
5.82500e-01	2.14631e-01
5.83000e-01	2.15614e-01
5.83500e-01	2.19514e-01
5.84000e-01	2.16185e-01
5.84500e-01	2.09242e-01
5.85000e-01	1.99255e-01
5.85500e-01	1.89332e-01
5.86000e-01	1.77760e-01
5.86500e-01	1.70817e-01
5.87000e-01	1.63209e-01
5.87500e-01	1.50813e-01
5.88000e-01	1.29318e-01
5.88500e-01	1.07950e-01
5.89000e-01	9.40637e-02
5.89500e-01	9.03227e-02
5.90000e-01	9.32711e-02
5.90500e-01	1.09440e-01
5.91000e-01	1.27099e-01
5.91500e-01	1.38005e-01
5.92000e-01	1.42792e-01
5.92500e-01	1.49227e-01
5.93000e-01	1.54680e-01
5.93500e-01	1.59943e-01
5.94000e-01	1.63240e-01
5.94500e-01	1.67584e-01
5.95000e-01	1.67172e-01
5.95500e-01	1.65174e-01
5.96000e-01	1.64318e-01
5.96500e-01	1.64857e-01
5.97000e-01	1.65174e-01
5.97500e-01	1.69201e-01
5.98000e-01	1.73481e-01
5.98500e-01	1.79568e-01
5.99000e-01	1.86352e-01
5.99500e-01	1.89522e-01
6.00000e-01	1.90822e-01
6.00500e-01	1.94341e-01
6.01000e-01	1.93137e-01
6.01500e-01	1.95388e-01
6.02000e-01	2.01316e-01
6.02500e-01	2.07562e-01
6.03000e-01	2.08988e-01
6.03500e-01	2.14378e-01
6.04000e-01	2.19704e-01
6.04500e-01	2.20275e-01
6.05000e-01	2.21353e-01
6.05500e-01	2.24047e-01
6.06000e-01	2.27440e-01
6.06500e-01	2.27249e-01
6.07000e-01	2.29532e-01
6.07500e-01	2.31561e-01
6.08000e-01	2.34826e-01
6.08500e-01	2.38060e-01
6.09000e-01	2.41484e-01
6.09500e-01	2.37965e-01
6.10000e-01	2.40533e-01
6.10500e-01	2.45098e-01
6.11000e-01	2.39645e-01
6.11500e-01	2.33939e-01
6.12000e-01	2.41991e-01
6.12500e-01	2.39265e-01
6.13000e-01	2.36824e-01
6.13500e-01	2.44147e-01
6.14000e-01	2.42435e-01
6.14500e-01	2.34287e-01
6.15000e-01	2.19894e-01
6.15500e-01	1.98114e-01
6.16000e-01	1.73956e-01
6.16500e-01	1.61909e-01
6.17000e-01	1.52366e-01
6.17500e-01	1.50939e-01
6.18000e-01	1.51764e-01
6.18500e-01	1.50971e-01
6.19000e-01	1.49671e-01
6.19500e-01	1.46945e-01
6.20000e-01	1.47642e-01
6.20500e-01	1.47072e-01
6.21000e-01	1.45645e-01
6.21500e-01	1.40160e-01
6.22000e-01	1.34359e-01
6.22500e-01	1.28779e-01
6.23000e-01	1.27701e-01
6.23500e-01	1.27447e-01
6.24000e-01	1.33756e-01
6.24500e-01	1.39051e-01
6.25000e-01	1.42950e-01
6.25500e-01	1.51161e-01
6.26000e-01	1.56297e-01
6.26500e-01	1.60165e-01
6.27000e-01	1.61814e-01
6.27500e-01	1.67615e-01
6.28000e-01	1.71673e-01
6.28500e-01	1.77031e-01
6.29000e-01	1.83435e-01
6.29500e-01	1.93580e-01
6.30000e-01	2.02648e-01
6.30500e-01	2.11366e-01
6.31000e-01	2.22240e-01
6.31500e-01	2.30071e-01
6.32000e-01	2.37553e-01
6.32500e-01	2.43703e-01
6.33000e-01	2.49664e-01
6.33500e-01	2.55180e-01
6.34000e-01	2.64596e-01
6.34500e-01	2.66974e-01
6.35000e-01	2.64596e-01
6.35500e-01	2.60379e-01
6.36000e-01	2.55687e-01
6.36500e-01	2.48395e-01
6.37000e-01	2.41643e-01
6.37500e-01	2.38536e-01
6.38000e-01	2.34636e-01
6.38500e-01	2.36570e-01
6.39000e-01	2.41199e-01
6.39500e-01	2.55941e-01
6.40000e-01	2.72775e-01
6.40500e-01	2.87549e-01
6.41000e-01	2.96267e-01
6.41500e-01	3.02069e-01
6.42000e-01	3.03401e-01
6.42500e-01	3.04447e-01
6.43000e-01	2.99152e-01
6.43500e-01	3.08410e-01
6.44000e-01	3.05747e-01
6.44500e-01	3.11834e-01
6.45000e-01	3.17984e-01
6.45500e-01	3.26227e-01
6.46000e-01	3.30349e-01
6.46500e-01	3.43664e-01
6.47000e-01	3.46517e-01
6.47500e-01	3.41445e-01
6.48000e-01	3.47785e-01
6.48500e-01	3.34470e-01
6.49000e-01	3.27495e-01
6.49500e-01	3.30666e-01
6.50000e-01	3.40177e-01
6.50500e-01	3.43664e-01
6.51000e-01	3.60784e-01
6.51500e-01	3.75050e-01
6.52000e-01	3.84878e-01
6.52500e-01	3.95340e-01
6.53000e-01	4.10558e-01
6.53500e-01	4.14679e-01
6.54000e-01	4.14996e-01
6.54500e-01	4.07705e-01
6.55000e-01	4.05168e-01
6.55500e-01	4.51455e-01
6.56000e-01	4.47334e-01
6.56500e-01	4.38457e-01
6.57000e-01	4.34018e-01
6.57500e-01	4.28946e-01
6.58000e-01	3.74416e-01
6.58500e-01	3.68710e-01
6.59000e-01	3.73148e-01
6.59500e-01	3.77269e-01
6.60000e-01	3.73782e-01
6.60500e-01	3.69978e-01
6.61000e-01	3.69978e-01
6.61500e-01	3.63954e-01
6.62000e-01	3.56028e-01
6.62500e-01	3.51273e-01
6.63000e-01	3.41445e-01
6.63500e-01	3.36372e-01
6.64000e-01	3.32885e-01
6.64500e-01	3.22106e-01
6.65000e-01	3.10249e-01
6.65500e-01	3.03401e-01
6.66000e-01	2.99438e-01
6.66500e-01	2.95221e-01
6.67000e-01	2.98106e-01
6.67500e-01	2.93097e-01
6.68000e-01	2.89134e-01
6.68500e-01	2.79370e-01
6.69000e-01	2.74360e-01
6.69500e-01	2.71983e-01
6.70000e-01	2.78070e-01
6.70500e-01	2.76485e-01
6.71000e-01	2.69098e-01
6.71500e-01	2.61108e-01
6.72000e-01	2.53785e-01
6.72500e-01	2.45193e-01
6.73000e-01	2.44306e-01
6.73500e-01	2.52041e-01
6.74000e-01	2.50900e-01
6.74500e-01	2.50742e-01
6.75000e-01	2.51534e-01
6.75500e-01	2.52232e-01
6.76000e-01	2.50963e-01
6.76500e-01	2.57938e-01
6.77000e-01	2.61901e-01
6.77500e-01	2.59048e-01
6.78000e-01	2.54863e-01
6.78500e-01	2.51217e-01
6.79000e-01	2.47127e-01
6.79500e-01	2.44147e-01
6.80000e-01	2.48078e-01
6.80500e-01	2.52422e-01
6.81000e-01	2.53468e-01
6.81500e-01	2.53627e-01
6.82000e-01	2.54609e-01
6.82500e-01	2.55370e-01
6.83000e-01	2.54514e-01
6.83500e-01	2.57970e-01
6.84000e-01	2.59872e-01
6.84500e-01	2.56892e-01
6.85000e-01	2.52771e-01
6.85500e-01	2.50900e-01
6.86000e-01	2.32005e-01
6.86500e-01	2.23350e-01
6.87000e-01	2.24364e-01
6.87500e-01	2.22811e-01
6.88000e-01	2.19672e-01
6.88500e-01	2.34985e-01
6.89000e-01	2.40216e-01
6.89500e-01	2.40248e-01
6.90000e-01	2.49727e-01
6.90500e-01	2.60570e-01
6.91000e-01	2.60189e-01
6.91500e-01	2.73061e-01
6.92000e-01	2.85710e-01
6.92500e-01	2.96267e-01
6.93000e-01	3.03908e-01
6.93500e-01	3.26861e-01
6.94000e-01	3.39542e-01
6.94500e-01	3.46517e-01
6.95000e-01	3.51590e-01
6.95500e-01	3.61735e-01
6.96000e-01	3.65539e-01
6.96500e-01	3.67441e-01
6.97000e-01	3.74099e-01
6.97500e-01	3.81708e-01
6.98000e-01	3.83610e-01
6.98500e-01	3.85512e-01
6.99000e-01	3.88366e-01
6.99500e-01	3.91536e-01
7.00000e-01	3.94706e-01
7.00500e-01	4.04851e-01
7.01000e-01	4.14996e-01
7.01500e-01	4.20069e-01
7.02000e-01	4.36872e-01
7.02500e-01	4.50504e-01
7.03000e-01	4.65722e-01
7.03500e-01	4.86963e-01
7.04000e-01	5.12960e-01
7.04500e-01	4.98376e-01
7.05000e-01	4.74916e-01
7.05500e-01	4.43212e-01
7.06000e-01	4.09290e-01
7.06500e-01	3.81391e-01
7.07000e-01	3.81074e-01
7.07500e-01	3.89317e-01
7.08000e-01	3.73782e-01
7.08500e-01	3.59199e-01
7.09000e-01	3.41762e-01
7.09500e-01	3.25593e-01
7.10000e-01	3.16843e-01
7.10500e-01	3.34153e-01
7.11000e-01	3.51590e-01
7.11500e-01	3.56028e-01
7.12000e-01	3.43347e-01
7.12500e-01	3.23691e-01
7.13000e-01	3.04193e-01
7.13500e-01	2.83333e-01
7.14000e-01	2.70683e-01
7.14500e-01	2.82033e-01
7.15000e-01	2.89927e-01
7.15500e-01	2.96521e-01
7.16000e-01	3.01023e-01
7.16500e-01	3.06825e-01
7.17000e-01	3.07332e-01
7.17500e-01	3.12087e-01
7.18000e-01	3.19252e-01
7.18500e-01	3.27812e-01
7.19000e-01	3.27495e-01
7.19500e-01	3.23057e-01
7.20000e-01	3.23374e-01
7.20500e-01	3.27178e-01
7.21000e-01	3.31300e-01
7.21500e-01	3.46834e-01
7.22000e-01	3.63954e-01
7.22500e-01	3.72831e-01
7.23000e-01	3.77903e-01
7.23500e-01	3.81391e-01
7.24000e-01	3.91853e-01
7.24500e-01	3.99779e-01
7.25000e-01	4.15630e-01
7.25500e-01	4.26727e-01
7.26000e-01	4.41944e-01
7.26500e-01	4.43529e-01
7.27000e-01	4.50821e-01
7.27500e-01	4.59381e-01
7.28000e-01	4.66039e-01
7.28500e-01	4.71745e-01
7.29000e-01	4.84744e-01
7.29500e-01	4.91718e-01
7.30000e-01	4.93938e-01
7.30500e-01	5.06619e-01
7.31000e-01	5.17398e-01
7.31500e-01	5.22788e-01
7.32000e-01	5.36737e-01
7.32500e-01	5.50370e-01
7.33000e-01	5.60515e-01
7.33500e-01	5.63368e-01
7.34000e-01	5.73830e-01
7.34500e-01	5.75415e-01
7.35000e-01	5.78902e-01
7.35500e-01	5.78585e-01
7.36000e-01	5.89365e-01
7.36500e-01	5.96339e-01
7.37000e-01	6.08704e-01
7.37500e-01	6.19166e-01
7.38000e-01	6.27726e-01
7.38500e-01	6.29628e-01
7.39000e-01	6.28360e-01
7.39500e-01	6.28994e-01
7.40000e-01	6.29945e-01
7.40500e-01	6.32798e-01
7.41000e-01	6.36920e-01
7.41500e-01	6.46114e-01
7.42000e-01	6.52137e-01
7.42500e-01	6.56576e-01
7.43000e-01	6.62916e-01
7.43500e-01	6.67038e-01
7.44000e-01	6.66721e-01
7.44500e-01	6.69891e-01
7.45000e-01	6.71793e-01
7.45500e-01	6.69257e-01
7.46000e-01	6.74012e-01
7.46500e-01	6.76866e-01
7.47000e-01	6.77500e-01
7.47500e-01	6.81621e-01
7.48000e-01	6.86060e-01
7.48500e-01	6.85109e-01
7.49000e-01	6.92717e-01
7.49500e-01	6.97156e-01
7.50000e-01	6.98741e-01
7.50500e-01	7.04131e-01
7.51000e-01	7.11422e-01
7.51500e-01	7.09837e-01
7.52000e-01	7.09520e-01
7.52500e-01	7.11422e-01
7.53000e-01	7.13325e-01
7.53500e-01	7.18714e-01
7.54000e-01	7.23787e-01
7.54500e-01	7.28859e-01
7.55000e-01	7.34566e-01
7.55500e-01	7.34883e-01
7.56000e-01	7.29493e-01
7.56500e-01	7.31712e-01
7.57000e-01	7.32981e-01
7.57500e-01	7.31395e-01
7.58000e-01	7.12690e-01
7.75500e-01	5.56393e-01
7.76000e-01	5.56393e-01
7.76500e-01	5.68757e-01
7.77000e-01	5.75098e-01
7.77500e-01	5.74147e-01
7.78000e-01	5.76049e-01
7.78500e-01	5.77634e-01
7.79000e-01	5.74147e-01
7.79500e-01	5.80488e-01
7.80000e-01	5.92852e-01
7.80500e-01	6.06801e-01
7.81000e-01	6.12508e-01
7.81500e-01	6.21068e-01
7.82000e-01	6.13459e-01
7.82500e-01	6.08704e-01
7.83000e-01	6.01095e-01
7.83500e-01	6.00778e-01
7.84000e-01	6.02046e-01
7.84500e-01	6.12508e-01
7.85000e-01	6.21385e-01
7.85500e-01	6.26140e-01
7.86000e-01	6.28994e-01
7.86500e-01	6.32481e-01
7.87000e-01	6.36920e-01
7.87500e-01	6.39773e-01
7.88000e-01	6.47065e-01
7.88500e-01	6.54356e-01
7.89000e-01	6.58478e-01
7.89500e-01	6.62282e-01
7.90000e-01	6.56259e-01
7.90500e-01	6.51503e-01
7.91000e-01	6.49601e-01
7.91500e-01	6.49918e-01
7.92000e-01	6.50869e-01
7.92500e-01	6.63867e-01
7.93000e-01	6.73061e-01
7.93500e-01	6.76866e-01
7.94000e-01	6.78134e-01
7.94500e-01	6.84475e-01
7.95000e-01	6.86377e-01
7.95500e-01	6.92400e-01
7.96000e-01	7.02228e-01
7.96500e-01	7.12690e-01
7.97000e-01	7.13642e-01
7.97500e-01	7.16812e-01
7.98000e-01	7.18397e-01
7.98500e-01	7.17129e-01
7.99000e-01	7.13642e-01
7.99500e-01	7.19348e-01
8.00000e-01	7.23470e-01
8.00500e-01	7.30127e-01
8.01000e-01	7.35517e-01
8.01500e-01	7.44394e-01
8.02000e-01	7.50417e-01
8.02500e-01	7.58343e-01
8.03000e-01	7.61514e-01
8.03500e-01	7.64367e-01
8.04000e-01	7.68805e-01
8.04500e-01	7.74829e-01
8.05000e-01	7.78950e-01
8.05500e-01	7.84340e-01
8.06000e-01	7.86242e-01
8.06500e-01	7.91949e-01
8.07000e-01	7.94485e-01
8.07500e-01	7.95436e-01
8.08000e-01	7.93851e-01
8.08500e-01	7.99241e-01
8.09000e-01	8.02411e-01
8.09500e-01	8.03045e-01
8.10000e-01	8.05581e-01
8.10500e-01	8.08752e-01
8.11000e-01	8.08752e-01
8.11500e-01	8.08117e-01
8.12000e-01	8.04313e-01
8.12500e-01	7.92583e-01
8.13000e-01	7.86559e-01
8.13500e-01	7.79267e-01
8.14000e-01	7.65952e-01
8.14500e-01	7.54539e-01
8.15000e-01	7.48198e-01
8.15500e-01	7.36151e-01
8.16000e-01	7.26323e-01
8.16500e-01	7.31078e-01
8.17000e-01	7.22201e-01
8.17500e-01	6.90815e-01
8.18000e-01	6.90498e-01
8.18500e-01	6.50235e-01
8.19000e-01	6.33432e-01
8.19500e-01	6.56576e-01
8.20000e-01	7.03179e-01
8.20500e-01	7.24738e-01
8.21000e-01	7.79901e-01
8.21500e-01	7.85291e-01
8.22000e-01	7.46930e-01
8.22500e-01	7.40589e-01
8.23000e-01	7.39955e-01
8.23500e-01	7.45662e-01
8.24000e-01	7.75780e-01
8.24100e-01	8.05898e-01
8.24600e-01	8.11922e-01
8.25100e-01	8.09703e-01
8.25500e-01	7.99558e-01
8.26000e-01	8.08752e-01
8.26400e-01	8.20165e-01
8.26900e-01	8.11605e-01
8.27400e-01	7.96704e-01
8.27800e-01	7.91949e-01
8.28300e-01	7.88144e-01
8.28700e-01	7.82121e-01
8.29200e-01	7.80219e-01
8.29600e-01	7.84974e-01
8.30100e-01	7.81170e-01
8.30600e-01	7.73561e-01
8.31000e-01	7.82438e-01
8.31500e-01	7.87827e-01
8.31900e-01	7.80219e-01
8.32400e-01	7.70073e-01
8.32900e-01	7.66903e-01
8.33300e-01	7.76097e-01
8.33800e-01	7.92266e-01
8.34200e-01	7.99241e-01
8.34700e-01	7.92900e-01
8.35200e-01	7.92900e-01
8.35600e-01	7.95753e-01
8.36100e-01	7.91949e-01
8.36500e-01	7.95436e-01
8.37000e-01	7.99558e-01
8.37400e-01	7.81487e-01
8.37900e-01	7.56124e-01
8.38400e-01	7.46613e-01
8.38800e-01	7.57075e-01
8.39300e-01	7.78633e-01
8.39700e-01	7.98289e-01
8.40200e-01	8.07483e-01
8.40700e-01	8.06215e-01
8.41100e-01	7.97972e-01
8.41600e-01	7.91949e-01
8.42000e-01	7.89412e-01
8.42500e-01	7.73244e-01
8.43000e-01	7.53271e-01
8.43400e-01	7.33298e-01
8.43900e-01	7.35834e-01
8.44300e-01	7.56441e-01
8.44800e-01	7.53588e-01
8.45200e-01	7.46613e-01
8.45700e-01	7.41858e-01
8.46200e-01	7.36151e-01
8.46600e-01	7.26323e-01
8.47100e-01	7.28542e-01
8.47500e-01	7.42492e-01
8.48000e-01	7.49149e-01
8.48500e-01	7.58026e-01
8.48900e-01	7.54539e-01
8.49400e-01	7.40906e-01
8.49800e-01	7.33298e-01
8.50300e-01	7.39321e-01
8.50800e-01	7.38370e-01
8.51200e-01	7.21884e-01
8.51700e-01	7.17446e-01
8.52100e-01	7.26323e-01
8.52600e-01	7.39321e-01
8.53000e-01	7.32347e-01
8.53500e-01	7.13008e-01
8.54000e-01	6.87328e-01
8.54400e-01	6.92400e-01
8.54900e-01	7.34883e-01
8.55300e-01	7.58343e-01
8.55800e-01	7.58343e-01
8.56300e-01	7.58660e-01
8.56700e-01	7.63099e-01
8.57200e-01	7.67220e-01
8.57600e-01	7.64684e-01
8.58100e-01	7.66269e-01
8.58600e-01	7.72610e-01
8.59000e-01	7.71025e-01
8.59500e-01	7.71025e-01
8.59900e-01	7.80219e-01
8.60400e-01	7.71659e-01
8.60800e-01	7.67854e-01
8.61300e-01	7.66586e-01
8.61800e-01	7.69439e-01
8.62200e-01	7.73561e-01
8.62700e-01	7.72610e-01
8.63100e-01	7.70390e-01
8.63600e-01	7.75146e-01
8.64100e-01	7.77999e-01
8.64500e-01	7.72927e-01
8.65000e-01	7.66586e-01
8.65400e-01	7.52637e-01
8.65900e-01	7.29493e-01
8.66400e-01	7.22201e-01
8.66800e-01	7.47247e-01
8.67300e-01	7.63099e-01
8.67700e-01	7.62782e-01
8.68200e-01	7.54856e-01
8.68600e-01	7.37102e-01
8.69100e-01	7.33615e-01
8.69600e-01	7.48515e-01
8.70000e-01	7.67854e-01
8.70500e-01	7.72610e-01
8.70900e-01	7.63733e-01
8.71400e-01	7.57392e-01
8.71900e-01	7.61514e-01
8.72300e-01	7.71659e-01
8.72800e-01	7.76097e-01
8.73200e-01	7.74829e-01
8.73700e-01	7.76731e-01
8.74200e-01	7.88778e-01
8.74600e-01	7.91315e-01
8.75100e-01	7.95119e-01
8.75500e-01	7.96070e-01
8.76000e-01	7.97972e-01
8.76400e-01	8.00192e-01
8.76900e-01	7.99241e-01
8.77400e-01	8.01460e-01
8.77800e-01	8.03362e-01
8.78300e-01	8.13824e-01
8.78700e-01	8.13190e-01
8.79200e-01	8.13824e-01
8.79700e-01	8.03996e-01
8.80100e-01	7.86559e-01
8.80600e-01	7.84657e-01
8.81000e-01	8.12556e-01
8.81500e-01	8.29993e-01
8.82000e-01	8.11922e-01
8.82400e-01	7.99558e-01
8.82900e-01	8.14141e-01
8.83300e-01	8.38553e-01
8.83800e-01	8.39187e-01
8.84200e-01	8.31261e-01
8.84700e-01	8.27773e-01
8.85200e-01	8.32212e-01
8.85600e-01	8.21750e-01
8.86100e-01	7.93851e-01
8.86500e-01	7.78316e-01
8.87000e-01	7.68805e-01
8.87500e-01	7.67854e-01
8.87900e-01	7.84023e-01
8.88400e-01	7.90681e-01
8.88800e-01	7.92900e-01
8.89300e-01	7.85925e-01
8.89800e-01	7.90681e-01
8.90200e-01	8.05581e-01
8.90700e-01	8.03362e-01
8.91100e-01	8.02728e-01
8.91600e-01	8.01777e-01
8.92000e-01	8.02728e-01
8.92500e-01	8.06532e-01
8.93000e-01	8.05581e-01
8.93400e-01	7.99241e-01
8.93900e-01	7.94168e-01
8.94300e-01	7.88144e-01
8.94800e-01	7.81804e-01
8.95300e-01	7.80536e-01
8.95700e-01	7.79584e-01
8.96200e-01	7.69756e-01
8.96600e-01	7.64684e-01
8.97100e-01	7.66903e-01
8.97600e-01	7.73561e-01
8.98000e-01	7.71025e-01
8.98500e-01	7.44711e-01
8.98900e-01	7.31395e-01
8.99400e-01	7.45662e-01
8.99800e-01	7.56441e-01
9.00300e-01	7.56758e-01
9.00800e-01	7.62782e-01
9.01200e-01	7.58977e-01
9.01700e-01	7.50417e-01
9.02100e-01	7.51686e-01
9.02600e-01	7.64684e-01
9.03100e-01	7.96070e-01
9.03500e-01	8.18897e-01
9.04000e-01	8.25554e-01
9.04400e-01	8.28408e-01
9.04900e-01	8.30627e-01
9.05400e-01	8.24286e-01
9.05800e-01	8.19214e-01
9.06300e-01	8.11605e-01
9.06700e-01	7.90998e-01
9.07200e-01	7.86559e-01
9.07600e-01	7.88461e-01
9.08100e-01	7.88144e-01
9.08600e-01	7.77365e-01
9.09000e-01	7.83072e-01
9.09500e-01	7.96070e-01
9.09900e-01	8.01143e-01
9.10400e-01	8.00826e-01
9.10900e-01	8.10337e-01
9.11300e-01	8.18897e-01
9.11800e-01	8.07166e-01
9.12200e-01	8.11605e-01
9.12700e-01	8.10971e-01
9.13200e-01	7.94802e-01
9.13600e-01	7.93851e-01
9.14100e-01	8.16360e-01
9.14500e-01	8.26188e-01
9.15000e-01	8.02728e-01
9.15400e-01	7.92900e-01
9.15900e-01	8.16360e-01
9.16400e-01	8.36967e-01
9.16800e-01	8.25554e-01
9.17300e-01	8.11922e-01
9.17700e-01	8.18263e-01
9.18200e-01	8.32846e-01
9.18700e-01	8.44893e-01
9.19100e-01	8.43625e-01
9.19600e-01	8.51868e-01
9.20000e-01	8.56306e-01
9.20500e-01	8.47747e-01
9.21000e-01	8.32846e-01
9.21400e-01	8.32212e-01
9.21900e-01	8.39504e-01
9.22300e-01	8.43942e-01
9.22800e-01	8.38870e-01
9.23200e-01	8.26505e-01
9.23700e-01	8.24603e-01
9.24200e-01	8.27773e-01
9.24600e-01	8.29042e-01
9.25100e-01	8.29042e-01
9.25500e-01	8.32846e-01
9.26000e-01	8.40138e-01
9.26500e-01	8.49015e-01
9.26900e-01	8.45210e-01
9.71300e-01	8.71524e-01
9.72400e-01	8.71524e-01
9.73600e-01	8.69939e-01
9.74700e-01	8.73426e-01
9.75800e-01	8.64549e-01
9.77000e-01	8.56306e-01
9.78100e-01	8.51234e-01
9.79300e-01	8.49332e-01
9.80400e-01	8.59477e-01
9.81600e-01	8.69622e-01
9.82700e-01	8.56306e-01
9.83800e-01	8.48698e-01
9.85000e-01	8.56624e-01
9.86100e-01	8.56624e-01
9.87300e-01	8.55672e-01
9.88400e-01	8.56941e-01
9.89600e-01	8.35065e-01
9.90700e-01	7.99558e-01
9.91800e-01	7.76097e-01
9.93000e-01	7.70073e-01
9.94100e-01	7.91949e-01
9.95300e-01	8.17628e-01
9.96400e-01	8.21433e-01
9.97500e-01	8.23969e-01
9.98700e-01	8.29993e-01
9.99800e-01	8.30627e-01
1.00100e+00	8.36967e-01
1.00200e+00	8.55989e-01
1.00300e+00	8.76280e-01
1.00400e+00	8.88961e-01
1.00500e+00	8.81035e-01
1.00700e+00	8.50917e-01
1.00800e+00	8.28408e-01
1.00900e+00	8.26505e-01
1.01000e+00	8.29676e-01
1.01100e+00	8.27456e-01
1.01200e+00	8.22067e-01
1.01300e+00	8.10654e-01
1.01500e+00	7.99241e-01
1.01600e+00	7.91949e-01
1.01700e+00	7.84974e-01
1.01800e+00	7.82755e-01
1.01900e+00	7.85925e-01
1.02000e+00	7.86876e-01
1.02100e+00	7.85925e-01
1.02300e+00	7.83389e-01
1.02400e+00	7.76097e-01
1.02500e+00	7.71976e-01
1.02600e+00	7.69439e-01
1.02700e+00	7.68171e-01
1.02800e+00	7.70390e-01
1.02900e+00	7.74195e-01
1.03100e+00	7.73244e-01
1.03200e+00	7.71976e-01
1.03300e+00	7.66269e-01
1.03400e+00	7.51051e-01
1.03500e+00	7.43443e-01
1.03600e+00	7.58343e-01
1.03700e+00	7.82121e-01
1.03800e+00	7.86242e-01
1.04000e+00	7.77365e-01
1.04100e+00	7.77999e-01
1.04200e+00	7.83706e-01
1.04300e+00	7.89412e-01
1.04400e+00	7.98606e-01
1.04500e+00	8.06215e-01
1.04600e+00	8.03362e-01
1.04800e+00	7.92583e-01
1.04900e+00	7.80219e-01
1.05000e+00	7.73878e-01
1.05100e+00	7.72927e-01
1.05200e+00	7.71976e-01
1.05300e+00	7.72610e-01
1.05400e+00	7.75463e-01
1.05600e+00	7.68488e-01
1.05700e+00	7.61831e-01
1.05800e+00	7.65001e-01
1.05900e+00	7.64050e-01
1.06000e+00	7.60880e-01
1.06100e+00	7.61831e-01
1.06200e+00	7.59294e-01
1.06300e+00	7.56758e-01
1.06400e+00	7.58343e-01
1.06600e+00	7.51686e-01
1.06700e+00	7.47247e-01
1.06800e+00	7.62465e-01
1.06900e+00	7.74512e-01
1.07000e+00	7.71025e-01
1.07100e+00	7.63099e-01
1.07200e+00	7.52003e-01
1.07400e+00	7.45979e-01
1.07500e+00	7.50417e-01
1.07600e+00	7.51051e-01
1.07700e+00	7.45662e-01
1.07800e+00	7.47247e-01
1.07900e+00	7.44394e-01
1.08000e+00	7.42809e-01
1.08100e+00	7.50734e-01
1.08300e+00	7.51051e-01
1.08400e+00	7.44711e-01
1.08500e+00	7.48832e-01
1.08600e+00	7.53588e-01
1.08700e+00	7.55173e-01
1.08800e+00	7.58660e-01
1.08900e+00	7.53588e-01
1.09000e+00	7.50417e-01
1.09200e+00	7.61831e-01
1.09300e+00	7.59928e-01
1.09400e+00	7.53588e-01
1.09500e+00	7.58977e-01
1.09600e+00	7.51051e-01
1.09700e+00	7.39321e-01
1.09800e+00	7.44394e-01
1.09900e+00	7.39321e-01
1.10100e+00	7.30761e-01
1.10200e+00	7.35200e-01
1.10300e+00	7.30444e-01
1.10400e+00	7.19348e-01
1.10500e+00	7.20299e-01
1.10600e+00	7.15544e-01
1.10700e+00	7.09520e-01
1.10800e+00	7.19665e-01
1.11000e+00	7.22201e-01
1.11100e+00	7.17446e-01
1.11200e+00	7.23787e-01
1.11300e+00	7.24421e-01
1.11400e+00	7.26957e-01
1.11500e+00	7.37736e-01
1.11600e+00	7.25689e-01
1.11700e+00	7.09520e-01
1.11800e+00	7.14910e-01
1.12000e+00	7.20616e-01
1.12100e+00	7.19665e-01
1.12200e+00	7.20616e-01
1.12300e+00	7.05399e-01
1.12400e+00	6.93986e-01
1.12500e+00	6.97156e-01
1.12600e+00	6.93668e-01
1.12800e+00	6.87011e-01
1.12900e+00	7.00009e-01
1.13000e+00	6.89547e-01
1.13100e+00	6.92717e-01
1.13200e+00	7.42809e-01
1.13300e+00	7.71659e-01
1.13400e+00	7.22518e-01
1.13500e+00	6.57844e-01
1.13700e+00	6.28994e-01
1.13800e+00	6.26140e-01
1.13900e+00	6.26457e-01
1.14000e+00	6.12191e-01
1.14100e+00	6.10606e-01
1.14200e+00	6.49284e-01
1.14300e+00	6.91766e-01
1.14400e+00	7.04448e-01
1.14500e+00	7.06667e-01
1.14600e+00	6.93034e-01
1.14800e+00	6.85109e-01
1.14900e+00	7.00009e-01
1.15000e+00	7.10788e-01
1.15100e+00	7.09520e-01
1.15200e+00	7.16812e-01
1.15300e+00	7.11739e-01
1.15500e+00	7.19031e-01
1.15600e+00	7.22836e-01
1.15700e+00	7.20933e-01
1.15800e+00	7.18080e-01
1.15900e+00	7.17763e-01
1.16100e+00	7.20616e-01
1.16200e+00	7.20933e-01
1.16300e+00	7.18397e-01
1.16400e+00	7.13008e-01
1.16500e+00	7.13008e-01
1.16600e+00	7.17129e-01
1.16700e+00	7.22518e-01
1.16800e+00	7.17446e-01
1.17000e+00	7.06667e-01
1.17100e+00	6.98424e-01
1.17200e+00	6.99058e-01
1.17300e+00	7.05716e-01
1.17400e+00	7.16812e-01
1.17500e+00	7.17763e-01
1.17600e+00	7.04448e-01
1.17800e+00	6.83840e-01
1.17900e+00	6.74964e-01
1.18000e+00	6.81304e-01
1.18100e+00	6.94937e-01
1.18200e+00	6.99692e-01
1.18300e+00	6.94937e-01
1.18400e+00	6.89230e-01
1.18600e+00	6.89230e-01
1.18700e+00	6.91132e-01
1.18800e+00	6.91449e-01
1.18900e+00	6.85743e-01
1.19000e+00	6.80670e-01
1.19100e+00	6.78134e-01
1.19200e+00	6.78768e-01
1.19400e+00	6.80036e-01
1.19500e+00	6.81938e-01
1.19600e+00	6.77183e-01
1.19700e+00	6.66404e-01
1.19800e+00	6.57527e-01
1.19900e+00	6.56576e-01
1.20000e+00	6.62282e-01
1.20200e+00	6.72110e-01
1.20300e+00	6.77817e-01
1.20400e+00	6.75598e-01
1.20500e+00	6.68306e-01
1.20600e+00	6.63550e-01
1.20700e+00	6.66087e-01
1.20800e+00	6.74964e-01
1.20900e+00	6.77183e-01
1.21100e+00	6.71793e-01
1.21200e+00	6.61965e-01
1.21300e+00	6.56576e-01
1.21400e+00	6.57527e-01
1.21500e+00	6.62599e-01
1.21600e+00	6.64184e-01
1.21700e+00	6.62599e-01
1.21900e+00	6.59429e-01
1.22000e+00	6.56259e-01
1.22100e+00	6.55307e-01
1.22200e+00	6.57844e-01
1.22300e+00	6.57527e-01
1.22400e+00	6.55307e-01
1.22500e+00	6.50869e-01
1.22600e+00	6.49918e-01
1.22700e+00	6.51820e-01
1.22900e+00	6.54039e-01
1.23000e+00	6.51820e-01
1.23100e+00	6.47382e-01
1.23200e+00	6.40407e-01
1.23300e+00	6.35968e-01
1.23400e+00	6.37237e-01
1.23500e+00	6.41041e-01
1.23700e+00	6.41675e-01
1.23800e+00	6.38822e-01
1.23900e+00	6.30896e-01
1.24000e+00	6.26140e-01
1.24100e+00	6.25506e-01
1.24200e+00	6.27092e-01
1.24300e+00	6.24872e-01
1.24400e+00	6.21702e-01
1.24500e+00	6.19166e-01
1.24700e+00	6.21385e-01
1.24800e+00	6.24872e-01
1.24900e+00	6.28360e-01
1.25000e+00	6.27726e-01
1.25100e+00	6.23287e-01
1.25200e+00	6.15361e-01
1.25300e+00	6.10923e-01
1.25500e+00	6.16629e-01
1.25600e+00	6.27726e-01
1.25700e+00	6.34383e-01
1.25800e+00	6.34066e-01
1.25900e+00	6.29311e-01
1.26000e+00	6.27409e-01
1.26100e+00	6.30262e-01
1.26200e+00	6.33749e-01
1.26300e+00	6.33115e-01
1.26500e+00	6.28043e-01
1.26600e+00	6.20117e-01
1.26700e+00	6.18532e-01
1.26800e+00	6.21702e-01
1.26900e+00	6.21068e-01
1.27000e+00	6.15678e-01
1.27100e+00	6.12825e-01
1.27200e+00	6.13142e-01
1.27400e+00	6.15678e-01
1.27500e+00	6.17263e-01
1.27600e+00	6.20117e-01
1.27700e+00	6.24555e-01
1.27800e+00	6.27726e-01
1.27900e+00	6.24555e-01
1.28000e+00	6.21385e-01
1.28100e+00	6.19483e-01
1.28300e+00	6.14410e-01
1.28400e+00	6.11240e-01
1.28500e+00	6.13776e-01
1.28600e+00	6.12825e-01
1.28700e+00	6.11557e-01
1.28800e+00	6.10606e-01
1.28900e+00	6.09021e-01
1.29000e+00	6.04899e-01
1.29100e+00	6.01095e-01
1.29300e+00	5.96022e-01
1.29400e+00	5.98876e-01
1.29500e+00	6.03314e-01
1.29600e+00	6.04265e-01
1.29700e+00	6.04582e-01
1.29800e+00	6.02997e-01
1.29900e+00	5.96973e-01
1.30000e+00	5.95705e-01
1.30100e+00	5.98242e-01
1.30300e+00	6.01095e-01
1.30400e+00	6.04265e-01
1.30500e+00	6.02997e-01
1.30600e+00	5.96339e-01
1.30700e+00	5.95071e-01
1.30800e+00	5.96656e-01
1.30900e+00	5.97924e-01
1.31000e+00	5.97924e-01
1.31100e+00	5.91584e-01
1.31200e+00	5.76366e-01
1.31400e+00	5.70660e-01
1.31500e+00	5.73196e-01
1.31600e+00	5.78585e-01
1.31700e+00	5.89999e-01
1.31800e+00	5.99827e-01
1.31900e+00	5.97924e-01
1.32000e+00	5.96656e-01
1.32100e+00	5.97290e-01
1.32200e+00	5.96339e-01
1.32400e+00	5.99827e-01
1.32500e+00	5.99827e-01
1.32600e+00	5.94754e-01
1.32700e+00	5.96656e-01
1.32800e+00	5.97924e-01
1.32900e+00	5.92535e-01
1.33000e+00	5.91267e-01
1.33100e+00	5.86511e-01
1.33200e+00	5.74147e-01
1.33400e+00	5.69709e-01
1.33500e+00	5.68757e-01
1.33600e+00	5.64953e-01
1.33700e+00	5.66538e-01
1.33800e+00	5.68757e-01
1.33900e+00	5.65904e-01
1.34000e+00	5.66221e-01
1.34100e+00	5.64319e-01
1.34200e+00	5.65904e-01
1.34400e+00	5.73830e-01
1.34500e+00	5.75098e-01
1.34600e+00	5.71928e-01
1.34700e+00	5.78585e-01
1.34800e+00	5.76683e-01
1.34900e+00	5.72245e-01
1.35000e+00	5.74464e-01
1.35100e+00	5.74464e-01
1.35200e+00	5.70977e-01
1.35300e+00	5.78268e-01
1.35500e+00	5.74464e-01
1.43800e+00	5.46248e-01
1.44000e+00	5.46565e-01
1.44200e+00	5.51638e-01
1.44400e+00	5.51321e-01
1.44700e+00	5.44346e-01
1.44900e+00	5.42761e-01
1.45100e+00	5.44346e-01
1.45300e+00	5.42761e-01
1.45600e+00	5.41810e-01
1.45800e+00	5.39907e-01
1.46000e+00	5.32299e-01
1.46200e+00	5.28177e-01
1.46500e+00	5.29128e-01
1.46700e+00	5.29128e-01
1.46900e+00	5.27860e-01
1.47100e+00	5.27226e-01
1.47400e+00	5.24373e-01
1.47600e+00	5.20885e-01
1.47800e+00	5.18983e-01
1.48000e+00	5.17081e-01
1.48300e+00	5.19300e-01
1.48500e+00	5.23739e-01
1.48700e+00	5.25641e-01
1.49000e+00	5.24056e-01
1.49200e+00	5.21837e-01
1.49400e+00	5.19300e-01
1.49600e+00	5.18666e-01
1.49800e+00	5.18349e-01
1.50100e+00	5.16130e-01
1.50300e+00	5.14862e-01
1.50500e+00	5.14862e-01
1.50800e+00	5.12326e-01
1.51000e+00	5.10106e-01
1.51200e+00	5.09472e-01
1.51400e+00	5.05351e-01
1.51700e+00	5.02180e-01
1.51900e+00	5.04400e-01
1.52100e+00	5.08838e-01
1.52300e+00	5.10423e-01
1.52600e+00	5.08204e-01
1.52800e+00	5.03766e-01
1.53000e+00	5.01229e-01
1.53200e+00	5.00595e-01
1.53500e+00	4.98059e-01
1.53700e+00	4.94889e-01
1.53900e+00	4.92669e-01
1.54100e+00	4.88548e-01
1.54400e+00	4.87597e-01
1.54600e+00	4.91084e-01
1.54800e+00	4.94572e-01
1.55000e+00	4.95840e-01
1.55300e+00	4.96157e-01
1.55500e+00	4.94889e-01
1.55700e+00	4.94255e-01
1.55900e+00	4.96474e-01
1.56200e+00	4.97108e-01
1.56400e+00	4.96474e-01
1.56600e+00	4.99010e-01
1.56800e+00	5.00595e-01
1.57100e+00	4.99010e-01
1.57300e+00	4.97742e-01
1.57500e+00	4.99010e-01
1.57700e+00	5.01229e-01
1.58000e+00	5.02180e-01
1.58200e+00	4.99961e-01
1.58400e+00	4.99010e-01
1.58600e+00	5.01863e-01
1.58900e+00	5.05351e-01
1.59100e+00	5.05668e-01
1.59300e+00	5.03766e-01
1.59500e+00	5.00912e-01
1.59800e+00	5.00278e-01
1.60000e+00	4.99327e-01
1.60200e+00	4.94255e-01
1.60400e+00	4.88865e-01
1.60700e+00	4.87280e-01
1.60900e+00	4.88231e-01
1.61100e+00	4.87914e-01
1.61300e+00	4.84110e-01
1.61600e+00	4.78086e-01
1.61800e+00	4.74916e-01
1.62000e+00	4.74282e-01
1.62200e+00	4.71111e-01
1.62500e+00	4.67941e-01
1.62700e+00	4.67624e-01
1.62900e+00	4.67307e-01
1.63100e+00	4.69526e-01
1.63400e+00	4.72379e-01
1.63600e+00	4.73965e-01
1.63800e+00	4.78403e-01
1.64000e+00	4.83793e-01
1.64300e+00	4.82841e-01
1.64500e+00	4.77769e-01
1.64700e+00	4.74599e-01
1.64900e+00	4.72379e-01
1.65200e+00	4.72379e-01
1.65400e+00	4.73013e-01
1.65600e+00	4.70794e-01
1.65800e+00	4.66990e-01
1.66100e+00	4.64454e-01
1.66300e+00	4.62551e-01
1.66500e+00	4.62868e-01
1.66700e+00	4.62551e-01
1.67000e+00	4.55894e-01
1.67200e+00	4.48602e-01
1.67400e+00	4.45115e-01
1.67600e+00	4.45432e-01
1.67900e+00	4.53357e-01
1.68100e+00	4.63819e-01
1.68300e+00	4.65405e-01
1.68500e+00	4.60332e-01
1.68800e+00	4.52406e-01
1.69000e+00	4.44797e-01
1.69200e+00	4.43529e-01
1.69400e+00	4.46700e-01
1.69600e+00	4.47017e-01
1.69900e+00	4.46700e-01
1.70100e+00	4.46383e-01
1.70300e+00	4.41944e-01
1.70600e+00	4.37506e-01
1.70800e+00	4.33067e-01
1.71000e+00	4.25458e-01
1.71200e+00	4.22605e-01
1.71400e+00	4.23873e-01
1.71700e+00	4.22288e-01
1.71900e+00	4.21337e-01
1.72100e+00	4.21971e-01
1.72300e+00	4.19752e-01
1.72600e+00	4.18484e-01
1.72800e+00	4.19118e-01
1.73000e+00	4.18167e-01
1.73200e+00	4.19435e-01
1.73500e+00	4.21971e-01
1.73700e+00	4.19752e-01
1.73900e+00	4.16582e-01
1.74100e+00	4.12460e-01
1.74400e+00	4.06754e-01
1.74600e+00	4.06119e-01
1.74800e+00	4.06119e-01
1.75000e+00	3.98828e-01
1.75300e+00	3.93755e-01
1.75500e+00	3.90902e-01
1.75700e+00	3.85829e-01
1.75900e+00	3.84878e-01
1.76200e+00	3.86463e-01
1.76400e+00	3.83610e-01
1.76600e+00	3.81074e-01
1.76800e+00	3.78855e-01
1.77000e+00	3.75367e-01
1.77300e+00	3.77903e-01
1.77500e+00	3.79172e-01
1.77700e+00	3.73465e-01
1.77900e+00	3.69661e-01
1.78200e+00	3.68075e-01
1.78400e+00	3.63637e-01
1.78600e+00	3.60150e-01
1.78800e+00	3.58247e-01
1.79100e+00	3.55711e-01
1.79300e+00	3.57613e-01
1.79500e+00	3.60150e-01
1.79700e+00	3.57613e-01
1.79900e+00	3.57613e-01
1.80200e+00	3.53809e-01
1.80400e+00	3.45883e-01
1.80600e+00	3.44932e-01
1.80800e+00	3.48419e-01
1.81100e+00	3.47151e-01
1.81300e+00	3.50005e-01
1.81500e+00	3.54443e-01
1.81700e+00	3.55077e-01
1.82000e+00	3.53809e-01
1.82200e+00	3.47785e-01
1.82400e+00	3.38591e-01
1.82600e+00	3.38274e-01
1.82900e+00	3.37640e-01
1.83100e+00	3.31300e-01
1.83300e+00	3.35421e-01
1.83500e+00	3.42079e-01
1.83700e+00	3.42396e-01
1.84000e+00	3.37640e-01
1.84200e+00	3.29080e-01
1.84400e+00	3.22740e-01
1.84600e+00	3.25593e-01
1.84900e+00	3.24008e-01
1.85100e+00	3.13134e-01
1.85300e+00	3.11295e-01
1.99500e+00	2.39106e-01
1.99700e+00	2.45479e-01
2.00000e+00	2.53785e-01
2.00200e+00	2.55687e-01
2.00400e+00	2.46366e-01
2.00600e+00	2.37680e-01
2.00900e+00	2.38155e-01
2.01100e+00	2.40850e-01
2.01300e+00	2.40660e-01
2.01500e+00	2.36760e-01
2.01700e+00	2.31688e-01
2.02000e+00	2.28993e-01
2.02200e+00	2.29500e-01
2.02400e+00	2.29849e-01
2.02600e+00	2.29912e-01
2.02900e+00	2.31117e-01
2.03100e+00	2.32449e-01
2.03300e+00	2.33558e-01
2.03500e+00	2.33875e-01
2.03800e+00	2.32671e-01
2.04000e+00	2.31941e-01
2.04200e+00	2.31624e-01
2.04400e+00	2.30895e-01
2.04700e+00	2.31941e-01
2.04900e+00	2.33685e-01
2.05100e+00	2.33178e-01
2.05300e+00	2.30483e-01
2.05600e+00	2.26171e-01
2.05800e+00	2.22938e-01
2.06000e+00	2.24079e-01
2.06200e+00	2.25759e-01
2.06500e+00	2.23952e-01
2.06700e+00	2.21638e-01
2.06900e+00	2.21194e-01
2.07100e+00	2.20084e-01
2.07300e+00	2.18848e-01
2.07600e+00	2.18689e-01
2.07800e+00	2.18214e-01
2.08000e+00	2.18816e-01
2.08200e+00	2.19102e-01
2.08500e+00	2.17675e-01
2.08700e+00	2.17104e-01
2.08900e+00	2.18055e-01
2.09100e+00	2.18468e-01
2.09400e+00	2.17833e-01
2.09600e+00	2.16439e-01
2.09800e+00	2.14980e-01
2.10000e+00	2.15361e-01
2.10200e+00	2.16090e-01
2.10500e+00	2.15487e-01
2.10700e+00	2.14600e-01
2.10900e+00	2.13363e-01
2.11200e+00	2.12095e-01
2.11400e+00	2.12127e-01
2.11600e+00	2.11620e-01
2.11800e+00	2.10510e-01
2.12000e+00	2.11049e-01
2.12300e+00	2.12666e-01
2.12500e+00	2.12190e-01
2.12700e+00	2.11112e-01
2.12900e+00	2.10669e-01
2.13200e+00	2.10447e-01
2.13400e+00	2.11017e-01
2.13600e+00	2.11017e-01
2.13800e+00	2.09749e-01
2.14100e+00	2.09242e-01
2.14300e+00	2.09749e-01
2.14500e+00	2.09844e-01
2.14700e+00	2.09686e-01
2.14900e+00	2.08861e-01
2.15200e+00	2.07530e-01
2.15400e+00	2.07530e-01
2.15600e+00	2.08481e-01
2.15800e+00	2.08703e-01
2.16100e+00	2.08069e-01
2.16300e+00	2.06928e-01
2.16500e+00	2.06420e-01
2.16700e+00	2.06959e-01
2.17000e+00	2.07213e-01
2.17200e+00	2.06420e-01
2.17400e+00	2.05659e-01
2.17600e+00	2.04391e-01
2.17900e+00	2.02457e-01
2.18100e+00	2.01982e-01
2.18300e+00	2.02204e-01
2.18500e+00	2.01855e-01
2.18800e+00	2.01126e-01
2.19000e+00	2.00270e-01
2.19200e+00	1.99509e-01
2.19400e+00	2.00143e-01
2.19700e+00	2.00872e-01
2.19900e+00	1.99858e-01
2.20100e+00	1.97163e-01
2.20300e+00	1.92978e-01
2.20500e+00	1.87684e-01
2.20800e+00	1.84735e-01
2.21000e+00	1.86606e-01
2.21200e+00	1.91329e-01
2.21400e+00	1.95388e-01
2.21700e+00	1.96465e-01
2.21900e+00	1.95324e-01
2.22100e+00	1.94151e-01
2.22300e+00	1.93517e-01
2.22600e+00	1.92598e-01
2.22800e+00	1.92122e-01
2.23000e+00	1.92122e-01
2.23200e+00	1.91964e-01
2.23400e+00	1.92122e-01
2.23700e+00	1.92693e-01
2.23900e+00	1.92661e-01
2.24100e+00	1.92344e-01
2.24300e+00	1.92027e-01
2.24600e+00	1.91488e-01
2.24800e+00	1.91298e-01
2.25000e+00	1.91805e-01
2.25200e+00	1.91805e-01
2.25500e+00	1.91171e-01
2.25700e+00	1.89776e-01
2.25900e+00	1.86542e-01
2.26100e+00	1.81818e-01
2.26400e+00	1.78838e-01
2.26600e+00	1.78902e-01
2.26800e+00	1.81723e-01
2.27000e+00	1.84672e-01
2.27300e+00	1.85877e-01
2.27500e+00	1.85972e-01
2.27700e+00	1.85845e-01
2.27900e+00	1.85655e-01
2.28200e+00	1.85021e-01
2.28400e+00	1.83943e-01
2.28600e+00	1.83182e-01
2.28800e+00	1.82674e-01
2.29000e+00	1.80867e-01
2.29300e+00	1.75763e-01
2.29500e+00	1.69771e-01
2.29700e+00	1.67711e-01
2.29900e+00	1.68979e-01
2.30200e+00	1.70754e-01
2.30400e+00	1.71864e-01
2.30600e+00	1.71959e-01
2.30800e+00	1.71261e-01
2.31100e+00	1.71198e-01
2.31300e+00	1.72181e-01
2.31500e+00	1.73259e-01
2.31700e+00	1.72149e-01
2.31900e+00	1.68154e-01
2.32200e+00	1.62543e-01
2.32400e+00	1.58738e-01
2.32600e+00	1.57565e-01
2.32900e+00	1.58707e-01
2.33100e+00	1.60355e-01
2.33300e+00	1.60260e-01
2.33500e+00	1.58485e-01
2.33700e+00	1.57407e-01
2.34000e+00	1.57565e-01
2.34200e+00	1.58643e-01
2.34400e+00	1.60387e-01
2.34600e+00	1.61655e-01
2.34900e+00	1.60799e-01
2.35100e+00	1.57565e-01
2.35300e+00	1.52747e-01
2.35500e+00	1.49862e-01
2.35800e+00	1.50749e-01
2.36000e+00	1.52366e-01
2.36200e+00	1.53000e-01
2.36400e+00	1.54522e-01
2.36600e+00	1.56551e-01
2.36900e+00	1.57439e-01
2.37100e+00	1.56044e-01
2.37300e+00	1.53951e-01
2.37500e+00	1.52715e-01
2.37800e+00	1.53286e-01
2.38000e+00	1.52271e-01
2.38200e+00	1.48910e-01
2.38400e+00	1.45708e-01
2.38700e+00	1.44250e-01
2.38900e+00	1.44187e-01
2.39100e+00	1.45265e-01
2.39300e+00	1.46247e-01
2.39600e+00	1.45772e-01
2.39800e+00	1.45296e-01
2.40000e+00	1.44726e-01
2.40200e+00	1.43901e-01
2.40500e+00	1.43553e-01
2.40700e+00	1.42919e-01
2.40900e+00	1.41302e-01
2.41000e+00	1.36039e-01
2.42000e+00	1.31505e-01
2.43000e+00	1.27416e-01
2.44000e+00	1.25323e-01
2.45000e+00	1.22787e-01
2.46000e+00	1.21170e-01
2.47000e+00	1.20790e-01
2.48000e+00	1.10771e-01
2.49000e+00	9.90411e-02
2.50000e+00	9.64098e-02
2.51000e+00	9.95484e-02
2.52000e+00	9.45710e-02
2.53000e+00	9.51733e-02
2.54000e+00	9.27956e-02
2.55000e+00	9.35248e-02
2.56000e+00	9.36516e-02
2.57000e+00	9.43491e-02
2.58000e+00	9.21298e-02
2.59000e+00	9.35248e-02
2.60000e+00	9.37467e-02
2.61000e+00	9.09251e-02
2.62000e+00	8.64866e-02
2.63000e+00	8.87059e-02
2.64000e+00	9.06398e-02
2.65000e+00	8.87693e-02
2.66000e+00	8.65183e-02
2.67000e+00	8.68354e-02
2.68000e+00	8.00192e-02
2.69000e+00	8.24920e-02
2.70000e+00	7.96704e-02
2.71000e+00	7.59928e-02
2.72000e+00	7.58026e-02
2.73000e+00	7.45028e-02
2.74000e+00	7.66903e-02
2.75000e+00	7.51369e-02
2.76000e+00	7.72293e-02
2.77000e+00	7.48832e-02
2.78000e+00	7.39321e-02
2.79000e+00	7.14276e-02
2.80000e+00	7.00960e-02
2.81000e+00	7.00643e-02
2.82000e+00	6.67038e-02
2.83000e+00	7.03179e-02
2.84000e+00	6.79719e-02
2.85000e+00	6.64818e-02
2.86000e+00	7.07935e-02
2.87000e+00	6.59429e-02
2.88000e+00	6.88913e-02
2.89000e+00	6.54039e-02
2.90000e+00	6.74646e-02
2.91000e+00	6.49601e-02
2.92000e+00	6.22970e-02
2.93000e+00	6.34383e-02
2.94000e+00	6.17263e-02
2.95000e+00	6.40407e-02
2.96000e+00	5.94120e-02
2.97000e+00	6.28677e-02
2.98000e+00	5.85877e-02
2.99000e+00	6.28043e-02
3.00000e+00	6.04582e-02
3.01000e+00	5.98559e-02
3.02000e+00	5.87145e-02
3.03000e+00	5.97607e-02
3.04000e+00	5.97607e-02
3.05000e+00	6.03314e-02
3.06000e+00	5.96339e-02
3.07000e+00	5.91584e-02
3.08000e+00	5.88096e-02
3.09000e+00	5.76366e-02
3.10000e+00	5.66855e-02
3.11000e+00	5.55442e-02
3.12000e+00	5.60198e-02
3.13000e+00	5.52589e-02
3.14000e+00	5.53857e-02
3.15000e+00	5.53857e-02
3.16000e+00	5.54491e-02
3.17000e+00	5.46882e-02
3.18000e+00	5.46882e-02
3.19000e+00	5.47833e-02
3.20000e+00	5.37054e-02
3.21000e+00	5.38322e-02
3.22000e+00	5.32933e-02
3.23000e+00	5.30396e-02
3.24000e+00	5.25324e-02
3.25000e+00	5.26909e-02
3.26000e+00	5.17715e-02
3.27000e+00	5.10106e-02
3.28000e+00	5.11691e-02
3.29000e+00	5.04400e-02
3.30000e+00	4.99010e-02
3.31000e+00	5.04400e-02
3.32000e+00	4.99327e-02
3.33000e+00	4.97425e-02
3.34000e+00	4.95840e-02
3.35000e+00	4.92669e-02
3.36000e+00	4.87914e-02
3.37000e+00	4.87914e-02
3.38000e+00	4.76501e-02
3.39000e+00	4.71111e-02
3.40000e+00	4.67307e-02
3.41000e+00	4.64454e-02
3.42000e+00	4.64136e-02
3.43000e+00	4.65722e-02
3.44000e+00	4.55260e-02
3.45000e+00	4.52723e-02
3.46000e+00	4.47651e-02
3.47000e+00	4.43846e-02
3.48000e+00	4.42261e-02
3.49000e+00	4.39091e-02
3.50000e+00	4.33384e-02
3.51000e+00	4.30214e-02
3.52000e+00	4.26410e-02
3.53000e+00	4.22605e-02
3.54000e+00	4.25458e-02
3.55000e+00	4.18167e-02
3.56000e+00	4.12460e-02
3.57000e+00	4.09924e-02
3.58000e+00	4.04851e-02
3.59000e+00	4.02949e-02
3.60000e+00	4.03900e-02
3.61000e+00	4.03266e-02
3.62000e+00	3.96608e-02
3.63000e+00	3.93438e-02
3.64000e+00	3.89317e-02
3.65000e+00	3.85512e-02
3.66000e+00	3.81708e-02
3.67000e+00	3.82342e-02
3.68000e+00	3.76952e-02
3.69000e+00	3.71563e-02
3.70000e+00	3.69027e-02
3.71000e+00	3.65856e-02
3.72000e+00	3.62369e-02
3.73000e+00	3.61735e-02
3.74000e+00	3.59833e-02
3.75000e+00	3.54443e-02
3.76000e+00	3.51273e-02
3.77000e+00	3.48419e-02
3.78000e+00	3.44932e-02
3.79000e+00	3.42396e-02
3.80000e+00	3.41762e-02
3.81000e+00	3.38591e-02
3.82000e+00	3.33836e-02
3.83000e+00	3.30983e-02
3.84000e+00	3.28129e-02
3.85000e+00	3.24642e-02
3.86000e+00	3.22423e-02
3.87000e+00	3.21155e-02
3.88000e+00	3.18301e-02
3.89000e+00	3.14465e-02
3.90000e+00	3.11580e-02
3.91000e+00	3.08663e-02
3.92000e+00	3.06286e-02
3.93000e+00	3.03654e-02
3.94000e+00	3.01816e-02
3.95000e+00	2.99691e-02
3.96000e+00	2.96014e-02
3.97000e+00	2.92558e-02
3.98000e+00	2.89673e-02
3.99000e+00	2.86249e-02
4.00000e+00	2.83333e-02
4.01000e+00	2.81240e-02
4.02000e+00	2.78070e-02
4.03000e+00	2.74107e-02
4.04000e+00	2.71475e-02
4.05000e+00	2.68812e-02
4.06000e+00	2.65674e-02
4.07000e+00	2.62630e-02
4.08000e+00	2.60728e-02
4.09000e+00	2.58414e-02
4.10000e+00	2.55782e-02
4.11000e+00	2.52136e-02
4.12000e+00	2.49188e-02
4.13000e+00	2.46937e-02
4.14000e+00	2.45320e-02
4.15000e+00	2.42277e-02
4.16000e+00	2.40216e-02
4.17000e+00	2.39614e-02
4.18000e+00	2.37807e-02
4.19000e+00	2.35143e-02
4.20000e+00	2.32861e-02
4.21000e+00	2.32258e-02
4.22000e+00	2.29786e-02
4.23000e+00	2.27059e-02
4.24000e+00	2.25632e-02
4.25000e+00	2.24364e-02
4.26000e+00	2.21987e-02
4.27000e+00	2.19324e-02
4.28000e+00	2.12666e-02
4.29000e+00	2.08449e-02
4.30000e+00	2.03440e-02
4.31000e+00	2.00428e-02
4.32000e+00	1.94944e-02
4.33000e+00	1.94595e-02
4.34000e+00	1.89744e-02
4.35000e+00	1.87715e-02
4.36000e+00	1.84894e-02
4.37000e+00	1.82199e-02
4.38000e+00	1.81343e-02
4.39000e+00	1.78775e-02
4.40000e+00	1.73924e-02
4.41000e+00	1.69327e-02
4.42000e+00	1.65967e-02
4.43000e+00	1.61814e-02
4.44000e+00	1.59880e-02
4.45000e+00	1.61180e-02
4.46000e+00	1.60989e-02
4.47000e+00	1.60292e-02
4.48000e+00	1.56931e-02
4.49000e+00	1.54363e-02
4.50000e+00	1.53317e-02
4.51000e+00	1.48815e-02
4.52000e+00	1.45867e-02
4.53000e+00	1.45487e-02
4.54000e+00	1.47484e-02
4.55000e+00	1.46247e-02
4.56000e+00	1.46945e-02
4.57000e+00	1.46247e-02
4.58000e+00	1.45169e-02
4.59000e+00	1.42919e-02
4.60000e+00	1.40097e-02
4.61000e+00	1.40002e-02
4.62000e+00	1.39209e-02
4.63000e+00	1.42475e-02
4.64000e+00	1.44123e-02
4.65000e+00	1.44979e-02
4.66000e+00	1.43236e-02
4.67000e+00	1.42158e-02
4.68000e+00	1.39146e-02
4.69000e+00	1.36039e-02
4.70000e+00	1.34961e-02
4.71000e+00	1.34898e-02
4.72000e+00	1.32108e-02
4.73000e+00	1.31727e-02
4.74000e+00	1.29952e-02
4.75000e+00	1.28589e-02
4.76000e+00	1.28557e-02
4.77000e+00	1.27384e-02
4.78000e+00	1.27321e-02
4.79000e+00	1.26750e-02
4.80000e+00	1.26021e-02
4.81000e+00	1.25640e-02
4.82000e+00	1.24721e-02
4.83000e+00	1.23358e-02
4.84000e+00	1.24974e-02
4.85000e+00	1.24182e-02
4.86000e+00	1.21614e-02
4.87000e+00	1.19648e-02
4.88000e+00	1.19585e-02
4.89000e+00	1.19014e-02
4.90000e+00	1.18919e-02
4.91000e+00	1.18348e-02
4.92000e+00	1.18570e-02
4.93000e+00	1.15812e-02
4.94000e+00	1.14671e-02
4.95000e+00	1.13149e-02
4.96000e+00	1.12864e-02
4.97000e+00	1.11881e-02
4.98000e+00	1.10866e-02
4.99000e+00	1.11627e-02
5.00000e+00	1.10803e-02
5.01000e+00	1.09757e-02
5.02000e+00	1.10613e-02
5.03000e+00	1.10866e-02
5.04000e+00	1.09789e-02
5.05000e+00	1.09630e-02
5.06000e+00	1.07855e-02
5.07000e+00	1.05667e-02
5.08000e+00	1.03448e-02
5.09000e+00	1.01514e-02
5.10000e+00	1.00753e-02
5.11000e+00	1.01292e-02
5.12000e+00	1.01007e-02
5.13000e+00	1.01070e-02
5.14000e+00	1.00975e-02
5.15000e+00	9.92314e-03
5.16000e+00	9.85656e-03
5.17000e+00	9.75194e-03
5.18000e+00	9.80266e-03
5.19000e+00	9.73926e-03
5.20000e+00	9.74243e-03
5.21000e+00	9.63781e-03
5.22000e+00	9.59025e-03
5.23000e+00	9.58074e-03
5.24000e+00	9.57123e-03
5.25000e+00	9.33980e-03
5.26000e+00	9.34931e-03
5.27000e+00	9.35565e-03
5.28000e+00	9.24786e-03
5.29000e+00	9.13055e-03
5.30000e+00	9.18445e-03
5.31000e+00	9.14641e-03
5.32000e+00	9.04496e-03
5.33000e+00	8.89595e-03
5.34000e+00	8.82937e-03
5.35000e+00	8.77548e-03
5.36000e+00	8.69305e-03
5.37000e+00	8.62964e-03
5.38000e+00	8.64232e-03
5.39000e+00	8.54087e-03
5.40000e+00	8.45844e-03
5.41000e+00	8.41089e-03
5.42000e+00	8.35699e-03
5.43000e+00	8.31261e-03
5.44000e+00	8.30627e-03
5.45000e+00	8.26505e-03
5.46000e+00	8.18897e-03
5.47000e+00	8.09069e-03
5.48000e+00	8.08117e-03
5.49000e+00	7.99241e-03
5.50000e+00	7.93534e-03
5.51000e+00	7.96387e-03
5.52000e+00	7.96070e-03
5.53000e+00	7.89412e-03
5.54000e+00	7.82755e-03
5.55000e+00	7.73878e-03
5.56000e+00	7.75146e-03
5.57000e+00	7.79584e-03
5.58000e+00	7.66586e-03
5.59000e+00	7.73244e-03
5.60000e+00	7.64684e-03
5.61000e+00	7.56441e-03
5.62000e+00	7.44077e-03
5.63000e+00	7.48832e-03
5.64000e+00	7.37102e-03
5.65000e+00	7.30761e-03
5.66000e+00	7.27591e-03
5.67000e+00	7.27274e-03
5.68000e+00	7.24104e-03
5.69000e+00	7.18714e-03
5.70000e+00	7.14910e-03
5.71000e+00	7.14276e-03
5.72000e+00	7.12056e-03
5.73000e+00	7.05399e-03
5.74000e+00	7.05082e-03
5.75000e+00	7.07301e-03
5.76000e+00	6.98107e-03
5.77000e+00	6.97156e-03
5.78000e+00	6.90815e-03
5.79000e+00	6.92083e-03
5.80000e+00	6.87011e-03
5.81000e+00	6.87328e-03
5.82000e+00	6.80036e-03
5.83000e+00	6.74646e-03
5.84000e+00	6.73378e-03
5.85000e+00	6.69891e-03
5.86000e+00	6.62599e-03
5.87000e+00	6.62282e-03
5.88000e+00	6.53088e-03
5.89000e+00	6.48650e-03
5.90000e+00	6.48016e-03
5.91000e+00	6.45162e-03
5.92000e+00	6.35651e-03
5.93000e+00	6.37554e-03
5.94000e+00	6.32798e-03
5.95000e+00	6.24238e-03
5.96000e+00	6.20751e-03
5.97000e+00	6.24555e-03
5.98000e+00	6.16946e-03
5.99000e+00	6.15361e-03
6.00000e+00	6.16629e-03
6.01000e+00	6.10606e-03
6.02000e+00	6.07435e-03
6.03000e+00	6.03631e-03
6.04000e+00	5.96022e-03
6.05000e+00	5.95705e-03
6.06000e+00	5.95388e-03
6.07000e+00	5.91901e-03
6.08000e+00	5.90950e-03
6.09000e+00	5.86194e-03
6.10000e+00	5.81756e-03
6.11000e+00	5.75732e-03
6.12000e+00	5.75098e-03
6.13000e+00	5.72562e-03
6.14000e+00	5.66221e-03
6.15000e+00	5.66538e-03
6.16000e+00	5.64319e-03
6.17000e+00	5.56710e-03
6.18000e+00	5.53857e-03
6.19000e+00	5.55442e-03
6.20000e+00	5.53540e-03
6.21000e+00	5.51004e-03
6.22000e+00	5.50687e-03
6.23000e+00	5.45931e-03
6.24000e+00	5.41810e-03
6.25000e+00	5.39273e-03
6.26000e+00	5.36420e-03
6.27000e+00	5.35152e-03
6.28000e+00	5.35152e-03
6.29000e+00	5.31348e-03
6.30000e+00	5.30079e-03
6.31000e+00	5.26909e-03
6.32000e+00	5.24373e-03
6.33000e+00	5.21519e-03
6.34000e+00	5.18349e-03
6.35000e+00	5.13277e-03
6.36000e+00	5.10106e-03
6.37000e+00	5.05351e-03
6.38000e+00	5.03766e-03
6.39000e+00	4.97425e-03
6.40000e+00	4.91401e-03
6.41000e+00	4.86329e-03
6.42000e+00	4.83793e-03
6.43000e+00	4.74916e-03
6.44000e+00	4.74916e-03
6.45000e+00	4.72379e-03
6.46000e+00	4.64454e-03
6.47000e+00	4.54943e-03
6.48000e+00	4.52406e-03
6.49000e+00	4.47968e-03
6.50000e+00	4.44163e-03
6.51000e+00	4.42261e-03
6.52000e+00	4.46383e-03
6.53000e+00	4.42895e-03
6.54000e+00	4.37823e-03
6.55000e+00	4.33067e-03
6.56000e+00	4.30531e-03
6.57000e+00	4.18801e-03
6.58000e+00	4.19118e-03
6.59000e+00	4.15947e-03
6.60000e+00	4.13411e-03
6.61000e+00	4.14362e-03
6.62000e+00	4.12460e-03
6.63000e+00	4.09607e-03
6.64000e+00	4.05802e-03
6.65000e+00	4.01681e-03
6.66000e+00	3.93755e-03
6.67000e+00	3.96291e-03
6.68000e+00	3.97560e-03
6.69000e+00	4.00096e-03
6.70000e+00	3.99779e-03
6.71000e+00	4.01364e-03
6.72000e+00	3.97243e-03
6.73000e+00	3.93121e-03
6.74000e+00	3.86780e-03
6.75000e+00	3.87414e-03
6.76000e+00	3.86146e-03
6.77000e+00	3.84561e-03
6.78000e+00	3.82659e-03
6.79000e+00	3.79172e-03
6.80000e+00	3.74733e-03
6.81000e+00	3.68392e-03
6.82000e+00	3.66173e-03
6.83000e+00	3.62369e-03
6.84000e+00	3.59516e-03
6.85000e+00	3.56345e-03
6.86000e+00	3.55077e-03
6.87000e+00	3.55394e-03
6.88000e+00	3.56028e-03
6.89000e+00	3.57613e-03
6.90000e+00	3.57296e-03
6.91000e+00	3.57930e-03
6.92000e+00	3.52224e-03
6.93000e+00	3.50005e-03
6.94000e+00	3.48102e-03
6.95000e+00	3.47468e-03
6.96000e+00	3.48102e-03
6.97000e+00	3.51273e-03
6.98000e+00	3.47151e-03
6.99000e+00	3.45566e-03
7.00000e+00	3.40811e-03
7.01000e+00	3.35738e-03
7.02000e+00	3.32251e-03
7.03000e+00	3.31300e-03
7.04000e+00	3.29397e-03
7.05000e+00	3.29397e-03
7.06000e+00	3.28446e-03
7.07000e+00	3.25910e-03
7.08000e+00	3.24325e-03
7.09000e+00	3.20838e-03
7.10000e+00	3.19886e-03
7.11000e+00	3.16589e-03
7.12000e+00	3.16304e-03
7.13000e+00	3.16050e-03
7.14000e+00	3.17984e-03
7.15000e+00	3.16589e-03
7.16000e+00	3.17033e-03
7.17000e+00	3.14465e-03
7.18000e+00	3.12087e-03
7.19000e+00	3.07078e-03
7.20000e+00	3.04986e-03
7.21000e+00	2.99945e-03
7.22000e+00	2.99438e-03
7.23000e+00	2.97853e-03
7.24000e+00	3.01277e-03
7.25000e+00	3.02608e-03
7.26000e+00	3.04701e-03
7.27000e+00	3.02323e-03
7.28000e+00	3.02323e-03
7.29000e+00	2.98360e-03
7.30000e+00	2.96267e-03
7.31000e+00	2.93351e-03
7.32000e+00	2.88088e-03
7.33000e+00	2.87042e-03
7.34000e+00	2.85964e-03
7.35000e+00	2.81494e-03
7.36000e+00	2.79655e-03
7.37000e+00	2.81240e-03
7.38000e+00	2.79909e-03
7.39000e+00	2.79655e-03
7.40000e+00	2.79909e-03
7.41000e+00	2.78323e-03
7.42000e+00	2.73314e-03
7.43000e+00	2.71729e-03
7.44000e+00	2.69351e-03
7.45000e+00	2.68559e-03
7.46000e+00	2.69098e-03
7.47000e+00	2.69890e-03
7.48000e+00	2.70398e-03
7.49000e+00	2.69098e-03
7.50000e+00	2.66974e-03
7.51000e+00	2.64881e-03
7.52000e+00	2.62218e-03
7.53000e+00	2.60601e-03
7.54000e+00	2.59650e-03
7.55000e+00	2.58572e-03
7.56000e+00	2.55085e-03
7.57000e+00	2.53024e-03
7.58000e+00	2.50932e-03
7.59000e+00	2.49030e-03
7.60000e+00	2.43957e-03
7.61000e+00	2.44750e-03
7.62000e+00	2.43291e-03
7.63000e+00	2.41548e-03
7.64000e+00	2.39075e-03
7.65000e+00	2.39138e-03
7.66000e+00	2.37870e-03
7.67000e+00	2.38060e-03
7.68000e+00	2.38219e-03
7.69000e+00	2.36760e-03
7.70000e+00	2.37711e-03
7.71000e+00	2.32988e-03
7.72000e+00	2.29532e-03
7.73000e+00	2.28676e-03
7.74000e+00	2.26393e-03
7.75000e+00	2.22113e-03
7.76000e+00	2.22938e-03
7.77000e+00	2.21860e-03
7.78000e+00	2.18785e-03
7.79000e+00	2.18119e-03
7.80000e+00	2.20275e-03
7.81000e+00	2.17263e-03
7.82000e+00	2.15868e-03
7.83000e+00	2.15804e-03
7.84000e+00	2.13839e-03
7.85000e+00	2.12063e-03
7.86000e+00	2.11429e-03
7.87000e+00	2.10066e-03
7.88000e+00	2.09337e-03
7.89000e+00	2.08671e-03
7.90000e+00	2.06832e-03
7.91000e+00	2.04962e-03
7.92000e+00	2.06135e-03
7.93000e+00	2.04391e-03
7.94000e+00	2.02109e-03
7.95000e+00	2.01538e-03
7.96000e+00	2.01982e-03
7.97000e+00	2.00016e-03
7.98000e+00	1.99287e-03
7.99000e+00	1.98431e-03
8.00000e+00	1.98748e-03
8.01000e+00	1.97955e-03
8.02000e+00	1.95102e-03
8.03000e+00	1.96402e-03
8.04000e+00	1.97226e-03
8.05000e+00	1.95261e-03
8.06000e+00	1.92281e-03
8.07000e+00	1.92629e-03
8.08000e+00	1.89618e-03
8.09000e+00	1.87589e-03
8.10000e+00	1.86511e-03
8.11000e+00	1.88476e-03
8.12000e+00	1.87810e-03
8.13000e+00	1.88603e-03
8.14000e+00	1.87906e-03
8.15000e+00	1.86891e-03
8.16000e+00	1.84386e-03
8.17000e+00	1.82833e-03
8.18000e+00	1.81089e-03
8.19000e+00	1.81914e-03
8.20000e+00	1.81914e-03
8.21000e+00	1.81850e-03
8.22000e+00	1.81216e-03
8.23000e+00	1.79821e-03
8.24000e+00	1.78680e-03
8.25000e+00	1.78078e-03
8.26000e+00	1.77507e-03
8.27000e+00	1.75636e-03
8.28000e+00	1.75668e-03
8.29000e+00	1.76048e-03
8.30000e+00	1.75097e-03
8.31000e+00	1.74749e-03
8.32000e+00	1.73576e-03
8.33000e+00	1.74844e-03
8.34000e+00	1.72339e-03
8.35000e+00	1.71230e-03
8.36000e+00	1.71134e-03
8.37000e+00	1.71103e-03
8.38000e+00	1.70532e-03
8.39000e+00	1.70374e-03
8.40000e+00	1.70278e-03
8.41000e+00	1.68091e-03
8.42000e+00	1.67615e-03
8.43000e+00	1.67457e-03
8.44000e+00	1.65079e-03
8.45000e+00	1.64667e-03
8.46000e+00	1.64984e-03
8.47000e+00	1.63462e-03
8.48000e+00	1.61085e-03
8.49000e+00	1.61814e-03
8.50000e+00	1.61497e-03
8.51000e+00	1.61021e-03
8.52000e+00	1.60704e-03
8.53000e+00	1.61719e-03
8.54000e+00	1.60736e-03
8.55000e+00	1.59816e-03
8.56000e+00	1.57153e-03
8.57000e+00	1.56836e-03
8.58000e+00	1.55505e-03
8.59000e+00	1.54871e-03
8.60000e+00	1.54142e-03
8.61000e+00	1.53793e-03
8.62000e+00	1.52810e-03
8.63000e+00	1.52303e-03
8.64000e+00	1.52049e-03
8.65000e+00	1.51795e-03
8.66000e+00	1.50654e-03
8.67000e+00	1.49545e-03
8.68000e+00	1.48910e-03
8.69000e+00	1.48498e-03
8.70000e+00	1.47801e-03
8.71000e+00	1.47420e-03
8.72000e+00	1.47801e-03
8.73000e+00	1.47642e-03
8.74000e+00	1.46913e-03
8.75000e+00	1.46818e-03
8.76000e+00	1.46818e-03
8.77000e+00	1.45645e-03
8.78000e+00	1.44504e-03
8.79000e+00	1.44377e-03
8.80000e+00	1.43204e-03
8.81000e+00	1.42919e-03
8.82000e+00	1.42158e-03
8.83000e+00	1.41809e-03
8.84000e+00	1.40826e-03
8.85000e+00	1.40572e-03
8.86000e+00	1.38702e-03
8.87000e+00	1.38005e-03
8.88000e+00	1.36990e-03
8.89000e+00	1.36768e-03
8.90000e+00	1.36324e-03
8.91000e+00	1.37275e-03
8.92000e+00	1.36356e-03
8.93000e+00	1.35880e-03
8.94000e+00	1.35246e-03
8.95000e+00	1.34517e-03
8.96000e+00	1.33629e-03
8.97000e+00	1.33788e-03
8.98000e+00	1.32742e-03
8.99000e+00	1.32647e-03
9.00000e+00	1.32013e-03
9.01000e+00	1.30491e-03
9.02000e+00	1.30903e-03
9.03000e+00	1.30966e-03
9.04000e+00	1.30523e-03
9.05000e+00	1.30427e-03
9.06000e+00	1.30237e-03
9.07000e+00	1.29508e-03
9.08000e+00	1.28937e-03
9.09000e+00	1.28018e-03
9.10000e+00	1.27003e-03
9.11000e+00	1.27606e-03
9.12000e+00	1.26972e-03
9.13000e+00	1.26401e-03
9.14000e+00	1.26433e-03
9.15000e+00	1.25513e-03
9.16000e+00	1.24911e-03
9.17000e+00	1.24879e-03
9.18000e+00	1.23484e-03
9.19000e+00	1.22850e-03
9.20000e+00	1.22248e-03
9.21000e+00	1.21741e-03
9.22000e+00	1.21012e-03
9.23000e+00	1.21107e-03
9.24000e+00	1.19870e-03
9.25000e+00	1.19965e-03
9.26000e+00	1.19680e-03
9.27000e+00	1.19268e-03
9.28000e+00	1.18412e-03
9.29000e+00	1.18729e-03
9.30000e+00	1.18380e-03
9.31000e+00	1.18380e-03
9.32000e+00	1.18095e-03
9.33000e+00	1.18127e-03
9.34000e+00	1.17334e-03
9.35000e+00	1.17017e-03
9.36000e+00	1.15844e-03
9.37000e+00	1.15590e-03
9.38000e+00	1.14132e-03
9.39000e+00	1.14290e-03
9.40000e+00	1.14037e-03
9.41000e+00	1.13878e-03
9.42000e+00	1.11659e-03
9.43000e+00	1.12293e-03
9.44000e+00	1.11120e-03
9.45000e+00	1.10549e-03
9.46000e+00	1.09598e-03
9.47000e+00	1.09789e-03
9.48000e+00	1.09693e-03
9.49000e+00	1.10106e-03
9.50000e+00	1.09535e-03
9.51000e+00	1.09979e-03
9.52000e+00	1.09535e-03
9.53000e+00	1.09472e-03
9.54000e+00	1.07950e-03
9.55000e+00	1.07569e-03
9.56000e+00	1.06333e-03
9.57000e+00	1.06016e-03
9.58000e+00	1.05667e-03
9.59000e+00	1.06428e-03
9.60000e+00	1.05667e-03
9.61000e+00	1.06111e-03
9.62000e+00	1.05065e-03
9.63000e+00	1.05033e-03
9.64000e+00	1.04431e-03
9.65000e+00	1.04589e-03
9.66000e+00	1.03765e-03
9.67000e+00	1.04050e-03
9.68000e+00	1.03385e-03
9.69000e+00	1.03289e-03
9.70000e+00	1.02529e-03
9.71000e+00	1.02592e-03
9.72000e+00	1.01863e-03
9.73000e+00	1.01641e-03
9.74000e+00	1.00848e-03
9.75000e+00	1.00817e-03
9.76000e+00	1.00246e-03
9.77000e+00	1.00119e-03
9.78000e+00	9.95801e-04
9.79000e+00	9.95801e-04
9.80000e+00	9.89777e-04
9.81000e+00	9.88509e-04
9.82000e+00	9.86290e-04
9.83000e+00	9.83120e-04
9.84000e+00	9.76779e-04
9.85000e+00	9.73926e-04
9.86000e+00	9.67902e-04
9.87000e+00	9.59342e-04
9.88000e+00	9.56172e-04
9.89000e+00	9.53636e-04
9.90000e+00	9.53002e-04
9.91000e+00	9.49831e-04
9.92000e+00	9.50782e-04
9.93000e+00	9.44759e-04
9.94000e+00	9.39052e-04
9.95000e+00	9.31126e-04
9.96000e+00	9.27322e-04
9.97000e+00	9.23518e-04
9.98000e+00	9.12738e-04
9.99000e+00	8.57258e-04
1.00000e+01	7.61831e-04
1.00100e+01	7.60880e-04
1.00200e+01	7.59611e-04
1.00300e+01	7.58343e-04
1.00400e+01	7.57392e-04
1.00500e+01	7.56124e-04
1.00600e+01	7.55173e-04
1.00700e+01	7.53905e-04
1.00800e+01	7.52954e-04
1.00900e+01	7.51686e-04
1.01000e+01	7.50417e-04
1.01100e+01	7.49466e-04
1.01200e+01	7.48515e-04
1.01300e+01	7.47247e-04
1.01400e+01	7.46296e-04
1.01500e+01	7.45345e-04
1.01600e+01	7.44077e-04
1.01700e+01	7.43126e-04
1.01800e+01	7.42175e-04
1.01900e+01	7.40906e-04
1.02000e+01	7.39955e-04
1.02100e+01	7.39004e-04
1.02200e+01	7.37736e-04
1.02300e+01	7.36468e-04
1.02400e+01	7.35200e-04
1.02500e+01	7.34249e-04
1.02600e+01	7.33298e-04
1.02700e+01	7.31712e-04
1.02800e+01	7.30761e-04
1.02900e+01	7.29493e-04
1.03000e+01	7.28542e-04
1.03100e+01	7.27274e-04
1.03200e+01	7.26323e-04
1.03300e+01	7.25055e-04
1.03400e+01	7.23787e-04
1.03500e+01	7.22836e-04
1.03600e+01	7.21884e-04
1.03700e+01	7.20616e-04
1.03800e+01	7.19348e-04
1.03900e+01	7.18397e-04
1.04000e+01	7.17446e-04
1.04100e+01	7.16178e-04
1.04200e+01	7.14910e-04
1.04300e+01	7.13959e-04
1.04400e+01	7.12690e-04
1.04500e+01	7.11422e-04
1.04600e+01	7.10471e-04
1.04700e+01	7.09203e-04
1.04800e+01	7.07935e-04
1.04900e+01	7.06667e-04
1.05000e+01	7.05716e-04
1.05100e+01	7.04765e-04
1.05200e+01	7.03179e-04
1.05300e+01	7.02228e-04
1.05400e+01	7.01277e-04
1.05500e+01	7.00009e-04
1.05600e+01	6.98741e-04
1.05700e+01	6.97790e-04
1.05800e+01	6.96839e-04
1.05900e+01	6.95571e-04
1.06000e+01	6.94303e-04
1.06100e+01	6.93034e-04
1.06200e+01	6.92083e-04
1.06300e+01	6.90815e-04
1.06400e+01	6.89547e-04
1.06500e+01	6.88279e-04
1.06600e+01	6.87328e-04
1.06700e+01	6.86060e-04
1.06800e+01	6.84792e-04
1.06900e+01	6.83523e-04
1.07000e+01	6.82572e-04
1.07100e+01	6.81304e-04
1.07200e+01	6.80036e-04
1.07300e+01	6.78768e-04
1.07400e+01	6.77817e-04
1.07500e+01	6.76549e-04
1.07600e+01	6.75281e-04
1.07700e+01	6.74012e-04
1.07800e+01	6.73061e-04
1.07900e+01	6.71793e-04
1.08000e+01	6.70525e-04
1.08100e+01	6.69257e-04
1.08200e+01	6.67989e-04
1.08300e+01	6.66721e-04
1.08400e+01	6.65453e-04
1.08500e+01	6.64184e-04
1.08600e+01	6.62916e-04
1.08700e+01	6.61648e-04
1.08800e+01	6.60697e-04
1.08900e+01	6.59429e-04
1.09000e+01	6.57844e-04
1.09100e+01	6.56576e-04
1.09200e+01	6.55307e-04
1.09300e+01	6.54039e-04
1.09400e+01	6.53088e-04
1.09500e+01	6.51503e-04
1.09600e+01	6.50235e-04
1.09700e+01	6.48967e-04
1.09800e+01	6.48016e-04
1.09900e+01	6.46748e-04
1.10000e+01	6.45162e-04
1.10100e+01	6.43894e-04
1.10200e+01	6.42626e-04
1.10300e+01	6.41358e-04
1.10400e+01	6.40090e-04
1.10500e+01	6.38822e-04
1.10600e+01	6.37237e-04
1.10700e+01	6.36285e-04
1.10800e+01	6.35017e-04
1.10900e+01	6.33749e-04
1.11000e+01	6.32481e-04
1.11100e+01	6.30896e-04
1.11200e+01	6.29628e-04
1.11300e+01	6.28360e-04
1.11400e+01	6.27092e-04
1.11500e+01	6.25823e-04
1.11600e+01	6.24555e-04
1.11700e+01	6.23287e-04
1.11800e+01	6.21702e-04
1.11900e+01	6.20434e-04
1.12000e+01	6.19166e-04
1.12100e+01	6.17898e-04
1.12200e+01	6.16629e-04
1.12300e+01	6.15361e-04
1.12400e+01	6.13776e-04
1.12500e+01	6.12508e-04
1.12600e+01	6.11240e-04
1.12700e+01	6.09972e-04
1.12800e+01	6.08704e-04
1.12900e+01	6.07435e-04
1.13000e+01	6.05850e-04
1.13100e+01	6.04582e-04
1.13200e+01	6.03314e-04
1.13300e+01	6.02046e-04
1.13400e+01	6.00778e-04
1.13500e+01	5.99510e-04
1.13600e+01	5.97924e-04
1.13700e+01	5.96656e-04
1.13800e+01	5.95388e-04
1.13900e+01	5.94120e-04
1.14000e+01	5.92852e-04
1.14100e+01	5.91584e-04
1.14200e+01	5.89999e-04
1.14300e+01	5.88731e-04
1.14400e+01	5.87462e-04
1.14500e+01	5.86194e-04
1.14600e+01	5.84926e-04
1.14700e+01	5.83658e-04
1.14800e+01	5.82390e-04
1.14900e+01	5.80805e-04
1.15000e+01	5.79537e-04
1.15100e+01	5.78268e-04
1.15200e+01	5.77000e-04
1.15300e+01	5.75732e-04
1.15400e+01	5.74464e-04
1.15500e+01	5.72879e-04
1.15600e+01	5.71611e-04
1.15700e+01	5.70343e-04
1.15800e+01	5.69074e-04
1.15900e+01	5.67806e-04
1.16000e+01	5.66538e-04
1.16100e+01	5.64953e-04
1.16200e+01	5.63685e-04
1.16300e+01	5.62417e-04
1.16400e+01	5.60832e-04
1.16500e+01	5.59563e-04
1.16600e+01	5.58295e-04
1.16700e+01	5.57027e-04
1.16800e+01	5.55442e-04
1.16900e+01	5.54174e-04
1.17000e+01	5.52906e-04
1.17100e+01	5.51638e-04
1.17200e+01	5.50052e-04
1.17300e+01	5.48784e-04
1.17400e+01	5.47516e-04
1.17500e+01	5.46248e-04
1.17600e+01	5.44663e-04
1.17700e+01	5.43078e-04
1.17800e+01	5.41810e-04
1.17900e+01	5.40541e-04
1.18000e+01	5.39273e-04
1.18100e+01	5.38005e-04
1.18200e+01	5.36737e-04
1.18300e+01	5.35152e-04
1.18400e+01	5.33884e-04
1.18500e+01	5.32616e-04
1.18600e+01	5.31348e-04
1.18700e+01	5.30079e-04
1.18800e+01	5.28811e-04
1.18900e+01	5.27226e-04
1.19000e+01	5.25958e-04
1.19100e+01	5.24690e-04
1.19200e+01	5.23422e-04
1.19300e+01	5.22154e-04
1.19400e+01	5.20885e-04
1.19500e+01	5.19300e-04
1.19600e+01	5.18032e-04
1.19700e+01	5.17081e-04
1.19800e+01	5.15813e-04
1.19900e+01	5.14545e-04
1.20000e+01	5.13277e-04
1.20100e+01	5.11691e-04
1.20200e+01	5.10106e-04
1.20300e+01	5.08838e-04
1.20400e+01	5.07253e-04
1.20500e+01	5.05985e-04
1.20600e+01	5.04400e-04
1.20700e+01	5.03132e-04
1.20800e+01	5.01863e-04
1.20900e+01	5.00278e-04
1.21000e+01	4.99010e-04
1.21100e+01	4.97425e-04
1.21200e+01	4.95840e-04
1.21300e+01	4.94572e-04
1.21400e+01	4.93304e-04
1.21500e+01	4.91718e-04
1.21600e+01	4.90450e-04
1.21700e+01	4.89182e-04
1.21800e+01	4.87597e-04
1.21900e+01	4.86329e-04
1.22000e+01	4.84744e-04
1.22100e+01	4.83476e-04
1.22200e+01	4.81890e-04
1.22300e+01	4.80622e-04
1.22400e+01	4.79037e-04
1.22500e+01	4.77769e-04
1.22600e+01	4.76184e-04
1.22700e+01	4.74916e-04
1.22800e+01	4.73647e-04
1.22900e+01	4.72062e-04
1.23000e+01	4.70794e-04
1.23100e+01	4.69209e-04
1.23200e+01	4.67624e-04
1.23300e+01	4.66356e-04
1.23400e+01	4.64771e-04
1.23500e+01	4.63502e-04
1.23600e+01	4.61917e-04
1.23700e+01	4.60649e-04
1.23800e+01	4.59381e-04
1.23900e+01	4.57796e-04
1.24000e+01	4.56528e-04
1.24100e+01	4.54943e-04
1.24200e+01	4.53357e-04
1.24300e+01	4.51772e-04
1.24400e+01	4.50504e-04
1.24500e+01	4.48919e-04
1.24600e+01	4.47651e-04
1.24700e+01	4.46066e-04
1.24800e+01	4.44797e-04
1.24900e+01	4.43212e-04
1.25000e+01	4.41944e-04
1.25100e+01	4.40676e-04
1.25200e+01	4.39091e-04
1.25300e+01	4.37823e-04
1.25400e+01	4.36238e-04
1.25500e+01	4.34652e-04
1.25600e+01	4.33384e-04
1.25700e+01	4.32116e-04
1.25800e+01	4.30531e-04
1.25900e+01	4.29263e-04
1.26000e+01	4.27995e-04
1.26100e+01	4.26410e-04
1.26200e+01	4.25141e-04
1.26300e+01	4.23556e-04
1.26400e+01	4.21971e-04
1.26500e+01	4.20703e-04
1.26600e+01	4.19118e-04
1.26700e+01	4.17850e-04
1.26800e+01	4.16582e-04
1.26900e+01	4.14996e-04
1.27000e+01	4.13728e-04
1.27100e+01	4.12460e-04
1.27200e+01	4.10875e-04
1.27300e+01	4.09290e-04
1.27400e+01	4.08022e-04
1.27500e+01	4.06754e-04
1.27600e+01	4.05485e-04
1.27700e+01	4.04217e-04
1.27800e+01	4.02949e-04
1.27900e+01	4.01681e-04
1.28000e+01	4.00096e-04
1.28100e+01	3.98828e-04
1.28200e+01	3.97560e-04
1.28300e+01	3.96291e-04
1.28400e+01	3.95023e-04
1.28500e+01	3.93755e-04
1.28600e+01	3.92170e-04
1.28700e+01	3.90902e-04
1.28800e+01	3.89951e-04
1.28900e+01	3.88683e-04
1.29000e+01	3.87414e-04
1.29100e+01	3.85829e-04
1.29200e+01	3.84878e-04
1.29300e+01	3.83610e-04
1.29400e+01	3.82659e-04
1.29500e+01	3.81074e-04
1.29600e+01	3.80123e-04
1.29700e+01	3.78855e-04
1.29800e+01	3.77903e-04
1.29900e+01	3.76318e-04
1.30000e+01	3.75367e-04
1.30100e+01	3.74099e-04
1.30200e+01	3.73148e-04
1.30300e+01	3.71563e-04
1.30400e+01	3.70612e-04
1.30500e+01	3.69344e-04
1.30600e+01	3.68392e-04
1.30700e+01	3.67124e-04
1.30800e+01	3.65856e-04
1.30900e+01	3.64588e-04
1.31000e+01	3.63637e-04
1.31100e+01	3.62369e-04
1.31200e+01	3.61101e-04
1.31300e+01	3.60150e-04
1.31400e+01	3.59199e-04
1.31500e+01	3.57613e-04
1.31600e+01	3.56662e-04
1.31700e+01	3.55711e-04
1.31800e+01	3.54443e-04
1.31900e+01	3.53175e-04
1.32000e+01	3.52224e-04
1.32100e+01	3.51273e-04
1.32200e+01	3.49688e-04
1.32300e+01	3.48736e-04
1.32400e+01	3.47785e-04
1.32500e+01	3.46517e-04
1.32600e+01	3.45566e-04
1.32700e+01	3.44298e-04
1.32800e+01	3.43347e-04
1.32900e+01	3.42079e-04
1.33000e+01	3.41128e-04
1.33100e+01	3.40177e-04
1.33200e+01	3.38908e-04
1.33300e+01	3.37957e-04
1.33400e+01	3.37006e-04
1.33500e+01	3.35738e-04
1.33600e+01	3.34787e-04
1.33700e+01	3.33836e-04
1.33800e+01	3.32568e-04
1.33900e+01	3.31617e-04
1.34000e+01	3.30666e-04
1.34100e+01	3.29397e-04
1.34200e+01	3.28446e-04
1.34300e+01	3.27495e-04
1.34400e+01	3.26227e-04
1.34500e+01	3.25276e-04
1.34600e+01	3.24325e-04
1.34700e+01	3.23057e-04
1.34800e+01	3.22106e-04
1.34900e+01	3.21155e-04
1.35000e+01	3.19886e-04
1.35100e+01	3.18935e-04
1.35200e+01	3.17984e-04
1.35300e+01	3.17033e-04
1.35400e+01	3.16050e-04
1.35500e+01	3.15004e-04
1.35600e+01	3.14212e-04
1.35700e+01	3.13134e-04
1.35800e+01	3.12087e-04
1.35900e+01	3.11295e-04
1.36000e+01	3.10249e-04
1.36100e+01	3.09202e-04
1.36200e+01	3.08410e-04
1.36300e+01	3.07332e-04
1.36400e+01	3.06286e-04
1.36500e+01	3.05493e-04
1.36600e+01	3.04447e-04
1.36700e+01	3.03654e-04
1.36800e+01	3.02608e-04
1.36900e+01	3.01816e-04
1.37000e+01	3.00738e-04
1.37100e+01	2.99945e-04
1.37200e+01	2.98899e-04
1.37300e+01	2.98106e-04
1.37400e+01	2.97060e-04
1.37500e+01	2.96267e-04
1.37600e+01	2.95221e-04
1.37700e+01	2.94429e-04
1.37800e+01	2.93636e-04
1.37900e+01	2.92558e-04
1.38000e+01	2.91766e-04
1.38100e+01	2.90973e-04
1.38200e+01	2.89927e-04
1.38300e+01	2.89134e-04
1.38400e+01	2.88342e-04
1.38500e+01	2.87295e-04
1.38600e+01	2.86503e-04
1.38700e+01	2.85710e-04
1.38800e+01	2.84918e-04
1.38900e+01	2.83871e-04
1.39000e+01	2.83079e-04
1.39100e+01	2.82286e-04
1.39200e+01	2.81494e-04
1.39300e+01	2.80448e-04
1.39400e+01	2.79655e-04
1.39500e+01	2.78862e-04
1.39600e+01	2.78070e-04
1.39700e+01	2.76992e-04
1.39800e+01	2.76199e-04
1.39900e+01	2.75438e-04
1.40000e+01	2.74646e-04
1.40100e+01	2.73853e-04
1.40200e+01	2.73061e-04
1.40300e+01	2.72268e-04
1.40400e+01	2.71190e-04
1.40500e+01	2.70398e-04
1.40600e+01	2.69605e-04
1.40700e+01	2.68812e-04
1.40800e+01	2.68052e-04
1.40900e+01	2.67259e-04
1.41000e+01	2.66466e-04
1.41100e+01	2.65674e-04
1.41200e+01	2.64881e-04
1.41300e+01	2.64089e-04
1.41400e+01	2.63264e-04
1.41500e+01	2.62472e-04
1.41600e+01	2.61679e-04
1.41700e+01	2.60918e-04
1.41800e+01	2.60126e-04
1.41900e+01	2.59333e-04
1.42000e+01	2.58572e-04
1.42100e+01	2.57811e-04
1.42200e+01	2.57050e-04
1.42300e+01	2.56258e-04
1.42400e+01	2.55497e-04
1.42500e+01	2.54736e-04
1.42600e+01	2.54007e-04
1.42700e+01	2.53246e-04
1.42800e+01	2.52485e-04
1.42900e+01	2.51724e-04
1.43000e+01	2.50995e-04
1.43100e+01	2.50266e-04
1.43200e+01	2.49505e-04
1.43300e+01	2.48776e-04
1.43400e+01	2.48047e-04
1.43500e+01	2.47286e-04
1.43600e+01	2.46557e-04
1.43700e+01	2.45827e-04
1.43800e+01	2.45098e-04
1.43900e+01	2.44369e-04
1.44000e+01	2.43672e-04
1.44100e+01	2.42942e-04
1.44200e+01	2.42245e-04
1.44300e+01	2.41516e-04
1.44400e+01	2.40818e-04
1.44500e+01	2.40089e-04
1.44600e+01	2.39392e-04
1.44700e+01	2.38663e-04
1.44800e+01	2.37997e-04
1.44900e+01	2.37268e-04
1.45000e+01	2.36602e-04
1.45100e+01	2.35904e-04
1.45200e+01	2.35207e-04
1.45300e+01	2.34509e-04
1.45400e+01	2.33812e-04
1.45500e+01	2.33146e-04
1.45600e+01	2.32449e-04
1.45700e+01	2.31783e-04
1.45800e+01	2.31117e-04
1.45900e+01	2.30420e-04
1.46000e+01	2.29754e-04
1.46100e+01	2.29278e-04
1.46200e+01	2.28803e-04
1.46300e+01	2.28327e-04
1.46400e+01	2.27852e-04
1.46500e+01	2.27376e-04
1.46600e+01	2.26901e-04
1.46700e+01	2.26425e-04
1.46800e+01	2.25950e-04
1.46900e+01	2.25506e-04
1.47000e+01	2.25030e-04
1.47100e+01	2.24428e-04
1.47200e+01	2.23794e-04
1.47300e+01	2.23191e-04
1.47400e+01	2.22589e-04
1.47500e+01	2.21987e-04
1.47600e+01	2.21353e-04
1.47700e+01	2.20750e-04
1.47800e+01	2.20148e-04
1.47900e+01	2.19577e-04
1.48000e+01	2.18975e-04
1.48100e+01	2.18436e-04
1.48200e+01	2.17897e-04
1.48300e+01	2.17358e-04
1.48400e+01	2.16819e-04
1.48500e+01	2.16312e-04
1.48600e+01	2.15773e-04
1.48700e+01	2.15234e-04
1.48800e+01	2.14727e-04
1.48900e+01	2.14188e-04
1.49000e+01	2.13649e-04
1.49100e+01	2.13046e-04
1.49200e+01	2.12476e-04
1.49300e+01	2.11873e-04
1.49400e+01	2.11271e-04
1.49500e+01	2.10669e-04
1.49600e+01	2.10098e-04
1.49700e+01	2.09495e-04
1.49800e+01	2.08925e-04
1.49900e+01	2.08322e-04
1.50000e+01	2.07752e-04
1.50100e+01	2.07276e-04
1.50200e+01	2.06801e-04
1.50300e+01	2.06357e-04
1.50400e+01	2.05881e-04
1.50500e+01	2.05406e-04
1.50600e+01	2.04962e-04
1.50700e+01	2.04486e-04
1.50800e+01	2.04043e-04
1.50900e+01	2.03567e-04
1.51000e+01	2.03123e-04
1.51100e+01	2.02616e-04
1.51200e+01	2.02077e-04
1.51300e+01	2.01570e-04
1.51400e+01	2.01062e-04
1.51500e+01	2.00555e-04
1.51600e+01	2.00048e-04
1.51700e+01	1.99541e-04
1.51800e+01	1.99033e-04
1.51900e+01	1.98558e-04
1.52000e+01	1.98051e-04
1.52100e+01	1.97512e-04
1.52200e+01	1.96973e-04
1.52300e+01	1.96434e-04
1.52400e+01	1.95895e-04
1.52500e+01	1.95388e-04
1.52600e+01	1.94849e-04
1.52700e+01	1.94341e-04
1.52800e+01	1.93802e-04
1.52900e+01	1.93263e-04
1.53000e+01	1.92756e-04
1.53100e+01	1.92249e-04
1.53200e+01	1.91742e-04
1.53300e+01	1.91234e-04
1.53400e+01	1.90727e-04
1.53500e+01	1.90252e-04
1.53600e+01	1.89744e-04
1.53700e+01	1.89237e-04
1.53800e+01	1.88730e-04
1.53900e+01	1.88254e-04
1.54000e+01	1.87747e-04
1.54100e+01	1.87271e-04
1.54200e+01	1.86764e-04
1.54300e+01	1.86257e-04
1.54400e+01	1.85750e-04
1.54500e+01	1.85242e-04
1.54600e+01	1.84735e-04
1.54700e+01	1.84260e-04
1.54800e+01	1.83784e-04
1.54900e+01	1.83309e-04
1.55000e+01	1.82801e-04
1.55100e+01	1.82294e-04
1.55200e+01	1.81818e-04
1.55300e+01	1.81311e-04
1.55400e+01	1.80836e-04
1.55500e+01	1.80360e-04
1.55600e+01	1.79885e-04
1.55700e+01	1.79409e-04
1.55800e+01	1.78933e-04
1.55900e+01	1.78458e-04
1.56000e+01	1.77982e-04
1.56100e+01	1.77507e-04
1.56200e+01	1.77095e-04
1.56300e+01	1.76683e-04
1.56400e+01	1.76239e-04
1.56500e+01	1.75795e-04
1.56600e+01	1.75383e-04
1.56700e+01	1.74939e-04
1.56800e+01	1.74527e-04
1.56900e+01	1.74083e-04
1.57000e+01	1.73671e-04
1.57100e+01	1.73195e-04
1.57200e+01	1.72720e-04
1.57300e+01	1.72212e-04
1.57400e+01	1.71737e-04
1.57500e+01	1.71261e-04
1.57600e+01	1.70786e-04
1.57700e+01	1.70310e-04
1.57800e+01	1.69866e-04
1.57900e+01	1.69391e-04
1.58000e+01	1.68915e-04
1.58100e+01	1.68471e-04
1.58200e+01	1.68059e-04
1.58300e+01	1.67615e-04
1.58400e+01	1.67172e-04
1.58500e+01	1.66728e-04
1.58600e+01	1.66316e-04
1.58700e+01	1.65872e-04
1.58800e+01	1.65428e-04
1.58900e+01	1.65016e-04
1.59000e+01	1.64604e-04
1.59100e+01	1.64160e-04
1.59200e+01	1.63716e-04
1.59300e+01	1.63304e-04
1.59400e+01	1.62892e-04
1.59500e+01	1.62448e-04
1.59600e+01	1.62036e-04
1.59700e+01	1.61623e-04
1.59800e+01	1.61180e-04
1.59900e+01	1.60767e-04
1.60000e+01	1.60355e-04
1.60100e+01	1.59912e-04
1.60200e+01	1.59531e-04
1.60300e+01	1.59119e-04
1.60400e+01	1.58707e-04
1.60500e+01	1.58295e-04
1.60600e+01	1.57882e-04
1.60700e+01	1.57502e-04
1.60800e+01	1.57090e-04
1.60900e+01	1.56678e-04
1.61000e+01	1.56297e-04
1.61100e+01	1.55885e-04
1.61200e+01	1.55473e-04
1.61300e+01	1.55061e-04
1.61400e+01	1.54680e-04
1.61500e+01	1.54268e-04
1.61600e+01	1.53888e-04
1.61700e+01	1.53476e-04
1.61800e+01	1.53095e-04
1.61900e+01	1.52683e-04
1.62000e+01	1.52303e-04
1.62100e+01	1.51922e-04
1.62200e+01	1.51542e-04
1.62300e+01	1.51161e-04
1.62400e+01	1.50813e-04
1.62500e+01	1.50401e-04
1.62600e+01	1.50020e-04
1.62700e+01	1.49671e-04
1.62800e+01	1.49291e-04
1.62900e+01	1.48910e-04
1.63000e+01	1.48562e-04
1.63100e+01	1.48181e-04
1.63200e+01	1.47801e-04
1.63300e+01	1.47452e-04
1.63400e+01	1.47040e-04
1.63500e+01	1.46691e-04
1.63600e+01	1.46311e-04
1.63700e+01	1.45962e-04
1.63800e+01	1.45613e-04
1.63900e+01	1.45233e-04
1.64000e+01	1.44852e-04
1.64100e+01	1.44504e-04
1.64200e+01	1.44123e-04
1.64300e+01	1.43743e-04
1.64400e+01	1.43426e-04
1.64500e+01	1.43045e-04
1.64600e+01	1.42665e-04
1.64700e+01	1.42316e-04
1.64800e+01	1.41967e-04
1.64900e+01	1.41619e-04
1.65000e+01	1.41238e-04
1.65100e+01	1.40890e-04
1.65200e+01	1.40541e-04
1.65300e+01	1.40192e-04
1.65400e+01	1.39812e-04
1.65500e+01	1.39495e-04
1.65600e+01	1.39146e-04
1.65700e+01	1.38765e-04
1.65800e+01	1.38417e-04
1.65900e+01	1.38068e-04
1.66000e+01	1.37751e-04
1.66100e+01	1.37402e-04
1.66200e+01	1.37053e-04
1.66300e+01	1.36705e-04
1.66400e+01	1.36356e-04
1.66500e+01	1.36039e-04
1.66600e+01	1.35722e-04
1.66700e+01	1.35373e-04
1.66800e+01	1.35024e-04
1.66900e+01	1.34707e-04
1.67000e+01	1.34359e-04
1.67100e+01	1.34042e-04
1.67200e+01	1.33693e-04
1.67300e+01	1.33376e-04
1.67400e+01	1.33027e-04
1.67500e+01	1.32710e-04
1.67600e+01	1.32425e-04
1.67700e+01	1.32108e-04
1.67800e+01	1.31759e-04
1.67900e+01	1.31442e-04
1.68000e+01	1.31125e-04
1.68100e+01	1.30808e-04
1.68200e+01	1.30491e-04
1.68300e+01	1.30174e-04
1.68400e+01	1.29857e-04
1.68500e+01	1.29571e-04
1.68600e+01	1.29254e-04
1.68700e+01	1.28937e-04
1.68800e+01	1.28620e-04
1.68900e+01	1.28335e-04
1.69000e+01	1.28018e-04
1.69100e+01	1.27701e-04
1.69200e+01	1.27384e-04
1.69300e+01	1.27067e-04
1.69400e+01	1.26782e-04
1.69500e+01	1.26496e-04
1.69600e+01	1.26179e-04
1.69700e+01	1.25894e-04
1.69800e+01	1.25609e-04
1.69900e+01	1.25291e-04
1.70000e+01	1.25006e-04
1.70100e+01	1.24721e-04
1.70200e+01	1.24404e-04
1.70300e+01	1.24087e-04
1.70400e+01	1.23770e-04
1.70500e+01	1.23484e-04
1.70600e+01	1.23199e-04
1.70700e+01	1.22914e-04
1.70800e+01	1.22597e-04
1.70900e+01	1.22311e-04
1.71000e+01	1.22026e-04
1.71100e+01	1.21709e-04
1.71200e+01	1.21424e-04
1.71300e+01	1.21138e-04
1.71400e+01	1.20853e-04
1.71500e+01	1.20599e-04
1.71600e+01	1.20314e-04
1.71700e+01	1.19997e-04
1.71800e+01	1.19712e-04
1.71900e+01	1.19458e-04
1.72000e+01	1.19173e-04
1.72100e+01	1.18887e-04
1.72200e+01	1.18570e-04
1.72300e+01	1.18285e-04
1.72400e+01	1.18000e-04
1.72500e+01	1.17714e-04
1.72600e+01	1.17429e-04
1.72700e+01	1.17144e-04
1.72800e+01	1.16858e-04
1.72900e+01	1.16541e-04
1.73000e+01	1.16256e-04
1.73100e+01	1.16002e-04
1.73200e+01	1.15717e-04
1.73300e+01	1.15432e-04
1.73400e+01	1.15146e-04
1.73500e+01	1.14893e-04
1.73600e+01	1.14639e-04
1.73700e+01	1.14354e-04
1.73800e+01	1.14069e-04
1.73900e+01	1.13815e-04
1.74000e+01	1.13561e-04
1.74100e+01	1.13276e-04
1.74200e+01	1.13022e-04
1.74300e+01	1.12737e-04
1.74400e+01	1.12452e-04
1.74500e+01	1.12198e-04
1.74600e+01	1.11944e-04
1.74700e+01	1.11659e-04
1.74800e+01	1.11405e-04
1.74900e+01	1.11152e-04
1.75000e+01	1.10866e-04
1.75100e+01	1.10613e-04
1.75200e+01	1.10328e-04
1.75300e+01	1.10074e-04
1.75400e+01	1.09789e-04
1.75500e+01	1.09535e-04
1.75600e+01	1.09250e-04
1.75700e+01	1.08996e-04
1.75800e+01	1.08711e-04
1.75900e+01	1.08457e-04
1.76000e+01	1.08203e-04
1.76100e+01	1.07918e-04
1.76200e+01	1.07633e-04
1.76300e+01	1.07379e-04
1.76400e+01	1.07094e-04
1.76500e+01	1.06840e-04
1.76600e+01	1.06555e-04
1.76700e+01	1.06301e-04
1.76800e+01	1.06016e-04
1.76900e+01	1.05762e-04
1.77000e+01	1.05509e-04
1.77100e+01	1.05160e-04
1.77200e+01	1.04843e-04
1.77300e+01	1.04494e-04
1.77400e+01	1.04177e-04
1.77500e+01	1.03828e-04
1.77600e+01	1.03511e-04
1.77700e+01	1.03194e-04
1.77800e+01	1.02877e-04
1.77900e+01	1.02560e-04
1.78000e+01	1.02243e-04
1.78100e+01	1.01894e-04
1.78200e+01	1.01546e-04
1.78300e+01	1.01197e-04
1.78400e+01	1.00817e-04
1.78500e+01	1.00500e-04
1.78600e+01	1.00151e-04
1.78700e+01	9.98337e-05
1.78800e+01	9.94850e-05
1.78900e+01	9.91363e-05
1.79000e+01	9.87875e-05
1.79100e+01	9.84705e-05
1.79200e+01	9.81218e-05
1.79300e+01	9.77730e-05
1.79400e+01	9.74243e-05
1.79500e+01	9.70755e-05
1.79600e+01	9.67585e-05
1.79700e+01	9.64098e-05
1.79800e+01	9.60927e-05
1.79900e+01	9.57757e-05
1.80000e+01	9.54270e-05
1.80100e+01	9.50782e-05
1.80200e+01	9.47295e-05
1.80300e+01	9.44125e-05
1.80400e+01	9.40637e-05
1.80500e+01	9.37467e-05
1.80600e+01	9.34297e-05
1.80700e+01	9.30809e-05
1.80800e+01	9.27639e-05
1.80900e+01	9.24152e-05
1.81000e+01	9.20981e-05
1.81100e+01	9.17811e-05
1.81200e+01	9.14324e-05
1.81300e+01	9.11153e-05
1.81400e+01	9.07983e-05
1.81500e+01	9.04496e-05
1.81600e+01	9.01325e-05
1.81700e+01	8.98155e-05
1.81800e+01	8.94985e-05
1.81900e+01	8.91814e-05
1.82000e+01	8.88644e-05
1.82100e+01	8.85474e-05
1.82200e+01	8.82620e-05
1.82300e+01	8.79450e-05
1.82400e+01	8.76280e-05
1.82500e+01	8.72792e-05
1.82600e+01	8.69939e-05
1.82700e+01	8.66769e-05
1.82800e+01	8.63598e-05
1.82900e+01	8.60428e-05
1.83000e+01	8.57258e-05
1.83100e+01	8.54087e-05
1.83200e+01	8.50917e-05
1.83300e+01	8.48064e-05
1.83400e+01	8.45210e-05
1.83500e+01	8.42357e-05
1.83600e+01	8.39187e-05
1.83700e+01	8.36333e-05
1.83800e+01	8.33480e-05
1.83900e+01	8.30627e-05
1.84000e+01	8.27456e-05
1.84100e+01	8.24286e-05
1.84200e+01	8.21433e-05
1.84300e+01	8.18263e-05
1.84400e+01	8.15409e-05
1.84500e+01	8.12556e-05
1.84600e+01	8.09386e-05
1.84700e+01	8.06532e-05
1.84800e+01	8.03362e-05
1.84900e+01	8.00509e-05
1.85000e+01	7.97655e-05
1.85100e+01	7.94802e-05
1.85200e+01	7.91949e-05
1.85300e+01	7.89412e-05
1.85400e+01	7.86559e-05
1.85500e+01	7.83706e-05
1.85600e+01	7.81170e-05
1.85700e+01	7.78633e-05
1.85800e+01	7.75463e-05
1.85900e+01	7.72927e-05
1.86000e+01	7.70390e-05
1.86100e+01	7.67537e-05
1.86200e+01	7.64684e-05
1.86300e+01	7.61514e-05
1.86400e+01	7.58660e-05
1.86500e+01	7.56124e-05
1.86600e+01	7.53271e-05
1.86700e+01	7.50417e-05
1.86800e+01	7.47247e-05
1.86900e+01	7.44711e-05
1.87000e+01	7.41858e-05
1.87100e+01	7.39004e-05
1.87200e+01	7.36151e-05
1.87300e+01	7.33298e-05
1.87400e+01	7.30444e-05
1.87500e+01	7.27908e-05
1.87600e+01	7.25055e-05
1.87700e+01	7.22201e-05
1.87800e+01	7.19348e-05
1.87900e+01	7.16495e-05
1.88000e+01	7.13959e-05
1.88100e+01	7.11105e-05
1.88200e+01	7.08252e-05
1.88300e+01	7.05716e-05
1.88400e+01	7.02862e-05
1.88500e+01	7.00009e-05
1.88600e+01	6.97473e-05
1.88700e+01	6.94937e-05
1.88800e+01	6.92083e-05
1.88900e+01	6.89230e-05
1.89000e+01	6.86694e-05
1.89100e+01	6.84157e-05
1.89200e+01	6.81304e-05
1.89300e+01	6.78768e-05
1.89400e+01	6.76232e-05
1.89500e+01	6.73378e-05
1.89600e+01	6.70842e-05
1.89700e+01	6.68306e-05
1.89800e+01	6.65453e-05
1.89900e+01	6.62916e-05
1.90000e+01	6.60380e-05
1.90100e+01	6.57844e-05
1.90200e+01	6.54990e-05
1.90300e+01	6.52771e-05
1.90400e+01	6.49918e-05
1.90500e+01	6.47382e-05
1.90600e+01	6.44845e-05
1.90700e+01	6.42309e-05
1.90800e+01	6.39773e-05
1.90900e+01	6.37237e-05
1.91000e+01	6.34700e-05
1.91100e+01	6.32164e-05
1.91200e+01	6.29628e-05
1.91300e+01	6.27092e-05
1.91400e+01	6.24555e-05
1.91500e+01	6.22019e-05
1.91600e+01	6.19483e-05
1.91700e+01	6.16946e-05
1.91800e+01	6.14410e-05
1.91900e+01	6.11874e-05
1.92000e+01	6.09338e-05
1.92100e+01	6.07118e-05
1.92200e+01	6.04265e-05
1.92300e+01	6.02046e-05
1.92400e+01	5.99510e-05
1.92500e+01	5.96973e-05
1.92600e+01	5.94754e-05
1.92700e+01	5.92218e-05
1.92800e+01	5.89682e-05
1.92900e+01	5.87145e-05
1.93000e+01	5.84926e-05
1.93100e+01	5.82390e-05
1.93200e+01	5.79854e-05
1.93300e+01	5.77634e-05
1.93400e+01	5.75098e-05
1.93500e+01	5.72879e-05
1.93600e+01	5.70026e-05
1.93700e+01	5.67806e-05
1.93800e+01	5.65270e-05
1.93900e+01	5.63051e-05
1.94000e+01	5.60515e-05
1.94100e+01	5.58295e-05
1.94200e+01	5.55759e-05
1.94300e+01	5.53540e-05
1.94400e+01	5.51004e-05
1.94500e+01	5.48784e-05
1.94600e+01	5.46248e-05
1.94700e+01	5.44029e-05
1.94800e+01	5.41810e-05
1.94900e+01	5.39590e-05
1.95000e+01	5.37054e-05
1.95100e+01	5.34835e-05
1.95200e+01	5.32616e-05
1.95300e+01	5.30396e-05
1.95400e+01	5.28177e-05
1.95500e+01	5.25641e-05
1.95600e+01	5.23739e-05
1.95700e+01	5.21202e-05
1.95800e+01	5.19300e-05
1.95900e+01	5.16764e-05
1.96000e+01	5.14862e-05
1.96100e+01	5.29128e-05
1.96200e+01	5.43712e-05
1.96300e+01	5.58295e-05
1.96400e+01	5.72562e-05
1.96500e+01	5.86828e-05
1.96600e+01	6.01095e-05
1.96700e+01	6.15361e-05
1.96800e+01	6.29311e-05
1.96900e+01	6.43577e-05
1.97000e+01	6.57527e-05
1.97100e+01	6.51820e-05
1.97200e+01	6.46748e-05
1.97300e+01	6.41041e-05
1.97400e+01	6.35651e-05
1.97500e+01	6.30262e-05
1.97600e+01	6.24872e-05
1.97700e+01	6.19483e-05
1.97800e+01	6.14093e-05
1.97900e+01	6.09021e-05
1.98000e+01	6.03631e-05
1.98100e+01	6.06167e-05
1.98200e+01	6.09021e-05
1.98300e+01	6.11874e-05
1.98400e+01	6.14410e-05
1.98500e+01	6.17263e-05
1.98600e+01	6.20117e-05
1.98700e+01	6.22653e-05
1.98800e+01	6.25189e-05
1.98900e+01	6.27726e-05
1.99000e+01	6.30579e-05
1.99100e+01	6.29311e-05
1.99200e+01	6.28043e-05
1.99300e+01	6.27092e-05
1.99400e+01	6.25823e-05
1.99500e+01	6.24872e-05
1.99600e+01	6.23287e-05
1.99700e+01	6.22336e-05
1.99800e+01	6.21385e-05
1.99900e+01	6.20117e-05
2.00000e+01	6.18849e-05
2.00100e+01	6.17263e-05
2.00200e+01	6.15678e-05
2.00300e+01	6.14093e-05
2.00400e+01	6.12825e-05
2.00500e+01	6.11240e-05
2.00600e+01	6.09655e-05
2.00700e+01	6.08070e-05
2.00800e+01	6.06801e-05
2.00900e+01	6.05216e-05
2.01000e+01	6.03631e-05
2.01100e+01	6.02046e-05
2.01200e+01	6.00778e-05
2.01300e+01	5.99193e-05
2.01400e+01	5.97607e-05
2.01500e+01	5.96339e-05
2.01600e+01	5.94754e-05
2.01700e+01	5.93169e-05
2.01800e+01	5.91584e-05
2.01900e+01	5.89999e-05
2.02000e+01	5.88731e-05
2.02100e+01	5.87145e-05
2.02200e+01	5.85877e-05
2.02300e+01	5.84292e-05
2.02400e+01	5.83024e-05
2.02500e+01	5.81439e-05
2.02600e+01	5.80171e-05
2.02700e+01	5.78585e-05
2.02800e+01	5.77317e-05
2.02900e+01	5.75732e-05
2.03000e+01	5.74464e-05
2.03100e+01	5.72879e-05
2.03200e+01	5.71294e-05
2.03300e+01	5.70026e-05
2.03400e+01	5.68757e-05
2.03500e+01	5.67172e-05
2.03600e+01	5.65904e-05
2.03700e+01	5.64636e-05
2.03800e+01	5.63051e-05
2.03900e+01	5.61783e-05
2.04000e+01	5.60198e-05
2.04100e+01	5.58929e-05
2.04200e+01	5.57344e-05
2.04300e+01	5.56076e-05
2.04400e+01	5.54808e-05
2.04500e+01	5.53540e-05
2.04600e+01	5.52272e-05
2.04700e+01	5.50687e-05
2.04800e+01	5.49418e-05
2.04900e+01	5.47833e-05
2.05000e+01	5.46565e-05
2.05100e+01	5.45931e-05
2.05200e+01	5.44980e-05
2.05300e+01	5.44346e-05
2.05400e+01	5.43395e-05
2.05500e+01	5.42761e-05
2.05600e+01	5.41810e-05
2.05700e+01	5.41176e-05
2.05800e+01	5.40224e-05
2.05900e+01	5.39590e-05
2.06000e+01	5.38956e-05
2.06100e+01	5.38322e-05
2.06200e+01	5.37371e-05
2.06300e+01	5.36737e-05
2.06400e+01	5.35786e-05
2.06500e+01	5.35152e-05
2.06600e+01	5.34201e-05
2.06700e+01	5.33567e-05
2.06800e+01	5.32616e-05
2.06900e+01	5.31982e-05
2.07000e+01	5.31348e-05
2.07100e+01	5.30396e-05
2.07200e+01	5.29762e-05
2.07300e+01	5.28811e-05
2.07400e+01	5.28177e-05
2.07500e+01	5.27226e-05
2.07600e+01	5.26592e-05
2.07700e+01	5.25958e-05
2.07800e+01	5.25324e-05
2.07900e+01	5.24373e-05
2.08000e+01	5.23739e-05
2.08100e+01	5.22788e-05
2.08200e+01	5.22471e-05
2.08300e+01	5.21519e-05
2.08400e+01	5.20885e-05
2.08500e+01	5.19934e-05
2.08600e+01	5.19300e-05
2.08700e+01	5.18666e-05
2.08800e+01	5.17715e-05
2.08900e+01	5.17081e-05
2.09000e+01	5.16130e-05
2.09100e+01	5.15813e-05
2.09200e+01	5.14862e-05
2.09300e+01	5.14228e-05
2.09400e+01	5.13277e-05
2.09500e+01	5.12960e-05
2.09600e+01	5.12009e-05
2.09700e+01	5.11374e-05
2.09800e+01	5.10423e-05
2.09900e+01	5.10106e-05
2.10000e+01	5.09155e-05
2.20000e+01	4.22605e-05
2.30000e+01	3.53809e-05
2.40000e+01	2.98360e-05
2.50000e+01	2.53309e-05
2.60000e+01	2.16502e-05
2.70000e+01	1.86130e-05
2.80000e+01	1.60863e-05
2.90000e+01	1.39812e-05
3.00000e+01	1.22026e-05
3.10000e+01	1.07030e-05
3.20000e+01	9.42222e-06
3.30000e+01	8.33163e-06
3.40000e+01	7.39321e-06
3.50000e+01	6.58161e-06
3.60000e+01	5.87779e-06
3.70000e+01	5.26909e-06
3.80000e+01	4.73330e-06
3.90000e+01	4.26727e-06
4.00000e+01	3.85512e-06
4.10000e+01	3.49053e-06
4.20000e+01	3.16843e-06
4.30000e+01	2.88342e-06
4.40000e+01	2.63011e-06
4.50000e+01	2.40375e-06
4.60000e+01	2.20116e-06
4.70000e+01	2.01918e-06
4.80000e+01	1.85559e-06
4.90000e+01	1.70849e-06
5.00000e+01	1.57565e-06
5.10000e+01	1.45550e-06
5.20000e+01	1.34612e-06
5.30000e+01	1.24721e-06
5.40000e+01	1.15749e-06
5.50000e+01	1.07506e-06
5.60000e+01	1.00024e-06
5.70000e+01	9.31443e-07
5.80000e+01	8.68671e-07
5.90000e+01	8.11288e-07
6.00000e+01	7.58343e-07
6.10000e+01	7.09520e-07
6.20000e+01	6.64818e-07
6.30000e+01	6.23604e-07
6.40000e+01	5.85560e-07
6.50000e+01	5.50052e-07
6.60000e+01	5.17398e-07
6.70000e+01	4.86963e-07
6.80000e+01	4.59064e-07
6.90000e+01	4.33067e-07
7.00000e+01	4.08656e-07
7.10000e+01	3.85829e-07
7.20000e+01	3.64905e-07
7.30000e+01	3.44932e-07
7.40000e+01	3.26544e-07
7.50000e+01	3.09456e-07
7.60000e+01	2.93351e-07
7.70000e+01	2.78323e-07
7.80000e+01	2.64342e-07
7.90000e+01	2.51027e-07
8.00000e+01	2.38599e-07
8.10000e+01	2.26932e-07
8.20000e+01	2.15995e-07
8.30000e+01	2.05659e-07
8.40000e+01	1.95990e-07
8.50000e+01	1.86859e-07
8.60000e+01	1.78236e-07
8.70000e+01	1.70120e-07
8.80000e+01	1.62448e-07
8.90000e+01	1.55188e-07
9.00000e+01	1.48372e-07
9.10000e+01	1.41872e-07
9.20000e+01	1.35754e-07
9.30000e+01	1.29984e-07
9.40000e+01	1.24467e-07
9.50000e+01	1.19268e-07
9.60000e+01	1.14322e-07
9.70000e+01	1.09630e-07
9.80000e+01	1.05223e-07
9.90000e+01	1.00975e-07
1.00000e+02	9.69487e-08
1.01000e+02	9.31126e-08
1.02000e+02	8.94985e-08
1.03000e+02	8.60428e-08
1.04000e+02	8.27456e-08
1.05000e+02	7.96070e-08
1.06000e+02	7.66269e-08
1.07000e+02	7.37736e-08
1.08000e+02	7.10471e-08
1.09000e+02	6.84475e-08
1.10000e+02	6.59429e-08
1.11000e+02	6.35651e-08
1.12000e+02	6.13142e-08
1.13000e+02	5.91584e-08
1.14000e+02	5.70977e-08
1.15000e+02	5.51004e-08
1.16000e+02	5.31982e-08
1.17000e+02	5.13911e-08
1.18000e+02	4.96474e-08
1.19000e+02	4.79988e-08
1.20000e+02	4.63819e-08
1.21000e+02	4.48602e-08
1.22000e+02	4.33701e-08
1.23000e+02	4.19752e-08
1.24000e+02	4.06119e-08
1.25000e+02	3.93438e-08
1.26000e+02	3.81074e-08
1.27000e+02	3.68710e-08
1.28000e+02	3.57613e-08
1.29000e+02	3.46517e-08
1.30000e+02	3.35738e-08
1.31000e+02	3.25593e-08
1.32000e+02	3.15797e-08
1.33000e+02	3.06286e-08
1.34000e+02	2.97060e-08
1.35000e+02	2.88342e-08
1.36000e+02	2.79909e-08
1.37000e+02	2.71729e-08
1.38000e+02	2.63803e-08
1.39000e+02	2.56226e-08
1.40000e+02	2.48903e-08
1.41000e+02	2.41865e-08
1.42000e+02	2.35048e-08
1.43000e+02	2.28486e-08
1.44000e+02	2.22145e-08
1.45000e+02	2.16026e-08
1.46000e+02	2.10098e-08
1.47000e+02	2.04391e-08
1.48000e+02	1.98875e-08
1.49000e+02	1.93517e-08
1.50000e+02	1.88349e-08
1.51000e+02	1.83340e-08
1.52000e+02	1.78521e-08
1.53000e+02	1.73861e-08
1.54000e+02	1.69327e-08
1.55000e+02	1.64952e-08
1.56000e+02	1.60736e-08
1.57000e+02	1.56614e-08
1.58000e+02	1.52683e-08
1.59000e+02	1.48815e-08
1.60000e+02	1.45074e-08
1.61000e+02	1.41492e-08
1.62000e+02	1.37973e-08
1.63000e+02	1.34581e-08
1.64000e+02	1.31315e-08
1.65000e+02	1.28113e-08
1.66000e+02	1.25006e-08
1.67000e+02	1.22026e-08
1.68000e+02	1.19078e-08
1.69000e+02	1.16256e-08
1.70000e+02	1.13530e-08
1.71000e+02	1.10866e-08
1.00000e+03	1.00000e-11
