#wavenumber    self cont      self temp exp  for cont       for cont alt
0.00000000e+00 2.87700000e-21 6.41300000e+00 8.56290000e-23 8.56290000e-23
1.00000000e+01 2.85500000e-21 6.41400000e+00 8.82784000e-23 8.82784000e-23
2.00000000e+01 2.73100000e-21 6.27500000e+00 9.18210000e-23 9.18210000e-23
3.00000000e+01 2.49000000e-21 6.04900000e+00 9.79602000e-23 9.79602000e-23
4.00000000e+01 2.17800000e-21 5.78900000e+00 1.13971000e-22 1.13971000e-22
5.00000000e+01 1.86300000e-21 5.55700000e+00 1.37648400e-22 1.37648400e-22
6.00000000e+01 1.59500000e-21 5.33000000e+00 1.54490400e-22 1.54490400e-22
7.00000000e+01 1.38100000e-21 5.10700000e+00 1.50792200e-22 1.50792200e-22
8.00000000e+01 1.22100000e-21 4.89300000e+00 1.38643800e-22 1.38643800e-22
9.00000000e+01 1.09500000e-21 4.68500000e+00 1.21510500e-22 1.21510500e-22
1.00000000e+02 9.88200000e-22 4.48100000e+00 1.06260400e-22 1.06260400e-22
1.10000000e+02 8.92600000e-22 4.28200000e+00 9.15138000e-23 9.15138000e-23
1.20000000e+02 8.04100000e-22 4.09000000e+00 8.00800000e-23 8.00800000e-23
1.30000000e+02 7.21700000e-22 3.90500000e+00 6.97030200e-23 6.97030200e-23
1.40000000e+02 6.45000000e-22 3.72000000e+00 6.05475000e-23 6.05475000e-23
1.50000000e+02 5.74000000e-22 3.54800000e+00 5.24312900e-23 5.24312900e-23
1.60000000e+02 5.08800000e-22 3.37900000e+00 4.55936000e-23 4.55936000e-23
1.70000000e+02 4.49200000e-22 3.21500000e+00 3.76280000e-23 3.76280000e-23
1.80000000e+02 3.95200000e-22 3.05600000e+00 3.05490100e-23 3.05490100e-23
1.90000000e+02 3.46600000e-22 2.90300000e+00 2.56264000e-23 2.56264000e-23
2.00000000e+02 3.03100000e-22 2.75600000e+00 2.19715200e-23 2.19715200e-23
2.10000000e+02 2.64400000e-22 2.61400000e+00 1.80926700e-23 1.80926700e-23
2.20000000e+02 2.30200000e-22 2.47500000e+00 1.48344000e-23 1.48344000e-23
2.30000000e+02 2.00100000e-22 2.34400000e+00 1.16726933e-23 1.16726933e-23
2.40000000e+02 1.73800000e-22 2.21900000e+00 8.80930740e-24 8.80930740e-24
2.50000000e+02 1.50900000e-22 2.10000000e+00 7.13061369e-24 7.13061369e-24
2.60000000e+02 1.31100000e-22 1.98300000e+00 5.93263048e-24 5.93263048e-24
2.70000000e+02 1.13900000e-22 1.87300000e+00 5.17188672e-24 5.17188672e-24
2.80000000e+02 9.91300000e-23 1.76800000e+00 4.22016782e-24 4.22016782e-24
2.90000000e+02 8.63900000e-23 1.67000000e+00 3.42742822e-24 3.42742822e-24
3.00000000e+02 7.54400000e-23 1.57500000e+00 2.68586064e-24 2.68586064e-24
3.10000000e+02 6.60300000e-23 1.48600000e+00 2.09587147e-24 2.09587147e-24
3.20000000e+02 5.79400000e-23 1.45000000e+00 1.85812704e-24 1.85812704e-24
3.30000000e+02 5.09600000e-23 1.43200000e+00 1.47593392e-24 1.47593392e-24
3.40000000e+02 4.49500000e-23 1.42900000e+00 1.10054347e-24 1.10054347e-24
3.50000000e+02 3.97400000e-23 1.43100000e+00 8.58834390e-25 8.58834390e-25
3.60000000e+02 3.52300000e-23 1.42800000e+00 6.49875968e-25 6.49875968e-25
3.70000000e+02 3.13000000e-23 1.45800000e+00 4.87467148e-25 4.87467148e-25
3.80000000e+02 2.78600000e-23 1.51700000e+00 3.86051573e-25 3.86051573e-25
3.90000000e+02 2.48500000e-23 1.57000000e+00 3.00081089e-25 3.00081089e-25
4.00000000e+02 2.22100000e-23 1.62800000e+00 2.34326400e-25 2.34326400e-25
4.10000000e+02 1.98700000e-23 1.68900000e+00 2.08736523e-25 2.08736523e-25
4.20000000e+02 1.78000000e-23 1.75300000e+00 1.77105635e-25 1.77105635e-25
4.30000000e+02 1.59600000e-23 1.81900000e+00 1.58845960e-25 1.58845960e-25
4.40000000e+02 1.43300000e-23 1.88600000e+00 1.40805000e-25 1.40805000e-25
4.50000000e+02 1.28700000e-23 1.97600000e+00 1.18089830e-25 1.18089830e-25
4.60000000e+02 1.15600000e-23 2.03200000e+00 1.02438612e-25 1.02438612e-25
4.70000000e+02 1.04000000e-23 2.10600000e+00 9.22348770e-26 9.22348770e-26
4.80000000e+02 9.34900000e-24 2.19000000e+00 7.91555904e-26 7.91555904e-26
4.90000000e+02 8.41000000e-24 2.25900000e+00 6.69240540e-26 6.69240540e-26
5.00000000e+02 7.56800000e-24 2.33000000e+00 5.72009778e-26 5.72009778e-26
5.10000000e+02 6.81000000e-24 2.39700000e+00 5.12489340e-26 5.12489340e-26
5.20000000e+02 6.13000000e-24 2.46600000e+00 4.47797700e-26 4.47797700e-26
5.30000000e+02 5.51700000e-24 2.53700000e+00 3.84442240e-26 3.84442240e-26
5.40000000e+02 4.96700000e-24 2.61300000e+00 3.26656664e-26 3.26656664e-26
5.50000000e+02 4.47100000e-24 2.67500000e+00 2.85145274e-26 2.85145274e-26
5.60000000e+02 4.02500000e-24 2.74600000e+00 2.47299240e-26 2.47299240e-26
5.70000000e+02 3.62400000e-24 2.81900000e+00 2.12350367e-26 2.12350367e-26
5.80000000e+02 3.26200000e-24 2.89300000e+00 1.76834947e-26 1.76834947e-26
5.90000000e+02 2.93700000e-24 2.97000000e+00 1.48050493e-26 1.48050493e-26
6.00000000e+02 2.64400000e-24 3.05800000e+00 1.26746169e-26 1.26746169e-26
6.10000000e+02 2.38100000e-24 3.14424000e+00 1.07428423e-26 1.08599861e-26
6.20000000e+02 2.14300000e-24 3.26091750e+00 9.20418378e-27 9.48884926e-27
6.30000000e+02 1.93000000e-24 3.35232000e+00 7.84769188e-27 8.34376522e-27
6.40000000e+02 1.73700000e-24 3.43895500e+00 6.64114030e-27 7.26030238e-27
6.50000000e+02 1.56400000e-24 3.52688000e+00 5.71399016e-27 6.30190683e-27
6.60000000e+02 1.41300000e-24 3.59775000e+00 4.95784404e-27 5.46612080e-27
6.70000000e+02 1.28297280e-24 3.64610000e+00 4.37249861e-27 4.81999332e-27
6.80000000e+02 1.17141360e-24 3.68104000e+00 3.93383609e-27 4.24021627e-27
6.90000000e+02 1.07623870e-24 3.69958500e+00 3.51756084e-27 3.80361171e-27
7.00000000e+02 9.93955600e-25 3.72127500e+00 3.20771615e-27 3.44039606e-27
7.10000000e+02 9.20812560e-25 3.77640120e+00 2.94041501e-27 3.13457129e-27
7.20000000e+02 8.49502800e-25 3.87321970e+00 2.72581250e-27 2.89373038e-27
7.30000000e+02 7.86788100e-25 3.97244640e+00 2.47666898e-27 2.64968836e-27
7.40000000e+02 7.28373100e-25 4.06093010e+00 2.26251868e-27 2.44637078e-27
7.50000000e+02 6.70186000e-25 4.18684200e+00 2.07202734e-27 2.26401589e-27
7.60000000e+02 6.14131200e-25 4.25958750e+00 1.92239107e-27 2.09961679e-27
7.70000000e+02 5.67336000e-25 4.77969840e+00 1.75408859e-27 1.95480421e-27
7.80000000e+02 5.29296250e-25 5.14887100e+00 1.60702893e-27 1.81789824e-27
7.90000000e+02 4.90571900e-25 5.10873780e+00 1.45230450e-27 1.71692534e-27
8.00000000e+02 4.61727000e-25 5.05802820e+00 1.32702089e-27 1.62559238e-27
8.10000000e+02 4.33769460e-25 4.98553760e+00 1.21093012e-27 1.49724087e-27
8.20000000e+02 4.07936200e-25 4.87476480e+00 1.11398542e-27 1.38719300e-27
8.30000000e+02 3.83339440e-25 4.87596800e+00 1.00725693e-27 1.29408880e-27
8.40000000e+02 3.62027920e-25 4.91774020e+00 9.21593619e-28 1.22793959e-27
8.50000000e+02 3.43427200e-25 4.95337200e+00 8.35359574e-28 1.15061121e-27
8.60000000e+02 3.25029080e-25 4.99734720e+00 7.72003860e-28 1.08334651e-27
8.70000000e+02 3.08038470e-25 5.06968200e+00 7.03277465e-28 1.00547386e-27
8.80000000e+02 2.91434140e-25 5.14654140e+00 6.49916719e-28 9.44581978e-28
8.90000000e+02 2.75198280e-25 5.22855350e+00 5.91774951e-28 8.96675785e-28
9.00000000e+02 2.59749000e-25 5.27602680e+00 5.48087713e-28 8.47055339e-28
9.10000000e+02 2.44011640e-25 5.26781360e+00 4.99353448e-28 8.08071417e-28
9.20000000e+02 2.26681200e-25 5.24664040e+00 4.63107572e-28 7.88099863e-28
9.30000000e+02 2.11479770e-25 5.24882220e+00 4.23840885e-28 7.64145867e-28
9.40000000e+02 1.97238150e-25 5.29227540e+00 3.93502444e-28 7.39148232e-28
9.50000000e+02 1.84745750e-25 5.36037000e+00 3.59853928e-28 7.15166615e-28
9.60000000e+02 1.72838610e-25 5.41489200e+00 3.34699182e-28 6.83356996e-28
9.70000000e+02 1.61283200e-25 5.45818060e+00 3.09199571e-28 6.56670117e-28
9.80000000e+02 1.52083800e-25 5.52106720e+00 2.85903105e-28 6.36546923e-28
9.90000000e+02 1.41959350e-25 5.59941720e+00 2.64798009e-28 6.18187530e-28
1.00000000e+03 1.33119520e-25 5.63582250e+00 2.45096761e-28 5.94643320e-28
1.01000000e+03 1.25193870e-25 5.64529000e+00 2.26903648e-28 5.81366274e-28
1.02000000e+03 1.18457820e-25 5.65488000e+00 2.10801036e-28 5.72085047e-28
1.03000000e+03 1.12388310e-25 5.66510250e+00 1.96003427e-28 5.64531718e-28
1.04000000e+03 1.06460500e-25 5.68559730e+00 1.83500662e-28 5.58157557e-28
1.05000000e+03 1.01331560e-25 5.68787310e+00 1.71299454e-28 5.50483827e-28
1.06000000e+03 9.64691900e-26 5.70853920e+00 1.60000153e-28 5.40757689e-28
1.07000000e+03 9.21155200e-26 5.71112040e+00 1.51297318e-28 5.34907663e-28
1.08000000e+03 8.80942500e-26 5.71720380e+00 1.45000925e-28 5.30162449e-28
1.09000000e+03 8.45413800e-26 5.72385100e+00 1.38896896e-28 5.20390327e-28
1.10000000e+03 8.14940400e-26 5.72689880e+00 1.33198377e-28 5.17291593e-28
1.11000000e+03 7.82040600e-26 5.74799640e+00 1.32798844e-28 5.24769017e-28
1.12000000e+03 7.57605600e-26 5.80392500e+00 1.32503180e-28 5.30881620e-28
1.13000000e+03 7.29721600e-26 5.85685110e+00 1.36300832e-28 5.42530106e-28
1.14000000e+03 7.10052000e-26 5.95486840e+00 1.43202762e-28 5.57129734e-28
1.15000000e+03 6.97302900e-26 5.97912650e+00 1.59798852e-28 5.71794767e-28
1.16000000e+03 6.87120000e-26 6.03780000e+00 1.83395943e-28 5.94318988e-28
1.17000000e+03 6.83885700e-26 6.07228000e+00 2.06102751e-28 6.22753433e-28
1.18000000e+03 6.85596600e-26 6.09000000e+00 2.46199095e-28 6.53852681e-28
1.19000000e+03 6.88209600e-26 6.09634000e+00 3.08789837e-28 6.76868679e-28
1.20000000e+03 7.00920000e-26 6.11170500e+00 4.19995057e-28 7.27137467e-28
1.21000000e+03 7.26932800e-26 6.11886000e+00 5.49980677e-28 8.11824102e-28
1.22000000e+03 7.64758000e-26 6.12170000e+00 6.90017282e-28 9.68185153e-28
1.23000000e+03 7.95391000e-26 6.10762500e+00 8.43988426e-28 1.08776347e-27
1.24000000e+03 8.43006000e-26 5.99896000e+00 9.99915495e-28 1.24470809e-27
1.25000000e+03 9.22026700e-26 5.90055000e+00 1.16999561e-27 1.42020536e-27
1.26000000e+03 1.04002790e-25 4.89000000e+00 1.35498072e-27 1.60157313e-27
1.27000000e+03 1.20000900e-25 4.47235000e+00 1.63994327e-27 1.88108583e-27
1.28000000e+03 1.38846840e-25 4.03920000e+00 1.97003193e-27 2.20178823e-27
1.29000000e+03 1.59321500e-25 3.38700000e+00 2.40003237e-27 2.63139371e-27
1.30000000e+03 1.81304200e-25 3.17300000e+00 2.91005606e-27 3.13762864e-27
1.31000000e+03 2.08160580e-25 2.90700000e+00 3.54997666e-27 3.78001018e-27
1.32000000e+03 2.42650490e-25 2.70800000e+00 4.51000955e-27 4.73594106e-27
1.33000000e+03 2.76064600e-25 2.53600000e+00 5.59966221e-27 5.82844315e-27
1.34000000e+03 3.15898860e-25 2.35000000e+00 7.16010541e-27 7.34982923e-27
1.35000000e+03 3.67084900e-25 2.27300000e+00 9.98745749e-27 1.00883308e-26
1.36000000e+03 4.11712320e-25 2.19600000e+00 1.38158152e-26 1.39152891e-26
1.37000000e+03 4.80385530e-25 2.17800000e+00 1.92976635e-26 1.88460982e-26
1.38000000e+03 5.47700000e-25 2.20100000e+00 2.59197153e-26 2.59974745e-26
1.39000000e+03 6.20300000e-25 2.23800000e+00 3.45767674e-26 3.45767674e-26
1.40000000e+03 7.33100000e-25 2.30900000e+00 4.57152831e-26 4.57152831e-26
1.41000000e+03 8.05600000e-25 2.38200000e+00 5.93187394e-26 5.93187394e-26
1.42000000e+03 9.88200000e-25 2.46200000e+00 7.55425598e-26 7.55425598e-26
1.43000000e+03 1.05000000e-24 2.57900000e+00 9.55869952e-26 9.55869952e-26
1.44000000e+03 1.21000000e-24 2.67900000e+00 1.18331615e-25 1.18331615e-25
1.45000000e+03 1.34100000e-24 2.73700000e+00 1.42536040e-25 1.42536040e-25
1.46000000e+03 1.57200000e-24 2.81000000e+00 1.68140249e-25 1.68140249e-25
1.47000000e+03 1.69800000e-24 2.88700000e+00 1.97844853e-25 1.97844853e-25
1.48000000e+03 1.96800000e-24 2.96400000e+00 2.33550163e-25 2.33550163e-25
1.49000000e+03 2.17500000e-24 2.98000000e+00 2.66854321e-25 2.66854321e-25
1.50000000e+03 2.43100000e-24 3.01100000e+00 3.02258333e-25 3.02258333e-25
1.51000000e+03 2.73500000e-24 3.09800000e+00 3.37161712e-25 3.37161712e-25
1.52000000e+03 2.86700000e-24 3.15700000e+00 3.71564521e-25 3.71564521e-25
1.53000000e+03 3.19000000e-24 3.21100000e+00 3.96765386e-25 3.96765386e-25
1.54000000e+03 3.37100000e-24 3.27400000e+00 4.06063530e-25 4.06063530e-25
1.55000000e+03 3.55400000e-24 3.38800000e+00 4.01059589e-25 4.01059589e-25
1.56000000e+03 3.72600000e-24 3.47500000e+00 3.80953770e-25 3.80953770e-25
1.57000000e+03 3.83700000e-24 3.52700000e+00 3.49146831e-25 3.49146831e-25
1.58000000e+03 3.87800000e-24 3.61800000e+00 3.15540232e-25 3.15540232e-25
1.59000000e+03 3.86400000e-24 3.77200000e+00 2.84834533e-25 2.84834533e-25
1.60000000e+03 3.85800000e-24 3.86400000e+00 2.67830886e-25 2.67830886e-25
1.61000000e+03 3.84100000e-24 3.88400000e+00 2.66029190e-25 2.66029190e-25
1.62000000e+03 3.85200000e-24 3.88900000e+00 2.81129359e-25 2.81129359e-25
1.63000000e+03 3.81500000e-24 3.89400000e+00 3.07130536e-25 3.07130536e-25
1.64000000e+03 3.76200000e-24 3.88400000e+00 3.29431192e-25 3.29431192e-25
1.65000000e+03 3.61800000e-24 3.82100000e+00 3.45931202e-25 3.45931202e-25
1.66000000e+03 3.57900000e-24 3.75800000e+00 3.56930677e-25 3.56930677e-25
1.67000000e+03 3.45000000e-24 3.70300000e+00 3.56029166e-25 3.56029166e-25
1.68000000e+03 3.20200000e-24 3.65700000e+00 3.43426823e-25 3.43426823e-25
1.69000000e+03 3.01800000e-24 3.56700000e+00 3.18623734e-25 3.18623734e-25
1.70000000e+03 2.78500000e-24 3.49000000e+00 2.91620722e-25 2.91620722e-25
1.71000000e+03 2.60200000e-24 3.43500000e+00 2.62217780e-25 2.62217780e-25
1.72000000e+03 2.41600000e-24 3.37700000e+00 2.27514724e-25 2.27514724e-25
1.73000000e+03 2.09700000e-24 3.29000000e+00 1.91811852e-25 1.91811852e-25
1.74000000e+03 1.93900000e-24 3.20400000e+00 1.62009560e-25 1.62009560e-25
1.75000000e+03 1.68900000e-24 3.17800000e+00 1.37307739e-25 1.37307739e-25
1.76000000e+03 1.49800000e-24 3.14600000e+00 1.18206366e-25 1.18206366e-25
1.77000000e+03 1.30800000e-24 3.10300000e+00 1.00605178e-25 1.00605178e-25
1.78000000e+03 1.17000000e-24 3.08800000e+00 8.55642103e-26 8.55642103e-26
1.79000000e+03 1.01100000e-24 3.10800000e+00 7.26034161e-26 7.26034161e-26
1.80000000e+03 9.23700000e-25 3.11600000e+00 6.11027497e-26 6.11027497e-26
1.81000000e+03 7.90900000e-25 3.07000000e+00 5.04021699e-26 5.04021699e-26
1.82000000e+03 7.00600000e-25 3.04600000e+00 4.23017427e-26 4.23017427e-26
1.83000000e+03 6.11200000e-25 3.02900000e+00 3.45613628e-26 3.45613628e-26
1.84000000e+03 5.40100000e-25 3.01700000e+00 2.90310959e-26 2.90310959e-26
1.85000000e+03 4.91400000e-25 3.00100000e+00 2.48608987e-26 2.48608987e-26
1.86000000e+03 4.26600000e-25 3.00700000e+00 2.03907060e-26 2.03907060e-26
1.87000000e+03 3.96300000e-25 2.98400000e+00 1.67205546e-26 1.67205546e-26
1.88000000e+03 3.31600000e-25 2.98000000e+00 1.28504085e-26 1.28504085e-26
1.89000000e+03 3.03700000e-25 2.93600000e+00 1.05403211e-26 1.05403211e-26
1.90000000e+03 2.59800000e-25 2.90800000e+00 8.30224249e-27 8.30224249e-27
1.91000000e+03 2.29400000e-25 2.89600000e+00 6.66718673e-27 6.66718673e-27
1.92000000e+03 2.06600000e-25 2.87500000e+00 5.50314783e-27 5.50314783e-27
1.93000000e+03 1.81300000e-25 2.89300000e+00 4.56211756e-27 4.56211756e-27
1.94000000e+03 1.58300000e-25 2.88800000e+00 3.94809762e-27 3.94809762e-27
1.95000000e+03 1.42300000e-25 2.94800000e+00 3.19807589e-27 3.19807589e-27
1.96000000e+03 1.24700000e-25 3.02800000e+00 2.58605891e-27 2.58605891e-27
1.97000000e+03 1.11600000e-25 3.06400000e+00 2.22504866e-27 2.22504866e-27
1.98000000e+03 9.76000000e-26 3.18200000e+00 1.80703795e-27 1.80703795e-27
1.99000000e+03 8.59600000e-26 3.22800000e+00 1.53003087e-27 1.53003087e-27
2.00000000e+03 7.72000000e-26 3.26000000e+00 1.29402508e-27 1.29402508e-27
2.01000000e+03 7.09100000e-26 3.33500000e+00 1.12602097e-27 1.12602097e-27
2.02000000e+03 6.49900000e-26 3.41200000e+00 9.60417190e-28 9.60417190e-28
2.03000000e+03 5.80100000e-26 3.46800000e+00 7.85013506e-28 7.85013506e-28
2.04000000e+03 5.15000000e-26 3.52300000e+00 6.81311270e-28 6.81311270e-28
2.05000000e+03 4.50000000e-26 3.61600000e+00 5.58308881e-28 5.58308881e-28
2.06000000e+03 4.00000000e-26 3.65900000e+00 4.69007176e-28 4.69007176e-28
2.07000000e+03 3.50900000e-26 3.70400000e+00 3.99605882e-28 3.99605882e-28
2.08000000e+03 3.10000000e-26 3.81000000e+00 3.37304777e-28 3.37304777e-28
2.09000000e+03 2.71400000e-26 3.83300000e+00 2.93003993e-28 2.93003993e-28
2.10000000e+03 2.40600000e-26 3.96600000e+00 2.41703171e-28 2.41703171e-28
2.11000000e+03 2.10800000e-26 4.02600000e+00 2.06102603e-28 2.06102603e-28
2.12000000e+03 1.87500000e-26 4.08800000e+00 1.74302120e-28 1.74302120e-28
2.13000000e+03 1.66900000e-26 4.14100000e+00 1.47501728e-28 1.47501728e-28
2.14000000e+03 1.55500000e-26 4.20000000e+00 1.27301436e-28 1.27301436e-28
2.15000000e+03 1.44400000e-26 4.26900000e+00 1.08401178e-28 1.08401178e-28
2.16000000e+03 1.34500000e-26 4.37700000e+00 9.36809811e-29 9.36809811e-29
2.17000000e+03 1.25700000e-26 4.45900000e+00 7.98508059e-29 7.98508059e-29
2.18000000e+03 1.17500000e-26 4.56600000e+00 6.78506601e-29 6.78506601e-29
2.19000000e+03 1.10200000e-26 4.63800000e+00 5.80405443e-29 5.80405443e-29
2.20000000e+03 1.03500000e-26 4.70900000e+00 4.97504499e-29 4.97504499e-29
2.21000000e+03 9.74500000e-27 4.80200000e+00 4.31103760e-29 4.31103760e-29
2.22000000e+03 9.19400000e-27 4.87800000e+00 3.73803144e-29 3.73803144e-29
2.23000000e+03 8.68500000e-27 4.97400000e+00 3.27502657e-29 3.27502657e-29
2.24000000e+03 8.22200000e-27 5.04700000e+00 2.84702229e-29 2.84702229e-29
2.25000000e+03 7.79800000e-27 5.14700000e+00 2.46901865e-29 2.46901865e-29
2.26000000e+03 7.41200000e-27 5.21100000e+00 2.14901567e-29 2.14901567e-29
2.27000000e+03 7.05200000e-27 5.31500000e+00 1.88401326e-29 1.88401326e-29
2.28000000e+03 6.72400000e-27 5.39100000e+00 1.63101108e-29 1.63101108e-29
2.29000000e+03 6.42000000e-27 5.48300000e+00 1.39300914e-29 1.39300914e-29
2.30000000e+03 6.14300000e-27 5.56600000e+00 1.20100761e-29 1.20100761e-29
2.31000000e+03 5.88600000e-27 5.60300000e+00 1.02700629e-29 1.02700629e-29
2.32000000e+03 5.64900000e-27 5.64300000e+00 8.80705208e-30 8.80705208e-30
2.33000000e+03 5.43000000e-27 5.76700000e+00 7.52104297e-30 7.52104297e-30
2.34000000e+03 5.22800000e-27 5.80700000e+00 6.43603553e-30 6.43603553e-30
2.35000000e+03 5.04100000e-27 5.84300000e+00 5.50902939e-30 5.50902939e-30
2.36000000e+03 4.86800000e-27 5.90400000e+00 4.72902439e-30 4.72902439e-30
2.37000000e+03 4.70800000e-27 5.92400000e+00 4.05502022e-30 4.05502022e-30
2.38000000e+03 4.55900000e-27 5.98300000e+00 3.49001682e-30 3.49001682e-30
2.39000000e+03 4.42100000e-27 5.99300000e+00 3.00601401e-30 3.00601401e-30
2.40000000e+03 4.29300000e-27 6.05900000e+00 2.59901172e-30 2.59901172e-30
2.41000000e+03 4.17400000e-27 6.09500000e+00 2.24600979e-30 2.24600979e-30
2.42000000e+03 4.06400000e-27 6.13000000e+00 1.94200819e-30 1.94200819e-30
2.43000000e+03 3.96100000e-27 6.15300000e+00 1.68500688e-30 1.68500688e-30
2.44000000e+03 3.86500000e-27 6.17400000e+00 1.46400578e-30 1.46400578e-30
2.45000000e+03 3.77500000e-27 6.18000000e+00 1.27300487e-30 1.27300487e-30
2.46000000e+03 3.69200000e-27 6.20100000e+00 1.11500413e-30 1.11500413e-30
2.47000000e+03 3.61400000e-27 6.20200000e+00 9.79403508e-31 9.79403508e-31
2.48000000e+03 3.54200000e-27 6.21000000e+00 8.72903027e-31 8.72903027e-31
2.49000000e+03 3.47400000e-27 6.20600000e+00 7.89302651e-31 7.89302651e-31
2.50000000e+03 3.41100000e-27 6.20900000e+00 7.31302379e-31 7.31302379e-31
2.51000000e+03 3.35300000e-27 6.18700000e+00 7.06902227e-31 7.06902227e-31
2.52000000e+03 3.29800000e-27 6.17200000e+00 7.19002194e-31 7.19002194e-31
2.53000000e+03 3.24800000e-27 6.13800000e+00 7.82802314e-31 7.82802314e-31
2.54000000e+03 3.20100000e-27 6.12900000e+00 9.29502663e-31 9.29502663e-31
2.55000000e+03 3.15800000e-27 6.08500000e+00 1.17400326e-30 1.17400326e-30
2.56000000e+03 3.11900000e-27 6.06600000e+00 1.57800425e-30 1.57800425e-30
2.57000000e+03 3.08400000e-27 6.04300000e+00 2.18400570e-30 2.18400570e-30
2.58000000e+03 3.05300000e-27 6.00100000e+00 3.05300772e-30 3.05300772e-30
2.59000000e+03 3.02500000e-27 5.95100000e+00 4.21201032e-30 4.21201032e-30
2.60000000e+03 3.00300000e-27 5.93000000e+00 5.73301362e-30 5.73301362e-30
2.61000000e+03 2.98800000e-27 5.86900000e+00 7.49701728e-30 7.49701728e-30
2.62000000e+03 2.97600000e-27 5.82200000e+00 9.48702121e-30 9.48702121e-30
2.63000000e+03 2.97700000e-27 5.80900000e+00 1.15300250e-29 1.15300250e-29
2.64000000e+03 2.98900000e-27 5.77700000e+00 1.34300282e-29 1.34300282e-29
2.65000000e+03 3.01500000e-27 5.73900000e+00 1.50300307e-29 1.50300307e-29
2.66000000e+03 3.05700000e-27 5.70000000e+00 1.62300321e-29 1.62300321e-29
2.67000000e+03 3.11200000e-27 5.68000000e+00 1.69600326e-29 1.69600326e-29
2.68000000e+03 3.16100000e-27 5.65900000e+00 1.74600326e-29 1.74600326e-29
2.69000000e+03 3.18600000e-27 5.59800000e+00 1.78900324e-29 1.78900324e-29
2.70000000e+03 3.17600000e-27 5.55800000e+00 1.85200325e-29 1.85200325e-29
2.71000000e+03 3.14200000e-27 5.51900000e+00 1.86200318e-29 1.86200318e-29
2.72000000e+03 3.09900000e-27 5.46500000e+00 1.88600312e-29 1.88600312e-29
2.73000000e+03 3.06500000e-27 5.39900000e+00 1.91200308e-29 1.91200308e-29
2.74000000e+03 3.01100000e-27 5.35800000e+00 1.94200303e-29 1.94200303e-29
2.75000000e+03 2.95500000e-27 5.29400000e+00 1.93800294e-29 1.93800294e-29
2.76000000e+03 2.91400000e-27 5.22500000e+00 1.91400282e-29 1.91400282e-29
2.77000000e+03 2.88400000e-27 5.15800000e+00 1.89800272e-29 1.89800272e-29
2.78000000e+03 2.86400000e-27 5.09400000e+00 1.86400259e-29 1.86400259e-29
2.79000000e+03 2.85800000e-27 5.02300000e+00 1.77000239e-29 1.77000239e-29
2.80000000e+03 2.85100000e-27 4.94000000e+00 1.63500215e-29 1.63500215e-29
2.81000000e+03 2.85700000e-27 4.84600000e+00 1.46400187e-29 1.46400187e-29
2.82000000e+03 2.87000000e-27 4.75900000e+00 1.27900159e-29 1.27900159e-29
2.83000000e+03 2.88800000e-27 4.66200000e+00 1.09900133e-29 1.09900133e-29
2.84000000e+03 2.91400000e-27 4.55700000e+00 9.52801117e-30 9.52801117e-30
2.85000000e+03 2.94800000e-27 4.43500000e+00 8.43300962e-30 8.43300962e-30
2.86000000e+03 2.99000000e-27 4.30400000e+00 7.79400864e-30 7.79400864e-30
2.87000000e+03 3.04200000e-27 4.18800000e+00 7.79300840e-30 7.79300840e-30
2.88000000e+03 3.10500000e-27 4.04200000e+00 8.24100864e-30 8.24100864e-30
2.89000000e+03 3.18500000e-27 3.95400000e+00 9.41700960e-30 9.41700960e-30
2.90000000e+03 3.27600000e-27 3.80300000e+00 1.17900117e-29 1.17900117e-29
2.91000000e+03 3.38500000e-27 3.69500000e+00 1.61600156e-29 1.61600156e-29
2.92000000e+03 3.51100000e-27 3.61900000e+00 2.14400201e-29 2.14400201e-29
2.93000000e+03 3.64600000e-27 3.51000000e+00 2.99200273e-29 2.99200273e-29
2.94000000e+03 3.85800000e-27 3.41400000e+00 4.34400386e-29 4.34400386e-29
2.95000000e+03 4.08100000e-27 3.36600000e+00 6.41500555e-29 6.41500555e-29
2.96000000e+03 4.33500000e-27 3.28400000e+00 9.24200778e-29 9.24200778e-29
2.97000000e+03 4.64300000e-27 3.21700000e+00 1.31000107e-28 1.31000107e-28
2.98000000e+03 5.01100000e-27 3.15200000e+00 1.84700147e-28 1.84700147e-28
2.99000000e+03 5.49400000e-27 3.04400000e+00 2.56700199e-28 2.56700199e-28
3.00000000e+03 5.95300000e-27 2.98300000e+00 3.39000256e-28 3.39000256e-28
3.01000000e+03 6.35400000e-27 2.89800000e+00 4.35700321e-28 4.35700321e-28
3.02000000e+03 7.11600000e-27 2.78400000e+00 5.30100380e-28 5.30100380e-28
3.03000000e+03 7.49800000e-27 2.68000000e+00 6.36400445e-28 6.36400445e-28
3.04000000e+03 8.61300000e-27 2.62700000e+00 7.43800506e-28 7.43800506e-28
3.05000000e+03 9.35000000e-27 2.63400000e+00 8.38100555e-28 8.38100555e-28
3.06000000e+03 1.00200000e-26 2.70400000e+00 9.29400600e-28 9.29400600e-28
3.07000000e+03 1.09000000e-26 2.63700000e+00 1.01300064e-27 1.01300064e-27
3.08000000e+03 1.17400000e-26 2.75600000e+00 1.10300068e-27 1.10300068e-27
3.09000000e+03 1.23000000e-26 2.79000000e+00 1.17000070e-27 1.17000070e-27
3.10000000e+03 1.28800000e-26 2.94100000e+00 1.20000070e-27 1.20000070e-27
3.11000000e+03 1.33400000e-26 3.09100000e+00 1.19000067e-27 1.19000067e-27
3.12000000e+03 1.38300000e-26 3.20300000e+00 1.13300063e-27 1.13300063e-27
3.13000000e+03 1.38000000e-26 3.30800000e+00 1.04000056e-27 1.04000056e-27
3.14000000e+03 1.39000000e-26 3.43100000e+00 9.47500498e-28 9.47500498e-28
3.15000000e+03 1.37300000e-26 3.49000000e+00 8.60100440e-28 8.60100440e-28
3.16000000e+03 1.35400000e-26 3.57000000e+00 8.07400403e-28 8.07400403e-28
3.17000000e+03 1.33500000e-26 3.65200000e+00 8.02300390e-28 8.02300390e-28
3.18000000e+03 1.34300000e-26 3.68300000e+00 8.47300402e-28 8.47300402e-28
3.19000000e+03 1.32300000e-26 3.70800000e+00 9.25600428e-28 9.25600428e-28
3.20000000e+03 1.34900000e-26 3.72200000e+00 9.98900451e-28 9.98900451e-28
3.21000000e+03 1.35300000e-26 3.68700000e+00 1.05600046e-27 1.05600046e-27
3.22000000e+03 1.36200000e-26 3.63100000e+00 1.07900046e-27 1.07900046e-27
3.23000000e+03 1.34400000e-26 3.58400000e+00 1.07900045e-27 1.07900045e-27
3.24000000e+03 1.32900000e-26 3.56600000e+00 1.04900043e-27 1.04900043e-27
3.25000000e+03 1.33600000e-26 3.53600000e+00 1.00000040e-27 1.00000040e-27
3.26000000e+03 1.32700000e-26 3.45900000e+00 9.35000364e-28 9.35000364e-28
3.27000000e+03 1.32500000e-26 3.40100000e+00 8.66200329e-28 8.66200329e-28
3.28000000e+03 1.35900000e-26 3.32600000e+00 7.88000292e-28 7.88000292e-28
3.29000000e+03 1.37400000e-26 3.21600000e+00 7.13700258e-28 7.13700258e-28
3.30000000e+03 1.41500000e-26 3.10300000e+00 6.43800227e-28 6.43800227e-28
3.31000000e+03 1.46200000e-26 2.94400000e+00 5.70600197e-28 5.70600197e-28
3.32000000e+03 1.52600000e-26 2.82800000e+00 5.13200173e-28 5.13200173e-28
3.33000000e+03 1.61900000e-26 2.65200000e+00 4.81500158e-28 4.81500158e-28
3.34000000e+03 1.73500000e-26 2.59700000e+00 4.73600152e-28 4.73600152e-28
3.35000000e+03 1.86300000e-26 2.55900000e+00 4.70900147e-28 4.70900147e-28
3.36000000e+03 2.03400000e-26 2.52200000e+00 4.91800150e-28 4.91800150e-28
3.37000000e+03 2.26500000e-26 2.46800000e+00 5.22700156e-28 5.22700156e-28
3.38000000e+03 2.48200000e-26 2.46600000e+00 5.60300163e-28 5.60300163e-28
3.39000000e+03 2.75600000e-26 2.43000000e+00 6.02300171e-28 6.02300171e-28
3.40000000e+03 3.10300000e-26 2.41200000e+00 6.56700183e-28 6.56700183e-28
3.41000000e+03 3.46600000e-26 2.38300000e+00 7.40300201e-28 7.40300201e-28
3.42000000e+03 3.83200000e-26 2.35700000e+00 8.69500231e-28 8.69500231e-28
3.43000000e+03 4.37800000e-26 2.33800000e+00 9.92900257e-28 9.92900257e-28
3.44000000e+03 4.91300000e-26 2.31200000e+00 1.16300029e-27 1.16300029e-27
3.45000000e+03 5.65100000e-26 2.28700000e+00 1.37900034e-27 1.37900034e-27
3.46000000e+03 6.31100000e-26 2.25000000e+00 1.65800040e-27 1.65800040e-27
3.47000000e+03 7.16900000e-26 2.22100000e+00 2.01000047e-27 2.01000047e-27
3.48000000e+03 8.05700000e-26 2.17400000e+00 2.42500056e-27 2.42500056e-27
3.49000000e+03 9.25300000e-26 2.17400000e+00 2.92000066e-27 2.92000066e-27
3.50000000e+03 1.04700000e-25 2.13500000e+00 3.56200079e-27 3.56200079e-27
3.51000000e+03 1.21200000e-25 2.10900000e+00 4.27400092e-27 4.27400092e-27
3.52000000e+03 1.36000000e-25 2.10700000e+00 5.17300109e-27 5.17300109e-27
3.53000000e+03 1.56900000e-25 2.10600000e+00 6.28500129e-27 6.28500129e-27
3.54000000e+03 1.77600000e-25 2.06200000e+00 7.78700157e-27 7.78700157e-27
3.55000000e+03 2.02000000e-25 2.07500000e+00 9.56300188e-27 9.56300188e-27
3.56000000e+03 2.28100000e-25 2.08000000e+00 1.19400023e-26 1.19400023e-26
3.57000000e+03 2.68300000e-25 2.13600000e+00 1.51700029e-26 1.51700029e-26
3.58000000e+03 2.99400000e-25 2.21900000e+00 1.93400036e-26 1.93400036e-26
3.59000000e+03 3.48800000e-25 2.29100000e+00 2.51100045e-26 2.51100045e-26
3.60000000e+03 3.89600000e-25 2.41500000e+00 3.19700056e-26 3.19700056e-26
3.61000000e+03 4.49900000e-25 2.52000000e+00 4.02400069e-26 4.02400069e-26
3.62000000e+03 5.17500000e-25 2.66300000e+00 4.98100084e-26 4.98100084e-26
3.63000000e+03 6.03500000e-25 2.79700000e+00 6.09000100e-26 6.09000100e-26
3.64000000e+03 6.34000000e-25 2.93600000e+00 7.22900116e-26 7.22900116e-26
3.65000000e+03 7.28100000e-25 3.11200000e+00 8.43900133e-26 8.43900133e-26
3.66000000e+03 7.92300000e-25 3.24400000e+00 9.36700144e-26 9.36700144e-26
3.67000000e+03 8.34800000e-25 3.34700000e+00 1.01600015e-25 1.01600015e-25
3.68000000e+03 9.63100000e-25 3.43700000e+00 1.05700016e-25 1.05700016e-25
3.69000000e+03 1.04400000e-24 3.50100000e+00 1.08800016e-25 1.08800016e-25
3.70000000e+03 1.10200000e-24 3.51300000e+00 1.10800016e-25 1.10800016e-25
3.71000000e+03 1.17600000e-24 3.51100000e+00 1.12900016e-25 1.12900016e-25
3.72000000e+03 1.24400000e-24 3.51500000e+00 1.15900016e-25 1.15900016e-25
3.73000000e+03 1.28300000e-24 3.55300000e+00 1.19000016e-25 1.19000016e-25
3.74000000e+03 1.32600000e-24 3.55300000e+00 1.21000016e-25 1.21000016e-25
3.75000000e+03 1.40000000e-24 3.56800000e+00 1.21000015e-25 1.21000015e-25
3.76000000e+03 1.39500000e-24 3.62100000e+00 1.20000015e-25 1.20000015e-25
3.77000000e+03 1.38700000e-24 3.71300000e+00 1.19000014e-25 1.19000014e-25
3.78000000e+03 1.36300000e-24 3.83600000e+00 1.18000014e-25 1.18000014e-25
3.79000000e+03 1.31400000e-24 3.88800000e+00 1.19000014e-25 1.19000014e-25
3.80000000e+03 1.24100000e-24 3.89700000e+00 1.23000014e-25 1.23000014e-25
3.81000000e+03 1.22800000e-24 3.87400000e+00 1.28000014e-25 1.28000014e-25
3.82000000e+03 1.14800000e-24 3.82500000e+00 1.30000014e-25 1.30000014e-25
3.83000000e+03 1.08600000e-24 3.74300000e+00 1.29000014e-25 1.29000014e-25
3.84000000e+03 1.01800000e-24 3.62600000e+00 1.21000013e-25 1.21000013e-25
3.85000000e+03 8.89000000e-25 3.50300000e+00 1.09000011e-25 1.09000011e-25
3.86000000e+03 8.31600000e-25 3.36500000e+00 9.44000095e-26 9.44000095e-26
3.87000000e+03 7.29200000e-25 3.22500000e+00 7.79000077e-26 7.79000077e-26
3.88000000e+03 6.45200000e-25 3.07700000e+00 6.22000060e-26 6.22000060e-26
3.89000000e+03 5.62500000e-25 2.91400000e+00 4.64000044e-26 4.64000044e-26
3.90000000e+03 5.04500000e-25 2.76400000e+00 3.40000032e-26 3.40000032e-26
3.91000000e+03 4.38000000e-25 2.62300000e+00 2.47000022e-26 2.47000022e-26
3.92000000e+03 3.76200000e-25 2.50800000e+00 1.78000016e-26 1.78000016e-26
3.93000000e+03 3.29000000e-25 2.43300000e+00 1.29000011e-26 1.29000011e-26
3.94000000e+03 2.83600000e-25 2.42000000e+00 9.26000079e-27 9.26000079e-27
3.95000000e+03 2.48500000e-25 2.41000000e+00 7.00000059e-27 7.00000059e-27
3.96000000e+03 2.16800000e-25 2.44500000e+00 5.36000044e-27 5.36000044e-27
3.97000000e+03 1.89500000e-25 2.49000000e+00 4.26000034e-27 4.26000034e-27
3.98000000e+03 1.65900000e-25 2.62300000e+00 3.41000027e-27 3.41000027e-27
3.99000000e+03 1.45300000e-25 2.75300000e+00 2.79000022e-27 2.79000022e-27
4.00000000e+03 1.28200000e-25 2.87100000e+00 2.37200018e-27 2.37200018e-27
4.01000000e+03 1.13200000e-25 2.98100000e+00 2.03900015e-27 2.03900015e-27
4.02000000e+03 1.00100000e-25 3.06900000e+00 1.78200013e-27 1.78200013e-27
4.03000000e+03 8.83600000e-26 3.17600000e+00 1.53100011e-27 1.53100011e-27
4.04000000e+03 7.80400000e-26 3.27000000e+00 1.29800009e-27 1.29800009e-27
4.05000000e+03 6.92200000e-26 3.33900000e+00 1.08400007e-27 1.08400007e-27
4.06000000e+03 6.11600000e-26 3.39400000e+00 9.00100061e-28 9.00100061e-28
4.07000000e+03 5.42900000e-26 3.45000000e+00 7.66500051e-28 7.66500051e-28
4.08000000e+03 4.82400000e-26 3.51100000e+00 6.47500042e-28 6.47500042e-28
4.09000000e+03 4.27800000e-26 3.57200000e+00 5.61000036e-28 5.61000036e-28
4.10000000e+03 3.78800000e-26 3.62300000e+00 4.92000031e-28 4.92000031e-28
4.11000000e+03 3.37100000e-26 3.66800000e+00 4.32500026e-28 4.32500026e-28
4.12000000e+03 2.98500000e-26 3.74200000e+00 3.80500023e-28 3.80500023e-28
4.13000000e+03 2.64900000e-26 3.80700000e+00 3.37400020e-28 3.37400020e-28
4.14000000e+03 2.35700000e-26 3.89300000e+00 2.94500017e-28 2.94500017e-28
4.15000000e+03 2.09000000e-26 3.96100000e+00 2.64100015e-28 2.64100015e-28
4.16000000e+03 1.85800000e-26 4.01900000e+00 2.38500013e-28 2.38500013e-28
4.17000000e+03 1.64700000e-26 4.10600000e+00 2.13700012e-28 2.13700012e-28
4.18000000e+03 1.46200000e-26 4.19400000e+00 1.92100010e-28 1.92100010e-28
4.19000000e+03 1.29900000e-26 4.28600000e+00 1.73400009e-28 1.73400009e-28
4.20000000e+03 1.15500000e-26 4.36400000e+00 1.57800008e-28 1.57800008e-28
4.21000000e+03 1.02800000e-26 4.44700000e+00 1.44200007e-28 1.44200007e-28
4.22000000e+03 9.14200000e-27 4.53200000e+00 1.31700006e-28 1.31700006e-28
4.23000000e+03 8.13200000e-27 4.62900000e+00 1.20300006e-28 1.20300006e-28
4.24000000e+03 7.24600000e-27 4.71900000e+00 1.10100005e-28 1.10100005e-28
4.25000000e+03 6.41800000e-27 4.81500000e+00 1.01000005e-28 1.01000005e-28
4.26000000e+03 5.72600000e-27 4.90000000e+00 9.31900043e-29 9.31900043e-29
4.27000000e+03 5.22100000e-27 4.98900000e+00 8.61100039e-29 8.61100039e-29
4.28000000e+03 4.89000000e-27 5.06700000e+00 7.99100035e-29 7.99100035e-29
4.29000000e+03 4.66600000e-27 5.16000000e+00 7.40000032e-29 7.40000032e-29
4.30000000e+03 4.44300000e-27 5.24500000e+00 6.86800029e-29 6.86800029e-29
4.31000000e+03 4.20300000e-27 5.32600000e+00 6.38400027e-29 6.38400027e-29
4.32000000e+03 3.97800000e-27 5.40600000e+00 5.95300024e-29 5.95300024e-29
4.33000000e+03 3.77000000e-27 5.47900000e+00 5.56100022e-29 5.56100022e-29
4.34000000e+03 3.57500000e-27 5.55800000e+00 5.19200020e-29 5.19200020e-29
4.35000000e+03 3.39500000e-27 5.63200000e+00 4.85500019e-29 4.85500019e-29
4.36000000e+03 3.22700000e-27 5.70200000e+00 4.54600017e-29 4.54600017e-29
4.37000000e+03 3.07000000e-27 5.77200000e+00 4.26400016e-29 4.26400016e-29
4.38000000e+03 2.92400000e-27 5.83100000e+00 4.00400015e-29 4.00400015e-29
4.39000000e+03 2.78800000e-27 5.89300000e+00 3.76100014e-29 3.76100014e-29
4.40000000e+03 2.66100000e-27 5.95300000e+00 3.53600012e-29 3.53600012e-29
4.41000000e+03 2.54300000e-27 6.00900000e+00 3.32800012e-29 3.32800012e-29
4.42000000e+03 2.43300000e-27 6.05600000e+00 3.13600011e-29 3.13600011e-29
4.43000000e+03 2.32900000e-27 6.10300000e+00 2.95700010e-29 2.95700010e-29
4.44000000e+03 2.23300000e-27 6.14300000e+00 2.79100009e-29 2.79100009e-29
4.45000000e+03 2.14300000e-27 6.18300000e+00 2.63600009e-29 2.63600009e-29
4.46000000e+03 2.05800000e-27 6.21000000e+00 2.49300008e-29 2.49300008e-29
4.47000000e+03 1.98000000e-27 6.23900000e+00 2.36000007e-29 2.36000007e-29
4.48000000e+03 1.90600000e-27 6.25800000e+00 2.23800007e-29 2.23800007e-29
4.49000000e+03 1.83700000e-27 6.26400000e+00 2.12600006e-29 2.12600006e-29
4.50000000e+03 1.77300000e-27 6.26300000e+00 2.02200006e-29 2.02200006e-29
4.51000000e+03 1.71300000e-27 6.24700000e+00 1.93000006e-29 1.93000006e-29
4.52000000e+03 1.65700000e-27 6.22900000e+00 1.84900005e-29 1.84900005e-29
4.53000000e+03 1.60500000e-27 6.20100000e+00 1.77700005e-29 1.77700005e-29
4.54000000e+03 1.55700000e-27 6.17600000e+00 1.72200005e-29 1.72200005e-29
4.55000000e+03 1.51400000e-27 6.14100000e+00 1.67700005e-29 1.67700005e-29
4.56000000e+03 1.47200000e-27 6.11000000e+00 1.65500004e-29 1.65500004e-29
4.57000000e+03 1.43500000e-27 6.09600000e+00 1.64000004e-29 1.64000004e-29
4.58000000e+03 1.40400000e-27 6.08500000e+00 1.62400004e-29 1.62400004e-29
4.59000000e+03 1.37700000e-27 6.07100000e+00 1.60500004e-29 1.60500004e-29
4.60000000e+03 1.35400000e-27 6.05000000e+00 1.56900004e-29 1.56900004e-29
4.61000000e+03 1.33200000e-27 6.05300000e+00 1.53700004e-29 1.53700004e-29
4.62000000e+03 1.30800000e-27 6.04200000e+00 1.49600004e-29 1.49600004e-29
4.63000000e+03 1.28200000e-27 6.03500000e+00 1.41700003e-29 1.41700003e-29
4.64000000e+03 1.25600000e-27 6.01800000e+00 1.33100003e-29 1.33100003e-29
4.65000000e+03 1.22700000e-27 6.00500000e+00 1.23300003e-29 1.23300003e-29
4.66000000e+03 1.19200000e-27 5.99000000e+00 1.12100003e-29 1.12100003e-29
4.67000000e+03 1.15900000e-27 5.95500000e+00 1.03900002e-29 1.03900002e-29
4.68000000e+03 1.13400000e-27 5.93100000e+00 9.92900021e-30 9.92900021e-30
4.69000000e+03 1.11400000e-27 5.88400000e+00 9.78200021e-30 9.78200021e-30
4.70000000e+03 1.09800000e-27 5.83300000e+00 9.67200020e-30 9.67200020e-30
4.71000000e+03 1.08100000e-27 5.78200000e+00 9.52900020e-30 9.52900020e-30
4.72000000e+03 1.06600000e-27 5.72400000e+00 9.04800018e-30 9.04800018e-30
4.73000000e+03 1.05500000e-27 5.66400000e+00 8.68500017e-30 8.68500017e-30
4.74000000e+03 1.04500000e-27 5.59400000e+00 8.25900016e-30 8.25900016e-30
4.75000000e+03 1.03600000e-27 5.54200000e+00 7.94400015e-30 7.94400015e-30
4.76000000e+03 1.03000000e-27 5.48400000e+00 7.68200014e-30 7.68200014e-30
4.77000000e+03 1.02600000e-27 5.42200000e+00 7.42000014e-30 7.42000014e-30
4.78000000e+03 1.02500000e-27 5.35100000e+00 7.09500013e-30 7.09500013e-30
4.79000000e+03 1.02500000e-27 5.28400000e+00 6.75900012e-30 6.75900012e-30
4.80000000e+03 1.02800000e-27 5.22200000e+00 6.49900011e-30 6.49900011e-30
4.81000000e+03 1.03300000e-27 5.14300000e+00 6.38500011e-30 6.38500011e-30
4.82000000e+03 1.04100000e-27 5.06300000e+00 6.16500011e-30 6.16500011e-30
4.83000000e+03 1.04900000e-27 4.97800000e+00 5.83700010e-30 5.83700010e-30
4.84000000e+03 1.06000000e-27 4.89600000e+00 5.65000009e-30 5.65000009e-30
4.85000000e+03 1.07500000e-27 4.81000000e+00 5.53700009e-30 5.53700009e-30
4.86000000e+03 1.09300000e-27 4.72300000e+00 5.32000008e-30 5.32000008e-30
4.87000000e+03 1.11400000e-27 4.62500000e+00 5.05300008e-30 5.05300008e-30
4.88000000e+03 1.13900000e-27 4.52500000e+00 4.92400008e-30 4.92400008e-30
4.89000000e+03 1.16600000e-27 4.43100000e+00 4.84200007e-30 4.84200007e-30
4.90000000e+03 1.19900000e-27 4.33400000e+00 4.95600007e-30 4.95600007e-30
4.91000000e+03 1.23900000e-27 4.23100000e+00 5.32400008e-30 5.32400008e-30
4.92000000e+03 1.28200000e-27 4.12300000e+00 5.84600008e-30 5.84600008e-30
4.93000000e+03 1.31600000e-27 4.02200000e+00 6.40300009e-30 6.40300009e-30
4.94000000e+03 1.35500000e-27 3.91800000e+00 6.98300010e-30 6.98300010e-30
4.95000000e+03 1.43600000e-27 3.83100000e+00 7.45100010e-30 7.45100010e-30
4.96000000e+03 1.58800000e-27 3.72600000e+00 8.37800011e-30 8.37800011e-30
4.97000000e+03 1.80700000e-27 3.62400000e+00 9.86900013e-30 9.86900013e-30
4.98000000e+03 2.06000000e-27 3.53700000e+00 1.15600002e-29 1.15600002e-29
4.99000000e+03 2.33700000e-27 3.45400000e+00 1.34700002e-29 1.34700002e-29
5.00000000e+03 2.64500000e-27 3.36700000e+00 1.67000002e-29 1.67000002e-29
5.01000000e+03 2.99600000e-27 3.27900000e+00 2.04700003e-29 2.04700003e-29
5.02000000e+03 3.39300000e-27 3.21100000e+00 2.51500003e-29 2.51500003e-29
5.03000000e+03 3.84300000e-27 3.13700000e+00 3.09200004e-29 3.09200004e-29
5.04000000e+03 4.36300000e-27 3.05600000e+00 3.87700005e-29 3.87700005e-29
5.05000000e+03 4.93500000e-27 2.96800000e+00 4.75600006e-29 4.75600006e-29
5.06000000e+03 5.60700000e-27 2.87600000e+00 6.17400007e-29 6.17400007e-29
5.07000000e+03 6.36300000e-27 2.76400000e+00 8.04900009e-29 8.04900009e-29
5.08000000e+03 7.24200000e-27 2.63800000e+00 1.07700001e-28 1.07700001e-28
5.09000000e+03 8.23000000e-27 2.48600000e+00 1.41000002e-28 1.41000002e-28
5.10000000e+03 9.41100000e-27 2.39200000e+00 1.79300002e-28 1.79300002e-28
5.11000000e+03 1.07100000e-26 2.28000000e+00 2.28500002e-28 2.28500002e-28
5.12000000e+03 1.23200000e-26 2.19300000e+00 2.97000003e-28 2.97000003e-28
5.13000000e+03 1.40200000e-26 2.08000000e+00 3.98300004e-28 3.98300004e-28
5.14000000e+03 1.60000000e-26 2.05600000e+00 5.35100005e-28 5.35100005e-28
5.15000000e+03 1.82000000e-26 2.09700000e+00 7.25600007e-28 7.25600007e-28
5.16000000e+03 2.12800000e-26 2.15500000e+00 1.01100001e-27 1.01100001e-27
5.17000000e+03 2.38600000e-26 2.23900000e+00 1.38800001e-27 1.38800001e-27
5.18000000e+03 2.78100000e-26 2.32700000e+00 1.91400002e-27 1.91400002e-27
5.19000000e+03 3.24200000e-26 2.46100000e+00 2.51200002e-27 2.51200002e-27
5.20000000e+03 3.65300000e-26 2.61700000e+00 3.25700003e-27 3.25700003e-27
5.21000000e+03 4.32300000e-26 2.75900000e+00 4.07500004e-27 4.07500004e-27
5.22000000e+03 4.74700000e-26 2.92500000e+00 4.99100004e-27 4.99100004e-27
5.23000000e+03 5.32100000e-26 3.08200000e+00 5.91400005e-27 5.91400005e-27
5.24000000e+03 5.91900000e-26 3.25300000e+00 6.63800006e-27 6.63800006e-27
5.25000000e+03 6.68100000e-26 3.36600000e+00 7.16000006e-27 7.16000006e-27
5.26000000e+03 7.10100000e-26 3.49100000e+00 7.45000006e-27 7.45000006e-27
5.27000000e+03 7.98300000e-26 3.58000000e+00 7.59000006e-27 7.59000006e-27
5.28000000e+03 8.34200000e-26 3.67000000e+00 7.54000006e-27 7.54000006e-27
5.29000000e+03 8.74100000e-26 3.73300000e+00 7.47000006e-27 7.47000006e-27
5.30000000e+03 9.43100000e-26 3.75600000e+00 7.53000006e-27 7.53000006e-27
5.31000000e+03 9.95200000e-26 3.73500000e+00 7.94000006e-27 7.94000006e-27
5.32000000e+03 1.02600000e-25 3.66300000e+00 8.46000007e-27 8.46000007e-27
5.33000000e+03 1.05500000e-25 3.61200000e+00 8.95000007e-27 8.95000007e-27
5.34000000e+03 1.09500000e-25 3.60400000e+00 9.36000007e-27 9.36000007e-27
5.35000000e+03 1.09500000e-25 3.65500000e+00 9.84000007e-27 9.84000007e-27
5.36000000e+03 1.08700000e-25 3.67100000e+00 1.02000001e-26 1.02000001e-26
5.37000000e+03 1.05600000e-25 3.68000000e+00 1.05000001e-26 1.05000001e-26
5.38000000e+03 1.02600000e-25 3.72100000e+00 1.06000001e-26 1.06000001e-26
5.39000000e+03 9.71500000e-26 3.76900000e+00 1.07000001e-26 1.07000001e-26
5.40000000e+03 9.25200000e-26 3.76900000e+00 1.07000001e-26 1.07000001e-26
5.41000000e+03 8.45200000e-26 3.71000000e+00 1.04000001e-26 1.04000001e-26
5.42000000e+03 7.95800000e-26 3.60500000e+00 9.79000007e-27 9.79000007e-27
5.43000000e+03 7.26800000e-26 3.49300000e+00 8.80000006e-27 8.80000006e-27
5.44000000e+03 6.29500000e-26 3.38300000e+00 7.66000005e-27 7.66000005e-27
5.45000000e+03 6.00300000e-26 3.23100000e+00 6.38000004e-27 6.38000004e-27
5.46000000e+03 5.00000000e-26 3.10900000e+00 5.14200003e-27 5.14200003e-27
5.47000000e+03 4.59100000e-26 2.93600000e+00 3.98200002e-27 3.98200002e-27
5.48000000e+03 3.98300000e-26 2.78100000e+00 2.94000002e-27 2.94000002e-27
5.49000000e+03 3.47900000e-26 2.64500000e+00 2.17700001e-27 2.17700001e-27
5.50000000e+03 3.05800000e-26 2.51400000e+00 1.61200001e-27 1.61200001e-27
5.51000000e+03 2.66700000e-26 2.39700000e+00 1.18500001e-27 1.18500001e-27
5.52000000e+03 2.29300000e-26 2.30400000e+00 8.96600005e-28 8.96600005e-28
5.53000000e+03 1.99500000e-26 2.23600000e+00 6.73500004e-28 6.73500004e-28
5.54000000e+03 1.74700000e-26 2.21200000e+00 5.21900003e-28 5.21900003e-28
5.55000000e+03 1.51700000e-26 2.19500000e+00 4.15700002e-28 4.15700002e-28
5.56000000e+03 1.33500000e-26 2.20400000e+00 3.45300002e-28 3.45300002e-28
5.57000000e+03 1.16500000e-26 2.24800000e+00 2.85200002e-28 2.85200002e-28
5.58000000e+03 1.02800000e-26 2.33700000e+00 2.35700001e-28 2.35700001e-28
5.59000000e+03 9.00700000e-27 2.46400000e+00 1.89100001e-28 1.89100001e-28
5.60000000e+03 7.95600000e-27 2.57500000e+00 1.51300001e-28 1.51300001e-28
5.61000000e+03 7.01500000e-27 2.71400000e+00 1.23900001e-28 1.23900001e-28
5.62000000e+03 6.19200000e-27 2.81500000e+00 1.04100001e-28 1.04100001e-28
5.63000000e+03 5.49100000e-27 2.94100000e+00 8.68000004e-29 8.68000004e-29
5.64000000e+03 4.85900000e-27 3.07200000e+00 7.19200003e-29 7.19200003e-29
5.65000000e+03 4.29700000e-27 3.17300000e+00 5.86900003e-29 5.86900003e-29
5.66000000e+03 3.79900000e-27 3.26300000e+00 4.86200002e-29 4.86200002e-29
5.67000000e+03 3.38000000e-27 3.33100000e+00 4.10100002e-29 4.10100002e-29
5.68000000e+03 3.00200000e-27 3.39800000e+00 3.47500002e-29 3.47500002e-29
5.69000000e+03 2.65900000e-27 3.47100000e+00 2.96400001e-29 2.96400001e-29
5.70000000e+03 2.36600000e-27 3.53100000e+00 2.53600001e-29 2.53600001e-29
5.71000000e+03 2.10300000e-27 3.59700000e+00 2.18400001e-29 2.18400001e-29
5.72000000e+03 1.86100000e-27 3.65700000e+00 1.92700001e-29 1.92700001e-29
5.73000000e+03 1.65500000e-27 3.73700000e+00 1.67600001e-29 1.67600001e-29
5.74000000e+03 1.46900000e-27 3.80000000e+00 1.47900001e-29 1.47900001e-29
5.75000000e+03 1.30900000e-27 3.84400000e+00 1.32800001e-29 1.32800001e-29
5.76000000e+03 1.16200000e-27 3.93200000e+00 1.15400000e-29 1.15400000e-29
5.77000000e+03 1.03200000e-27 3.99700000e+00 1.02100000e-29 1.02100000e-29
5.78000000e+03 9.19800000e-28 4.06200000e+00 9.16700004e-30 9.16700004e-30
5.79000000e+03 8.18100000e-28 4.13500000e+00 8.19900003e-30 8.19900003e-30
5.80000000e+03 7.29400000e-28 4.21400000e+00 7.25000003e-30 7.25000003e-30
5.81000000e+03 6.51600000e-28 4.30300000e+00 6.42100002e-30 6.42100002e-30
5.82000000e+03 5.78700000e-28 4.37800000e+00 5.91500002e-30 5.91500002e-30
5.83000000e+03 5.16300000e-28 4.46000000e+00 5.33100002e-30 5.33100002e-30
5.84000000e+03 4.61200000e-28 4.56300000e+00 4.78400002e-30 4.78400002e-30
5.85000000e+03 4.09600000e-28 4.64200000e+00 4.32200002e-30 4.32200002e-30
5.86000000e+03 3.65400000e-28 4.72000000e+00 3.94100001e-30 3.94100001e-30
5.87000000e+03 3.29900000e-28 4.80800000e+00 3.58700001e-30 3.58700001e-30
5.88000000e+03 3.05200000e-28 4.88500000e+00 3.26600001e-30 3.26600001e-30
5.89000000e+03 2.85600000e-28 4.97800000e+00 2.97200001e-30 2.97200001e-30
5.90000000e+03 2.68300000e-28 5.06300000e+00 2.72700001e-30 2.72700001e-30
5.91000000e+03 2.50700000e-28 5.14200000e+00 2.49600001e-30 2.49600001e-30
5.92000000e+03 2.34600000e-28 5.23400000e+00 2.29000001e-30 2.29000001e-30
5.93000000e+03 2.19400000e-28 5.31800000e+00 2.10000001e-30 2.10000001e-30
5.94000000e+03 2.05300000e-28 5.39500000e+00 1.93400001e-30 1.93400001e-30
5.95000000e+03 1.92100000e-28 5.48200000e+00 1.77500001e-30 1.77500001e-30
5.96000000e+03 1.79900000e-28 5.55300000e+00 1.63700001e-30 1.63700001e-30
5.97000000e+03 1.68600000e-28 5.62400000e+00 1.51800000e-30 1.51800000e-30
5.98000000e+03 1.58000000e-28 5.68400000e+00 1.41800000e-30 1.41800000e-30
5.99000000e+03 1.48100000e-28 5.73700000e+00 1.32400000e-30 1.32400000e-30
6.00000000e+03 1.38900000e-28 5.79200000e+00 1.24100000e-30 1.24100000e-30
6.01000000e+03 1.30400000e-28 5.84000000e+00 1.17000000e-30 1.17000000e-30
6.02000000e+03 1.22600000e-28 5.88600000e+00 1.11100000e-30 1.11100000e-30
6.03000000e+03 1.15100000e-28 5.92500000e+00 1.07200000e-30 1.07200000e-30
6.04000000e+03 1.08300000e-28 5.96900000e+00 1.03700000e-30 1.03700000e-30
6.05000000e+03 1.02000000e-28 6.01000000e+00 1.00200000e-30 1.00200000e-30
6.06000000e+03 9.61800000e-29 6.04300000e+00 9.63200003e-31 9.63200003e-31
6.07000000e+03 9.08000000e-29 6.07800000e+00 9.20400002e-31 9.20400002e-31
6.08000000e+03 8.57500000e-29 6.10900000e+00 8.70700002e-31 8.70700002e-31
6.09000000e+03 8.08000000e-29 6.14200000e+00 8.18600002e-31 8.18600002e-31
6.10000000e+03 7.62400000e-29 6.15900000e+00 7.66500002e-31 7.66500002e-31
6.11000000e+03 7.17600000e-29 6.18400000e+00 7.04500002e-31 7.04500002e-31
6.12000000e+03 6.76100000e-29 6.20100000e+00 6.42300002e-31 6.42300002e-31
6.13000000e+03 6.37000000e-29 6.20700000e+00 5.87800001e-31 5.87800001e-31
6.14000000e+03 6.00400000e-29 6.21100000e+00 5.43300001e-31 5.43300001e-31
6.15000000e+03 5.67200000e-29 6.20700000e+00 5.10500001e-31 5.10500001e-31
6.16000000e+03 5.37100000e-29 6.20400000e+00 4.87600001e-31 4.87600001e-31
6.17000000e+03 5.09700000e-29 6.18700000e+00 4.75400001e-31 4.75400001e-31
6.18000000e+03 4.84500000e-29 6.17000000e+00 4.66100001e-31 4.66100001e-31
6.19000000e+03 4.60800000e-29 6.15100000e+00 4.50000001e-31 4.50000001e-31
6.20000000e+03 4.39000000e-29 6.12600000e+00 4.27400001e-31 4.27400001e-31
6.21000000e+03 4.19200000e-29 6.09900000e+00 4.01900001e-31 4.01900001e-31
6.22000000e+03 4.01100000e-29 6.06700000e+00 3.78400001e-31 3.78400001e-31
6.23000000e+03 3.84600000e-29 6.03300000e+00 3.61100001e-31 3.61100001e-31
6.24000000e+03 3.69800000e-29 5.99200000e+00 3.51200001e-31 3.51200001e-31
6.25000000e+03 3.56800000e-29 5.95600000e+00 3.45700001e-31 3.45700001e-31
6.26000000e+03 3.45000000e-29 5.91900000e+00 3.40400001e-31 3.40400001e-31
6.27000000e+03 3.35100000e-29 5.88500000e+00 3.36800001e-31 3.36800001e-31
6.28000000e+03 3.26800000e-29 5.84700000e+00 3.29200001e-31 3.29200001e-31
6.29000000e+03 3.19500000e-29 5.81300000e+00 3.20600001e-31 3.20600001e-31
6.30000000e+03 3.13100000e-29 5.78700000e+00 3.06800001e-31 3.06800001e-31
6.31000000e+03 3.09100000e-29 5.75500000e+00 3.04400001e-31 3.04400001e-31
6.32000000e+03 3.06000000e-29 5.72500000e+00 3.02800001e-31 3.02800001e-31
6.33000000e+03 3.03900000e-29 5.68700000e+00 3.00700001e-31 3.00700001e-31
6.34000000e+03 3.03400000e-29 5.65100000e+00 3.02300001e-31 3.02300001e-31
6.35000000e+03 3.04500000e-29 5.60700000e+00 3.07100001e-31 3.07100001e-31
6.36000000e+03 3.07200000e-29 5.55700000e+00 3.15200001e-31 3.15200001e-31
6.37000000e+03 3.11600000e-29 5.51000000e+00 3.22600001e-31 3.22600001e-31
6.38000000e+03 3.17600000e-29 5.45800000e+00 3.27400001e-31 3.27400001e-31
6.39000000e+03 3.25300000e-29 5.40600000e+00 3.29400001e-31 3.29400001e-31
6.40000000e+03 3.34700000e-29 5.35000000e+00 3.17100001e-31 3.17100001e-31
6.41000000e+03 3.46700000e-29 5.29000000e+00 3.06900001e-31 3.06900001e-31
6.42000000e+03 3.60500000e-29 5.22500000e+00 3.02900001e-31 3.02900001e-31
6.43000000e+03 3.76300000e-29 5.16300000e+00 3.05100001e-31 3.05100001e-31
6.44000000e+03 3.94600000e-29 5.09400000e+00 3.18300001e-31 3.18300001e-31
6.45000000e+03 4.16200000e-29 5.01300000e+00 3.44200001e-31 3.44200001e-31
6.46000000e+03 4.39900000e-29 4.93300000e+00 3.73200001e-31 3.73200001e-31
6.47000000e+03 4.67700000e-29 4.85200000e+00 3.94900001e-31 3.94900001e-31
6.48000000e+03 4.98300000e-29 4.75600000e+00 4.11200001e-31 4.11200001e-31
6.49000000e+03 5.33600000e-29 4.66100000e+00 4.40300001e-31 4.40300001e-31
6.50000000e+03 5.72800000e-29 4.55400000e+00 4.77600001e-31 4.77600001e-31
6.51000000e+03 6.16800000e-29 4.44000000e+00 5.35300001e-31 5.35300001e-31
6.52000000e+03 6.68400000e-29 4.32600000e+00 6.20400001e-31 6.20400001e-31
6.53000000e+03 7.21400000e-29 4.19800000e+00 7.04700001e-31 7.04700001e-31
6.54000000e+03 7.86100000e-29 4.07800000e+00 8.44200001e-31 8.44200001e-31
6.55000000e+03 8.62000000e-29 3.96100000e+00 9.95700001e-31 9.95700001e-31
6.56000000e+03 9.48100000e-29 3.82300000e+00 1.29900000e-30 1.29900000e-30
6.57000000e+03 1.03200000e-28 3.71400000e+00 1.63100000e-30 1.63100000e-30
6.58000000e+03 1.13500000e-28 3.60600000e+00 1.97900000e-30 1.97900000e-30
6.59000000e+03 1.26400000e-28 3.52700000e+00 2.41400000e-30 2.41400000e-30
6.60000000e+03 1.39600000e-28 3.43000000e+00 3.21700000e-30 3.21700000e-30
6.61000000e+03 1.56700000e-28 3.34500000e+00 4.12100001e-30 4.12100001e-30
6.62000000e+03 1.74000000e-28 3.28000000e+00 5.40900001e-30 5.40900001e-30
6.63000000e+03 1.97700000e-28 3.21600000e+00 6.89100001e-30 6.89100001e-30
6.64000000e+03 2.20000000e-28 3.15100000e+00 9.13200001e-30 9.13200001e-30
6.65000000e+03 2.56300000e-28 3.05700000e+00 1.16000000e-29 1.16000000e-29
6.66000000e+03 2.93500000e-28 2.98500000e+00 1.50500000e-29 1.50500000e-29
6.67000000e+03 3.38600000e-28 2.90200000e+00 1.92700000e-29 1.92700000e-29
6.68000000e+03 3.99300000e-28 2.78600000e+00 2.47900000e-29 2.47900000e-29
6.69000000e+03 4.82800000e-28 2.69400000e+00 3.12100000e-29 3.12100000e-29
6.70000000e+03 5.71400000e-28 2.64000000e+00 4.02000000e-29 4.02000000e-29
6.71000000e+03 6.87700000e-28 2.63400000e+00 5.21300001e-29 5.21300001e-29
6.72000000e+03 8.13500000e-28 2.65500000e+00 6.80000001e-29 6.80000001e-29
6.73000000e+03 9.77900000e-28 2.66700000e+00 8.92000001e-29 8.92000001e-29
6.74000000e+03 1.13200000e-27 2.74100000e+00 1.13000000e-28 1.13000000e-28
6.75000000e+03 1.34400000e-27 2.82400000e+00 1.40000000e-28 1.40000000e-28
6.76000000e+03 1.54400000e-27 2.95500000e+00 1.70000000e-28 1.70000000e-28
6.77000000e+03 1.82000000e-27 3.06900000e+00 2.05000000e-28 2.05000000e-28
6.78000000e+03 2.20700000e-27 3.19600000e+00 2.37000000e-28 2.37000000e-28
6.79000000e+03 2.50900000e-27 3.29800000e+00 2.61000000e-28 2.61000000e-28
6.80000000e+03 2.85400000e-27 3.40800000e+00 2.77000000e-28 2.77000000e-28
6.81000000e+03 3.02600000e-27 3.50100000e+00 2.85000000e-28 2.85000000e-28
6.82000000e+03 3.27800000e-27 3.57700000e+00 2.86000000e-28 2.86000000e-28
6.83000000e+03 3.47400000e-27 3.64200000e+00 2.78000000e-28 2.78000000e-28
6.84000000e+03 3.69300000e-27 3.67300000e+00 2.72000000e-28 2.72000000e-28
6.85000000e+03 3.93000000e-27 3.71200000e+00 2.74000000e-28 2.74000000e-28
6.86000000e+03 4.10400000e-27 3.71200000e+00 2.83000000e-28 2.83000000e-28
6.87000000e+03 4.22000000e-27 3.68800000e+00 3.01000000e-28 3.01000000e-28
6.88000000e+03 4.43900000e-27 3.63200000e+00 3.22000000e-28 3.22000000e-28
6.89000000e+03 4.54500000e-27 3.59800000e+00 3.52000000e-28 3.52000000e-28
6.90000000e+03 4.77800000e-27 3.56700000e+00 3.78000000e-28 3.78000000e-28
6.91000000e+03 4.81200000e-27 3.53600000e+00 4.03000000e-28 4.03000000e-28
6.92000000e+03 5.01800000e-27 3.46100000e+00 4.21000000e-28 4.21000000e-28
6.93000000e+03 4.89900000e-27 3.39800000e+00 4.33000000e-28 4.33000000e-28
6.94000000e+03 5.07500000e-27 3.33100000e+00 4.39000000e-28 4.39000000e-28
6.95000000e+03 5.07300000e-27 3.21100000e+00 4.34000000e-28 4.34000000e-28
6.96000000e+03 5.17100000e-27 3.09900000e+00 4.25000000e-28 4.25000000e-28
6.97000000e+03 5.13100000e-27 2.94700000e+00 4.07000000e-28 4.07000000e-28
6.98000000e+03 5.25000000e-27 2.82500000e+00 3.88000000e-28 3.88000000e-28
6.99000000e+03 5.61700000e-27 2.65100000e+00 3.67000000e-28 3.67000000e-28
7.00000000e+03 5.84600000e-27 2.46700000e+00 3.56000000e-28 3.56000000e-28
7.01000000e+03 6.23900000e-27 2.33800000e+00 3.52000000e-28 3.52000000e-28
7.02000000e+03 6.69600000e-27 2.18400000e+00 3.67000000e-28 3.67000000e-28
7.03000000e+03 7.39800000e-27 2.09800000e+00 4.02000000e-28 4.02000000e-28
7.04000000e+03 8.07300000e-27 2.06100000e+00 4.64000000e-28 4.64000000e-28
7.05000000e+03 9.15000000e-27 2.03700000e+00 5.63000000e-28 5.63000000e-28
7.06000000e+03 1.00900000e-26 2.10100000e+00 6.89000001e-28 6.89000001e-28
7.07000000e+03 1.11600000e-26 2.15400000e+00 8.82000001e-28 8.82000001e-28
7.08000000e+03 1.26400000e-26 2.27900000e+00 1.11000000e-27 1.11000000e-27
7.09000000e+03 1.43900000e-26 2.39700000e+00 1.41000000e-27 1.41000000e-27
7.10000000e+03 1.64400000e-26 2.51400000e+00 1.73000000e-27 1.73000000e-27
7.11000000e+03 1.85600000e-26 2.66900000e+00 2.12000000e-27 2.12000000e-27
7.12000000e+03 2.14700000e-26 2.79900000e+00 2.57000000e-27 2.57000000e-27
7.13000000e+03 2.31700000e-26 2.94600000e+00 2.99000000e-27 2.99000000e-27
7.14000000e+03 2.71300000e-26 3.09900000e+00 3.45000000e-27 3.45000000e-27
7.15000000e+03 2.88200000e-26 3.23200000e+00 3.79000000e-27 3.79000000e-27
7.16000000e+03 2.99000000e-26 3.33100000e+00 4.09000000e-27 4.09000000e-27
7.17000000e+03 3.48900000e-26 3.40400000e+00 4.23000000e-27 4.23000000e-27
7.18000000e+03 3.58100000e-26 3.47100000e+00 4.30000000e-27 4.30000000e-27
7.19000000e+03 4.03300000e-26 3.48100000e+00 4.33000000e-27 4.33000000e-27
7.20000000e+03 4.26000000e-26 3.51600000e+00 4.35000000e-27 4.35000000e-27
7.21000000e+03 4.54300000e-26 3.53700000e+00 4.44000000e-27 4.44000000e-27
7.22000000e+03 4.84000000e-26 3.58700000e+00 4.54000000e-27 4.54000000e-27
7.23000000e+03 4.82600000e-26 3.61300000e+00 4.62000000e-27 4.62000000e-27
7.24000000e+03 5.01300000e-26 3.63700000e+00 4.67000000e-27 4.67000000e-27
7.25000000e+03 5.25200000e-26 3.70200000e+00 4.71000000e-27 4.71000000e-27
7.26000000e+03 5.27700000e-26 3.77200000e+00 4.77000000e-27 4.77000000e-27
7.27000000e+03 5.30600000e-26 3.87400000e+00 4.93000000e-27 4.93000000e-27
7.28000000e+03 5.23400000e-26 3.89800000e+00 5.19000000e-27 5.19000000e-27
7.29000000e+03 5.11100000e-26 3.88300000e+00 5.54000000e-27 5.54000000e-27
7.30000000e+03 5.13400000e-26 3.84000000e+00 5.90000000e-27 5.90000000e-27
7.31000000e+03 4.74800000e-26 3.77100000e+00 6.12000000e-27 6.12000000e-27
7.32000000e+03 4.43400000e-26 3.69200000e+00 6.15000000e-27 6.15000000e-27
7.33000000e+03 4.10900000e-26 3.56600000e+00 5.81000000e-27 5.81000000e-27
7.34000000e+03 3.60500000e-26 3.43600000e+00 5.21000000e-27 5.21000000e-27
7.35000000e+03 3.25200000e-26 3.29000000e+00 4.51000000e-27 4.51000000e-27
7.36000000e+03 2.73100000e-26 3.13300000e+00 3.69000000e-27 3.69000000e-27
7.37000000e+03 2.36900000e-26 3.00200000e+00 2.89000000e-27 2.89000000e-27
7.38000000e+03 1.92200000e-26 2.83300000e+00 2.14000000e-27 2.14000000e-27
7.39000000e+03 1.55800000e-26 2.68600000e+00 1.55000000e-27 1.55000000e-27
7.40000000e+03 1.32100000e-26 2.56500000e+00 1.11000000e-27 1.11000000e-27
7.41000000e+03 1.05800000e-26 2.49800000e+00 7.78000000e-28 7.78000000e-28
7.42000000e+03 8.51500000e-27 2.48900000e+00 5.46000000e-28 5.46000000e-28
7.43000000e+03 6.81100000e-27 2.51000000e+00 3.93000000e-28 3.93000000e-28
7.44000000e+03 5.43100000e-27 2.57500000e+00 2.93000000e-28 2.93000000e-28
7.45000000e+03 4.34800000e-27 2.69000000e+00 2.26000000e-28 2.26000000e-28
7.46000000e+03 3.51000000e-27 2.83600000e+00 1.82700000e-28 1.82700000e-28
7.47000000e+03 2.85300000e-27 2.96700000e+00 1.53700000e-28 1.53700000e-28
7.48000000e+03 2.34400000e-27 3.06700000e+00 1.32400000e-28 1.32400000e-28
7.49000000e+03 1.94900000e-27 3.15000000e+00 1.14400000e-28 1.14400000e-28
7.50000000e+03 1.64900000e-27 3.21500000e+00 9.84100000e-29 9.84100000e-29
7.51000000e+03 1.40900000e-27 3.27500000e+00 8.22600000e-29 8.22600000e-29
7.52000000e+03 1.23200000e-27 3.33300000e+00 6.83200000e-29 6.83200000e-29
7.53000000e+03 1.09800000e-27 3.36900000e+00 5.78200000e-29 5.78200000e-29
7.54000000e+03 9.86600000e-28 3.41600000e+00 4.82800000e-29 4.82800000e-29
7.55000000e+03 8.89900000e-28 3.47800000e+00 4.08100000e-29 4.08100000e-29
7.56000000e+03 8.13500000e-28 3.52600000e+00 3.57500000e-29 3.57500000e-29
7.57000000e+03 7.40900000e-28 3.56300000e+00 3.23900000e-29 3.23900000e-29
7.58000000e+03 6.80900000e-28 3.60300000e+00 2.80600000e-29 2.80600000e-29
7.59000000e+03 6.23700000e-28 3.64900000e+00 2.36500000e-29 2.36500000e-29
7.60000000e+03 5.72800000e-28 3.67800000e+00 2.00200000e-29 2.00200000e-29
7.61000000e+03 5.26700000e-28 3.69400000e+00 1.68500000e-29 1.68500000e-29
7.62000000e+03 4.86500000e-28 3.71600000e+00 1.41200000e-29 1.41200000e-29
7.63000000e+03 4.48200000e-28 3.74000000e+00 1.19600000e-29 1.19600000e-29
7.64000000e+03 4.16900000e-28 3.76100000e+00 1.02900000e-29 1.02900000e-29
7.65000000e+03 3.84100000e-28 3.80000000e+00 8.71200000e-30 8.71200000e-30
7.66000000e+03 3.57300000e-28 3.83100000e+00 7.60200000e-30 7.60200000e-30
7.67000000e+03 3.30400000e-28 3.87400000e+00 6.49400000e-30 6.49400000e-30
7.68000000e+03 3.06500000e-28 3.94200000e+00 5.58800000e-30 5.58800000e-30
7.69000000e+03 2.85100000e-28 4.00500000e+00 4.80200000e-30 4.80200000e-30
7.70000000e+03 2.63400000e-28 4.09900000e+00 4.18400000e-30 4.18400000e-30
7.71000000e+03 2.44800000e-28 4.19300000e+00 3.62600000e-30 3.62600000e-30
7.72000000e+03 2.27500000e-28 4.29000000e+00 3.18000000e-30 3.18000000e-30
7.73000000e+03 2.11400000e-28 4.38700000e+00 2.81900000e-30 2.81900000e-30
7.74000000e+03 1.96500000e-28 4.49700000e+00 2.48700000e-30 2.48700000e-30
7.75000000e+03 1.83000000e-28 4.61700000e+00 2.19700000e-30 2.19700000e-30
7.76000000e+03 1.70700000e-28 4.71500000e+00 1.95100000e-30 1.95100000e-30
7.77000000e+03 1.59100000e-28 4.80500000e+00 1.74600000e-30 1.74600000e-30
7.78000000e+03 1.48400000e-28 4.89400000e+00 1.57400000e-30 1.57400000e-30
7.79000000e+03 1.38600000e-28 4.99100000e+00 1.41500000e-30 1.41500000e-30
7.80000000e+03 1.29400000e-28 5.08400000e+00 1.27500000e-30 1.27500000e-30
7.81000000e+03 1.20900000e-28 5.16100000e+00 1.15600000e-30 1.15600000e-30
7.82000000e+03 1.13100000e-28 5.23600000e+00 1.05400000e-30 1.05400000e-30
7.83000000e+03 1.05600000e-28 5.30000000e+00 9.63200000e-31 9.63200000e-31
7.84000000e+03 9.90100000e-29 5.36800000e+00 8.89800000e-31 8.89800000e-31
7.85000000e+03 9.26300000e-29 5.45400000e+00 8.14200000e-31 8.14200000e-31
7.86000000e+03 8.68000000e-29 5.52900000e+00 7.47300000e-31 7.47300000e-31
7.87000000e+03 8.13700000e-29 5.58900000e+00 6.88700000e-31 6.88700000e-31
7.88000000e+03 7.62700000e-29 5.65400000e+00 6.35200000e-31 6.35200000e-31
7.89000000e+03 7.15800000e-29 5.71400000e+00 5.86300000e-31 5.86300000e-31
7.90000000e+03 6.71500000e-29 5.78600000e+00 5.41900000e-31 5.41900000e-31
7.91000000e+03 6.30500000e-29 5.83800000e+00 5.01700000e-31 5.01700000e-31
7.92000000e+03 5.92700000e-29 5.88600000e+00 4.63200000e-31 4.63200000e-31
7.93000000e+03 5.56800000e-29 5.94700000e+00 4.29700000e-31 4.29700000e-31
7.94000000e+03 5.24200000e-29 5.98700000e+00 3.99400000e-31 3.99400000e-31
7.95000000e+03 4.93500000e-29 6.03200000e+00 3.72900000e-31 3.72900000e-31
7.96000000e+03 4.64800000e-29 6.07100000e+00 3.48800000e-31 3.48800000e-31
7.97000000e+03 4.38300000e-29 6.09900000e+00 3.26200000e-31 3.26200000e-31
7.98000000e+03 4.13700000e-29 6.12200000e+00 3.05200000e-31 3.05200000e-31
7.99000000e+03 3.90900000e-29 6.13600000e+00 2.85400000e-31 2.85400000e-31
8.00000000e+03 3.69700000e-29 6.14700000e+00 2.66600000e-31 2.66600000e-31
8.01000000e+03 3.50000000e-29 6.15100000e+00 2.50700000e-31 2.50700000e-31
8.02000000e+03 3.32100000e-29 6.14400000e+00 2.38000000e-31 2.38000000e-31
8.03000000e+03 3.15600000e-29 6.12900000e+00 2.28400000e-31 2.28400000e-31
8.04000000e+03 3.00600000e-29 6.10400000e+00 2.21800000e-31 2.21800000e-31
8.05000000e+03 2.86800000e-29 6.06300000e+00 2.18800000e-31 2.18800000e-31
8.06000000e+03 2.74500000e-29 6.00800000e+00 2.18600000e-31 2.18600000e-31
8.07000000e+03 2.63800000e-29 5.93600000e+00 2.27400000e-31 2.27400000e-31
8.08000000e+03 2.54500000e-29 5.83500000e+00 2.41100000e-31 2.41100000e-31
8.09000000e+03 2.46900000e-29 5.71300000e+00 2.63200000e-31 2.63200000e-31
8.10000000e+03 2.40500000e-29 5.57200000e+00 2.94600000e-31 2.94600000e-31
8.11000000e+03 2.36900000e-29 5.40400000e+00 3.37700000e-31 3.37700000e-31
8.12000000e+03 2.34400000e-29 5.22500000e+00 4.13600000e-31 4.13600000e-31
8.13000000e+03 2.35000000e-29 5.04200000e+00 5.09100000e-31 5.09100000e-31
8.14000000e+03 2.37100000e-29 4.88000000e+00 6.50000000e-31 6.50000000e-31
8.15000000e+03 2.49100000e-29 4.71800000e+00 8.02900000e-31 8.02900000e-31
8.16000000e+03 2.53500000e-29 4.57600000e+00 1.06000000e-30 1.06000000e-30
8.17000000e+03 2.73000000e-29 4.46000000e+00 1.35300000e-30 1.35300000e-30
8.18000000e+03 3.06700000e-29 4.35500000e+00 1.68700000e-30 1.68700000e-30
8.19000000e+03 3.32200000e-29 4.23400000e+00 2.03200000e-30 2.03200000e-30
8.20000000e+03 3.63000000e-29 4.11100000e+00 2.29700000e-30 2.29700000e-30
8.21000000e+03 4.04500000e-29 3.97500000e+00 2.61400000e-30 2.61400000e-30
8.22000000e+03 4.52400000e-29 3.88800000e+00 3.01200000e-30 3.01200000e-30
8.23000000e+03 4.98100000e-29 3.76600000e+00 3.33300000e-30 3.33300000e-30
8.24000000e+03 5.61300000e-29 3.68300000e+00 3.59800000e-30 3.59800000e-30
8.25000000e+03 6.05100000e-29 3.63300000e+00 3.81700000e-30 3.81700000e-30
8.26000000e+03 6.53800000e-29 3.63700000e+00 3.97600000e-30 3.97600000e-30
8.27000000e+03 6.89200000e-29 3.66900000e+00 4.09400000e-30 4.09400000e-30
8.28000000e+03 7.60100000e-29 3.70200000e+00 5.07000000e-30 5.07000000e-30
8.29000000e+03 8.19400000e-29 3.73900000e+00 6.52000000e-30 6.52000000e-30
8.30000000e+03 8.80600000e-29 3.80400000e+00 8.37600000e-30 8.37600000e-30
8.31000000e+03 9.45000000e-29 3.87000000e+00 9.52200000e-30 9.52200000e-30
8.32000000e+03 9.74500000e-29 3.91600000e+00 9.70400000e-30 9.70400000e-30
8.33000000e+03 1.00900000e-28 3.94800000e+00 1.01100000e-29 1.01100000e-29
8.34000000e+03 1.01700000e-28 3.94300000e+00 1.01700000e-29 1.01700000e-29
8.35000000e+03 1.03900000e-28 3.97100000e+00 9.62900000e-30 9.62900000e-30
8.36000000e+03 1.06100000e-28 3.98000000e+00 8.52700000e-30 8.52700000e-30
8.37000000e+03 1.07600000e-28 3.98200000e+00 8.05400000e-30 8.05400000e-30
8.38000000e+03 1.08600000e-28 3.96700000e+00 8.26900000e-30 8.26900000e-30
8.39000000e+03 1.11100000e-28 3.95000000e+00 9.01900000e-30 9.01900000e-30
8.40000000e+03 1.14200000e-28 3.94700000e+00 1.02300000e-29 1.02300000e-29
8.41000000e+03 1.16000000e-28 3.92000000e+00 1.18100000e-29 1.18100000e-29
8.42000000e+03 1.17400000e-28 3.88800000e+00 1.24500000e-29 1.24500000e-29
8.43000000e+03 1.18000000e-28 3.81900000e+00 1.22600000e-29 1.22600000e-29
8.44000000e+03 1.18700000e-28 3.75600000e+00 1.18200000e-29 1.18200000e-29
8.45000000e+03 1.19400000e-28 3.68900000e+00 1.10900000e-29 1.10900000e-29
8.46000000e+03 1.19200000e-28 3.61800000e+00 9.83500000e-30 9.83500000e-30
8.47000000e+03 1.22400000e-28 3.52300000e+00 9.04400000e-30 9.04400000e-30
8.48000000e+03 1.24500000e-28 3.40500000e+00 8.15700000e-30 8.15700000e-30
8.49000000e+03 1.24600000e-28 3.30300000e+00 7.18400000e-30 7.18400000e-30
8.50000000e+03 1.31800000e-28 3.20600000e+00 6.29500000e-30 6.29500000e-30
8.51000000e+03 1.37700000e-28 3.09800000e+00 5.48000000e-30 5.48000000e-30
8.52000000e+03 1.47100000e-28 2.96300000e+00 4.89500000e-30 4.89500000e-30
8.53000000e+03 1.58200000e-28 2.81600000e+00 4.52000000e-30 4.52000000e-30
8.54000000e+03 1.71300000e-28 2.66700000e+00 4.48500000e-30 4.48500000e-30
8.55000000e+03 1.85300000e-28 2.52100000e+00 4.57400000e-30 4.57400000e-30
8.56000000e+03 2.06300000e-28 2.39000000e+00 4.85600000e-30 4.85600000e-30
8.57000000e+03 2.27000000e-28 2.26100000e+00 5.35600000e-30 5.35600000e-30
8.58000000e+03 2.56700000e-28 2.13500000e+00 6.40600000e-30 6.40600000e-30
8.59000000e+03 2.89100000e-28 2.03100000e+00 8.01300000e-30 8.01300000e-30
8.60000000e+03 3.26400000e-28 1.98800000e+00 1.00600000e-29 1.00600000e-29
8.61000000e+03 3.74400000e-28 1.99500000e+00 1.23600000e-29 1.23600000e-29
8.62000000e+03 4.28600000e-28 2.04400000e+00 1.56800000e-29 1.56800000e-29
8.63000000e+03 4.91500000e-28 2.10500000e+00 2.11800000e-29 2.11800000e-29
8.64000000e+03 5.62300000e-28 2.18900000e+00 2.95500000e-29 2.95500000e-29
8.65000000e+03 6.33600000e-28 2.31500000e+00 4.23100000e-29 4.23100000e-29
8.66000000e+03 7.29300000e-28 2.44500000e+00 5.82700000e-29 5.82700000e-29
8.67000000e+03 8.30900000e-28 2.59200000e+00 7.81900000e-29 7.81900000e-29
8.68000000e+03 9.31900000e-28 2.74500000e+00 1.00900000e-28 1.00900000e-28
8.69000000e+03 1.09100000e-27 2.90700000e+00 1.24000000e-28 1.24000000e-28
8.70000000e+03 1.24300000e-27 3.07000000e+00 1.46000000e-28 1.46000000e-28
8.71000000e+03 1.34800000e-27 3.23100000e+00 1.64000000e-28 1.64000000e-28
8.72000000e+03 1.44900000e-27 3.34000000e+00 1.79000000e-28 1.79000000e-28
8.73000000e+03 1.62000000e-27 3.45000000e+00 1.87000000e-28 1.87000000e-28
8.74000000e+03 1.84600000e-27 3.54700000e+00 1.93000000e-28 1.93000000e-28
8.75000000e+03 1.93700000e-27 3.61700000e+00 1.93000000e-28 1.93000000e-28
8.76000000e+03 2.04000000e-27 3.68200000e+00 1.93000000e-28 1.93000000e-28
8.77000000e+03 2.17900000e-27 3.68300000e+00 1.95000000e-28 1.95000000e-28
8.78000000e+03 2.29800000e-27 3.65300000e+00 2.07000000e-28 2.07000000e-28
8.79000000e+03 2.43300000e-27 3.57700000e+00 2.23000000e-28 2.23000000e-28
8.80000000e+03 2.43900000e-27 3.55800000e+00 2.34000000e-28 2.34000000e-28
8.81000000e+03 2.46400000e-27 3.57200000e+00 2.44000000e-28 2.44000000e-28
8.82000000e+03 2.61100000e-27 3.59700000e+00 2.55000000e-28 2.55000000e-28
8.83000000e+03 2.61700000e-27 3.64800000e+00 2.67000000e-28 2.67000000e-28
8.84000000e+03 2.58200000e-27 3.69300000e+00 2.76000000e-28 2.76000000e-28
8.85000000e+03 2.45300000e-27 3.77200000e+00 2.81000000e-28 2.81000000e-28
8.86000000e+03 2.40100000e-27 3.80100000e+00 2.90000000e-28 2.90000000e-28
8.87000000e+03 2.34900000e-27 3.77200000e+00 2.94000000e-28 2.94000000e-28
8.88000000e+03 2.20300000e-27 3.70300000e+00 2.91000000e-28 2.91000000e-28
8.89000000e+03 2.06600000e-27 3.59700000e+00 2.77000000e-28 2.77000000e-28
8.90000000e+03 1.93900000e-27 3.45900000e+00 2.52000000e-28 2.52000000e-28
8.91000000e+03 1.78000000e-27 3.33500000e+00 2.21000000e-28 2.21000000e-28
8.92000000e+03 1.55800000e-27 3.18900000e+00 1.84000000e-28 1.84000000e-28
8.93000000e+03 1.39100000e-27 3.05400000e+00 1.49000000e-28 1.49000000e-28
8.94000000e+03 1.20300000e-27 2.90100000e+00 1.15000000e-28 1.15000000e-28
8.95000000e+03 1.04800000e-27 2.75600000e+00 8.64000000e-29 8.64000000e-29
8.96000000e+03 9.46400000e-28 2.62900000e+00 6.44000000e-29 6.44000000e-29
8.97000000e+03 8.30600000e-28 2.51900000e+00 4.79000000e-29 4.79000000e-29
8.98000000e+03 7.23900000e-28 2.41500000e+00 3.64000000e-29 3.64000000e-29
8.99000000e+03 6.31700000e-28 2.37900000e+00 2.75000000e-29 2.75000000e-29
9.00000000e+03 5.52000000e-28 2.39100000e+00 2.14000000e-29 2.14000000e-29
9.01000000e+03 4.84700000e-28 2.43300000e+00 1.75000000e-29 1.75000000e-29
9.02000000e+03 4.28200000e-28 2.48500000e+00 1.48000000e-29 1.48000000e-29
9.03000000e+03 3.79600000e-28 2.61200000e+00 1.30000000e-29 1.30000000e-29
9.04000000e+03 3.37700000e-28 2.78700000e+00 1.16000000e-29 1.16000000e-29
9.05000000e+03 2.99600000e-28 2.91300000e+00 1.05400000e-29 1.05400000e-29
9.06000000e+03 2.67800000e-28 3.03300000e+00 9.54100000e-30 9.54100000e-30
9.07000000e+03 2.40000000e-28 3.11000000e+00 8.55100000e-30 8.55100000e-30
9.08000000e+03 2.13400000e-28 3.18500000e+00 7.60200000e-30 7.60200000e-30
9.09000000e+03 1.90400000e-28 3.21000000e+00 6.70600000e-30 6.70600000e-30
9.10000000e+03 1.70500000e-28 3.25400000e+00 5.72500000e-30 5.72500000e-30
9.11000000e+03 1.52300000e-28 3.28600000e+00 4.69500000e-30 4.69500000e-30
9.12000000e+03 1.35000000e-28 3.31600000e+00 3.98000000e-30 3.98000000e-30
9.13000000e+03 1.20400000e-28 3.33400000e+00 3.54700000e-30 3.54700000e-30
9.14000000e+03 1.07000000e-28 3.37600000e+00 3.19500000e-30 3.19500000e-30
9.15000000e+03 9.40800000e-29 3.42200000e+00 2.93300000e-30 2.93300000e-30
9.16000000e+03 8.47600000e-29 3.44300000e+00 2.55300000e-30 2.55300000e-30
9.17000000e+03 7.47000000e-29 3.47100000e+00 2.07700000e-30 2.07700000e-30
9.18000000e+03 6.67900000e-29 3.49200000e+00 1.70600000e-30 1.70600000e-30
9.19000000e+03 5.92900000e-29 3.49600000e+00 1.38900000e-30 1.38900000e-30
9.20000000e+03 5.26700000e-29 3.49100000e+00 1.18800000e-30 1.18800000e-30
9.21000000e+03 4.71100000e-29 3.49100000e+00 1.02300000e-30 1.02300000e-30
9.22000000e+03 4.17200000e-29 3.48100000e+00 8.59800000e-31 8.59800000e-31
9.23000000e+03 3.76100000e-29 3.46000000e+00 7.24100000e-31 7.24100000e-31
9.24000000e+03 3.28800000e-29 3.47500000e+00 5.92300000e-31 5.92300000e-31
9.25000000e+03 2.92900000e-29 3.46600000e+00 4.89100000e-31 4.89100000e-31
9.26000000e+03 2.60900000e-29 3.47100000e+00 4.05500000e-31 4.05500000e-31
9.27000000e+03 2.31500000e-29 3.48500000e+00 3.49600000e-31 3.49600000e-31
9.28000000e+03 2.04200000e-29 3.48200000e+00 2.93000000e-31 2.93000000e-31
9.29000000e+03 1.84400000e-29 3.54800000e+00 2.45500000e-31 2.45500000e-31
9.30000000e+03 1.64000000e-29 3.56600000e+00 2.15800000e-31 2.15800000e-31
9.31000000e+03 1.47000000e-29 3.64300000e+00 1.83400000e-31 1.83400000e-31
9.32000000e+03 1.31000000e-29 3.74800000e+00 1.56000000e-31 1.56000000e-31
9.33000000e+03 1.17600000e-29 3.80000000e+00 1.37800000e-31 1.37800000e-31
9.34000000e+03 1.04900000e-29 3.95600000e+00 1.15300000e-31 1.15300000e-31
9.35000000e+03 9.37700000e-30 4.06800000e+00 9.81600000e-32 9.81600000e-32
9.36000000e+03 8.46200000e-30 4.22300000e+00 8.43600000e-32 8.43600000e-32
9.37000000e+03 7.61600000e-30 4.35700000e+00 7.37100000e-32 7.37100000e-32
9.38000000e+03 6.81800000e-30 4.50600000e+00 6.37400000e-32 6.37400000e-32
9.39000000e+03 6.11900000e-30 4.63400000e+00 5.45200000e-32 5.45200000e-32
9.40000000e+03 5.55800000e-30 4.75200000e+00 4.76600000e-32 4.76600000e-32
9.41000000e+03 5.15200000e-30 4.83900000e+00 4.15300000e-32 4.15300000e-32
9.42000000e+03 4.83200000e-30 4.89000000e+00 3.70300000e-32 3.70300000e-32
9.43000000e+03 4.54600000e-30 4.95000000e+00 3.27700000e-32 3.27700000e-32
9.44000000e+03 4.26700000e-30 5.03400000e+00 2.90800000e-32 2.90800000e-32
9.45000000e+03 4.00900000e-30 5.11300000e+00 2.57500000e-32 2.57500000e-32
9.46000000e+03 3.77000000e-30 5.17600000e+00 2.32600000e-32 2.32600000e-32
9.47000000e+03 3.54600000e-30 5.22800000e+00 2.10400000e-32 2.10400000e-32
9.48000000e+03 3.34000000e-30 5.38300000e+00 1.90500000e-32 1.90500000e-32
9.49000000e+03 3.14900000e-30 5.52300000e+00 1.73000000e-32 1.73000000e-32
9.50000000e+03 2.97100000e-30 5.62000000e+00 1.58600000e-32 1.58600000e-32
9.51000000e+03 2.80500000e-30 5.70500000e+00 1.45000000e-32 1.45000000e-32
9.52000000e+03 2.65200000e-30 5.77500000e+00 1.34500000e-32 1.34500000e-32
9.53000000e+03 2.50900000e-30 5.82300000e+00 1.25000000e-32 1.25000000e-32
9.54000000e+03 2.37700000e-30 5.88500000e+00 1.16400000e-32 1.16400000e-32
9.55000000e+03 2.25500000e-30 5.93100000e+00 1.09200000e-32 1.09200000e-32
9.56000000e+03 2.14200000e-30 5.96000000e+00 1.04500000e-32 1.04500000e-32
9.57000000e+03 2.03800000e-30 5.98500000e+00 1.00900000e-32 1.00900000e-32
9.58000000e+03 1.94300000e-30 6.00600000e+00 1.00500000e-32 1.00500000e-32
9.59000000e+03 1.85500000e-30 6.01900000e+00 9.95100000e-33 9.95100000e-33
9.60000000e+03 1.77600000e-30 6.02100000e+00 1.00500000e-32 1.00500000e-32
9.61000000e+03 1.70300000e-30 6.01500000e+00 1.05900000e-32 1.05900000e-32
9.62000000e+03 1.64000000e-30 5.99700000e+00 1.14300000e-32 1.14300000e-32
9.63000000e+03 1.58600000e-30 5.95400000e+00 1.26000000e-32 1.26000000e-32
9.64000000e+03 1.53600000e-30 5.90100000e+00 1.36300000e-32 1.36300000e-32
9.65000000e+03 1.49400000e-30 5.81700000e+00 1.43200000e-32 1.43200000e-32
9.66000000e+03 1.46600000e-30 5.71600000e+00 1.56900000e-32 1.56900000e-32
9.67000000e+03 1.44600000e-30 5.55400000e+00 1.75800000e-32 1.75800000e-32
9.68000000e+03 1.44000000e-30 5.38900000e+00 1.99800000e-32 1.99800000e-32
9.69000000e+03 1.43900000e-30 5.18000000e+00 2.32600000e-32 2.32600000e-32
9.70000000e+03 1.45500000e-30 4.95100000e+00 2.70500000e-32 2.70500000e-32
9.71000000e+03 1.46100000e-30 4.77200000e+00 3.33300000e-32 3.33300000e-32
9.72000000e+03 1.47900000e-30 4.64600000e+00 4.11200000e-32 4.11200000e-32
9.73000000e+03 1.51400000e-30 4.55100000e+00 5.40100000e-32 5.40100000e-32
9.74000000e+03 1.53800000e-30 4.42400000e+00 7.50800000e-32 7.50800000e-32
9.75000000e+03 1.59000000e-30 4.38900000e+00 1.02000000e-31 1.02000000e-31
9.76000000e+03 1.65200000e-30 4.41000000e+00 1.36800000e-31 1.36800000e-31
9.77000000e+03 1.75000000e-30 4.45700000e+00 1.61300000e-31 1.61300000e-31
9.78000000e+03 1.81100000e-30 4.47100000e+00 1.69600000e-31 1.69600000e-31
9.79000000e+03 1.88000000e-30 4.47300000e+00 1.72700000e-31 1.72700000e-31
9.80000000e+03 1.93300000e-30 4.54500000e+00 1.79200000e-31 1.79200000e-31
9.81000000e+03 2.02700000e-30 4.60500000e+00 1.77800000e-31 1.77800000e-31
9.82000000e+03 2.07800000e-30 4.64400000e+00 1.66200000e-31 1.66200000e-31
9.83000000e+03 2.17000000e-30 4.65200000e+00 1.50200000e-31 1.50200000e-31
9.84000000e+03 2.24900000e-30 4.66900000e+00 1.48900000e-31 1.48900000e-31
9.85000000e+03 2.32300000e-30 4.66600000e+00 1.56200000e-31 1.56200000e-31
9.86000000e+03 2.40800000e-30 4.63900000e+00 1.66500000e-31 1.66500000e-31
9.87000000e+03 2.46100000e-30 4.60300000e+00 1.81400000e-31 1.81400000e-31
9.88000000e+03 2.53600000e-30 4.53100000e+00 2.00200000e-31 2.00200000e-31
9.89000000e+03 2.58100000e-30 4.49300000e+00 2.31800000e-31 2.31800000e-31
9.90000000e+03 2.61500000e-30 4.44900000e+00 2.70000000e-31 2.70000000e-31
9.91000000e+03 2.72100000e-30 4.41100000e+00 2.76300000e-31 2.76300000e-31
9.92000000e+03 2.78200000e-30 4.36100000e+00 2.34300000e-31 2.34300000e-31
9.93000000e+03 2.86600000e-30 4.30400000e+00 1.95100000e-31 1.95100000e-31
9.94000000e+03 2.93800000e-30 4.26900000e+00 1.60800000e-31 1.60800000e-31
9.95000000e+03 2.95800000e-30 4.21200000e+00 1.42200000e-31 1.42200000e-31
9.96000000e+03 3.01100000e-30 4.17000000e+00 1.32100000e-31 1.32100000e-31
9.97000000e+03 3.15500000e-30 4.15200000e+00 1.33000000e-31 1.33000000e-31
9.98000000e+03 3.23700000e-30 4.13300000e+00 1.19000000e-31 1.19000000e-31
9.99000000e+03 3.58900000e-30 4.11900000e+00 1.13000000e-31 1.13000000e-31
1.00000000e+04 3.83800000e-30 4.10000000e+00 1.01600000e-31 1.01600000e-31
1.00100000e+04 4.08300000e-30 4.10500000e+00 9.03800000e-32 9.03800000e-32
1.00200000e+04 4.35400000e-30 4.09600000e+00 7.96500000e-32 7.96500000e-32
1.00300000e+04 4.74500000e-30 4.04200000e+00 7.89400000e-32 7.89400000e-32
1.00400000e+04 5.14800000e-30 3.96400000e+00 8.26500000e-32 8.26500000e-32
1.00500000e+04 5.64800000e-30 3.87600000e+00 9.27300000e-32 9.27300000e-32
1.00600000e+04 6.19400000e-30 3.77900000e+00 1.05800000e-31 1.05800000e-31
1.00700000e+04 6.74800000e-30 3.65200000e+00 1.21900000e-31 1.21900000e-31
1.00800000e+04 7.56600000e-30 3.51300000e+00 1.54800000e-31 1.54800000e-31
1.00900000e+04 8.42100000e-30 3.35900000e+00 1.83300000e-31 1.83300000e-31
1.01000000e+04 9.42700000e-30 3.20100000e+00 2.26400000e-31 2.26400000e-31
1.01100000e+04 1.04200000e-29 3.07500000e+00 2.88400000e-31 2.88400000e-31
1.01200000e+04 1.16500000e-29 2.93500000e+00 3.65900000e-31 3.65900000e-31
1.01300000e+04 1.34100000e-29 2.77500000e+00 4.77600000e-31 4.77600000e-31
1.01400000e+04 1.51800000e-29 2.68200000e+00 6.27100000e-31 6.27100000e-31
1.01500000e+04 1.68600000e-29 2.60100000e+00 7.95800000e-31 7.95800000e-31
1.01600000e+04 2.03600000e-29 2.61300000e+00 1.03200000e-30 1.03200000e-30
1.01700000e+04 2.36200000e-29 2.64000000e+00 1.33800000e-30 1.33800000e-30
1.01800000e+04 2.81100000e-29 2.66300000e+00 1.80200000e-30 1.80200000e-30
1.01900000e+04 3.29600000e-29 2.73000000e+00 2.36600000e-30 2.36600000e-30
1.02000000e+04 4.07000000e-29 2.82000000e+00 2.93300000e-30 2.93300000e-30
1.02100000e+04 4.69500000e-29 2.93600000e+00 3.92300000e-30 3.92300000e-30
1.02200000e+04 6.15200000e-29 3.05200000e+00 5.50400000e-30 5.50400000e-30
1.02300000e+04 7.57200000e-29 3.14900000e+00 7.65200000e-30 7.65200000e-30
1.02400000e+04 9.55700000e-29 3.24300000e+00 9.57200000e-30 9.57200000e-30
1.02500000e+04 1.13500000e-28 3.32200000e+00 1.09700000e-29 1.09700000e-29
1.02600000e+04 1.27900000e-28 3.39400000e+00 1.12600000e-29 1.12600000e-29
1.02700000e+04 1.36400000e-28 3.44100000e+00 1.11300000e-29 1.11300000e-29
1.02800000e+04 1.43600000e-28 3.47900000e+00 1.09000000e-29 1.09000000e-29
1.02900000e+04 1.54000000e-28 3.44900000e+00 1.07000000e-29 1.07000000e-29
1.03000000e+04 1.67200000e-28 3.42300000e+00 1.07000000e-29 1.07000000e-29
1.03100000e+04 1.79300000e-28 3.38800000e+00 1.12000000e-29 1.12000000e-29
1.03200000e+04 1.90600000e-28 3.33100000e+00 1.21000000e-29 1.21000000e-29
1.03300000e+04 2.03600000e-28 3.25300000e+00 1.33000000e-29 1.33000000e-29
1.03400000e+04 2.14400000e-28 3.15300000e+00 1.48000000e-29 1.48000000e-29
1.03500000e+04 2.29200000e-28 3.10900000e+00 1.64000000e-29 1.64000000e-29
1.03600000e+04 2.37100000e-28 3.05000000e+00 1.79000000e-29 1.79000000e-29
1.03700000e+04 2.49300000e-28 2.95200000e+00 1.94000000e-29 1.94000000e-29
1.03800000e+04 2.60600000e-28 2.86400000e+00 2.05000000e-29 2.05000000e-29
1.03900000e+04 2.70600000e-28 2.80800000e+00 2.17000000e-29 2.17000000e-29
1.04000000e+04 2.86600000e-28 2.70800000e+00 2.28000000e-29 2.28000000e-29
1.04100000e+04 3.03600000e-28 2.65700000e+00 2.40000000e-29 2.40000000e-29
1.04200000e+04 3.13600000e-28 2.59400000e+00 2.53000000e-29 2.53000000e-29
1.04300000e+04 3.40500000e-28 2.55400000e+00 2.74000000e-29 2.74000000e-29
1.04400000e+04 3.66500000e-28 2.54300000e+00 3.03000000e-29 3.03000000e-29
1.04500000e+04 3.83700000e-28 2.54900000e+00 3.42000000e-29 3.42000000e-29
1.04600000e+04 4.22900000e-28 2.62300000e+00 3.87000000e-29 3.87000000e-29
1.04700000e+04 4.74800000e-28 2.70800000e+00 4.47000000e-29 4.47000000e-29
1.04800000e+04 5.32000000e-28 2.79800000e+00 5.19000000e-29 5.19000000e-29
1.04900000e+04 5.76300000e-28 2.90900000e+00 5.91000000e-29 5.91000000e-29
1.05000000e+04 6.67700000e-28 3.03900000e+00 6.77000000e-29 6.77000000e-29
1.05100000e+04 7.21600000e-28 3.16100000e+00 7.50000000e-29 7.50000000e-29
1.05200000e+04 7.71600000e-28 3.24400000e+00 8.28000000e-29 8.28000000e-29
1.05300000e+04 8.95800000e-28 3.29300000e+00 8.83000000e-29 8.83000000e-29
1.05400000e+04 9.41900000e-28 3.35800000e+00 9.36000000e-29 9.36000000e-29
1.05500000e+04 1.03600000e-27 3.38900000e+00 9.91000000e-29 9.91000000e-29
1.05600000e+04 1.10800000e-27 3.42400000e+00 1.03000000e-28 1.03000000e-28
1.05700000e+04 1.18900000e-27 3.48900000e+00 1.09000000e-28 1.09000000e-28
1.05800000e+04 1.24600000e-27 3.55900000e+00 1.14000000e-28 1.14000000e-28
1.05900000e+04 1.34800000e-27 3.60100000e+00 1.17000000e-28 1.17000000e-28
1.06000000e+04 1.31000000e-27 3.64100000e+00 1.18000000e-28 1.18000000e-28
1.06100000e+04 1.36100000e-27 3.70700000e+00 1.18000000e-28 1.18000000e-28
1.06200000e+04 1.36400000e-27 3.79100000e+00 1.18000000e-28 1.18000000e-28
1.06300000e+04 1.36300000e-27 3.87900000e+00 1.21000000e-28 1.21000000e-28
1.06400000e+04 1.34300000e-27 3.90200000e+00 1.26000000e-28 1.26000000e-28
1.06500000e+04 1.29300000e-27 3.87300000e+00 1.35000000e-28 1.35000000e-28
1.06600000e+04 1.25400000e-27 3.81100000e+00 1.43000000e-28 1.43000000e-28
1.06700000e+04 1.23500000e-27 3.72600000e+00 1.49000000e-28 1.49000000e-28
1.06800000e+04 1.15800000e-27 3.63700000e+00 1.49000000e-28 1.49000000e-28
1.06900000e+04 1.10700000e-27 3.51900000e+00 1.40000000e-28 1.40000000e-28
1.07000000e+04 9.96100000e-28 3.35700000e+00 1.25000000e-28 1.25000000e-28
1.07100000e+04 9.01100000e-28 3.20500000e+00 1.07000000e-28 1.07000000e-28
1.07200000e+04 7.91000000e-28 3.05500000e+00 8.61000000e-29 8.61000000e-29
1.07300000e+04 6.91600000e-28 2.89800000e+00 6.57000000e-29 6.57000000e-29
1.07400000e+04 6.33800000e-28 2.73700000e+00 4.80000000e-29 4.80000000e-29
1.07500000e+04 5.56400000e-28 2.61200000e+00 3.47000000e-29 3.47000000e-29
1.07600000e+04 4.82700000e-28 2.54300000e+00 2.47000000e-29 2.47000000e-29
1.07700000e+04 4.19800000e-28 2.53100000e+00 1.78000000e-29 1.78000000e-29
1.07800000e+04 3.69500000e-28 2.58900000e+00 1.33000000e-29 1.33000000e-29
1.07900000e+04 3.27600000e-28 2.69700000e+00 1.05000000e-29 1.05000000e-29
1.08000000e+04 2.92900000e-28 2.81900000e+00 8.72000000e-30 8.72000000e-30
1.08100000e+04 2.63300000e-28 2.91400000e+00 7.51000000e-30 7.51000000e-30
1.08200000e+04 2.39100000e-28 2.99100000e+00 6.76000000e-30 6.76000000e-30
1.08300000e+04 2.19200000e-28 3.04500000e+00 6.27000000e-30 6.27000000e-30
1.08400000e+04 2.02100000e-28 3.06700000e+00 6.00000000e-30 6.00000000e-30
1.08500000e+04 1.89000000e-28 3.06000000e+00 5.99000000e-30 5.99000000e-30
1.08600000e+04 1.77200000e-28 3.08200000e+00 6.26000000e-30 6.26000000e-30
1.08700000e+04 1.66700000e-28 3.08700000e+00 6.86000000e-30 6.86000000e-30
1.08800000e+04 1.60300000e-28 3.11000000e+00 7.58000000e-30 7.58000000e-30
1.08900000e+04 1.54700000e-28 3.14500000e+00 8.49000000e-30 8.49000000e-30
1.09000000e+04 1.53700000e-28 3.18300000e+00 9.53000000e-30 9.53000000e-30
1.09100000e+04 1.49200000e-28 3.24900000e+00 1.05000000e-29 1.05000000e-29
1.09200000e+04 1.51500000e-28 3.29600000e+00 1.14000000e-29 1.14000000e-29
1.09300000e+04 1.47900000e-28 3.34600000e+00 1.20000000e-29 1.20000000e-29
1.09400000e+04 1.45000000e-28 3.39900000e+00 1.25000000e-29 1.25000000e-29
1.09500000e+04 1.51300000e-28 3.40900000e+00 1.28000000e-29 1.28000000e-29
1.09600000e+04 1.49500000e-28 3.44900000e+00 1.30000000e-29 1.30000000e-29
1.09700000e+04 1.52900000e-28 3.47200000e+00 1.31000000e-29 1.31000000e-29
1.09800000e+04 1.56500000e-28 3.49700000e+00 1.32000000e-29 1.32000000e-29
1.09900000e+04 1.56400000e-28 3.55000000e+00 1.33000000e-29 1.33000000e-29
1.10000000e+04 1.55300000e-28 3.59300000e+00 1.33000000e-29 1.33000000e-29
1.10100000e+04 1.56900000e-28 3.63800000e+00 1.31000000e-29 1.31000000e-29
1.10200000e+04 1.58400000e-28 3.67400000e+00 1.27000000e-29 1.27000000e-29
1.10300000e+04 1.57000000e-28 3.73100000e+00 1.23000000e-29 1.23000000e-29
1.10400000e+04 1.53800000e-28 3.79500000e+00 1.19000000e-29 1.19000000e-29
1.10500000e+04 1.53100000e-28 3.86300000e+00 1.20000000e-29 1.20000000e-29
1.10600000e+04 1.34600000e-28 3.87400000e+00 1.25000000e-29 1.25000000e-29
1.10700000e+04 1.19900000e-28 3.84500000e+00 1.33000000e-29 1.33000000e-29
1.10800000e+04 1.04400000e-28 3.80800000e+00 1.42000000e-29 1.42000000e-29
1.10900000e+04 8.89200000e-29 3.73900000e+00 1.48000000e-29 1.48000000e-29
1.11000000e+04 7.07600000e-29 3.66100000e+00 1.49000000e-29 1.49000000e-29
1.11100000e+04 5.88400000e-29 3.55600000e+00 1.41000000e-29 1.41000000e-29
1.11200000e+04 5.03900000e-29 3.41100000e+00 1.26000000e-29 1.26000000e-29
1.11300000e+04 4.12900000e-29 3.27300000e+00 1.08000000e-29 1.08000000e-29
1.11400000e+04 3.66300000e-29 3.13900000e+00 8.80000000e-30 8.80000000e-30
1.11500000e+04 2.99300000e-29 3.00900000e+00 6.78000000e-30 6.78000000e-30
1.11600000e+04 2.62200000e-29 2.86500000e+00 4.91100000e-30 4.91100000e-30
1.11700000e+04 2.23200000e-29 2.73600000e+00 3.49600000e-30 3.49600000e-30
1.11800000e+04 1.88400000e-29 2.67500000e+00 2.47300000e-30 2.47300000e-30
1.11900000e+04 1.56900000e-29 2.67400000e+00 1.80200000e-30 1.80200000e-30
1.12000000e+04 1.34800000e-29 2.73000000e+00 1.36900000e-30 1.36900000e-30
1.12100000e+04 1.14400000e-29 2.84500000e+00 1.07700000e-30 1.07700000e-30
1.12200000e+04 1.00900000e-29 2.96900000e+00 8.54600000e-31 8.54600000e-31
1.12300000e+04 8.83300000e-30 3.14800000e+00 6.66700000e-31 6.66700000e-31
1.12400000e+04 7.90700000e-30 3.30000000e+00 5.31300000e-31 5.31300000e-31
1.12500000e+04 7.07900000e-30 3.42900000e+00 4.30100000e-31 4.30100000e-31
1.12600000e+04 6.51400000e-30 3.55000000e+00 3.52500000e-31 3.52500000e-31
1.12700000e+04 5.82300000e-30 3.64200000e+00 2.97400000e-31 2.97400000e-31
1.12800000e+04 5.31200000e-30 3.72100000e+00 2.52000000e-31 2.52000000e-31
1.12900000e+04 4.88300000e-30 3.79700000e+00 2.09400000e-31 2.09400000e-31
1.13000000e+04 4.45800000e-30 3.86600000e+00 1.75300000e-31 1.75300000e-31
1.13100000e+04 4.09400000e-30 3.91800000e+00 1.49000000e-31 1.49000000e-31
1.13200000e+04 3.73400000e-30 3.99200000e+00 1.23800000e-31 1.23800000e-31
1.13300000e+04 3.45800000e-30 4.05400000e+00 1.06200000e-31 1.06200000e-31
1.13400000e+04 3.20500000e-30 4.11700000e+00 9.24400000e-32 9.24400000e-32
1.13500000e+04 2.96200000e-30 4.18000000e+00 8.03300000e-32 8.03300000e-32
1.13600000e+04 2.73300000e-30 4.23700000e+00 7.03500000e-32 7.03500000e-32
1.13700000e+04 2.53200000e-30 4.31800000e+00 6.10100000e-32 6.10100000e-32
1.13800000e+04 2.35100000e-30 4.40000000e+00 5.28900000e-32 5.28900000e-32
1.13900000e+04 2.18700000e-30 4.48200000e+00 4.63100000e-32 4.63100000e-32
1.14000000e+04 2.03400000e-30 4.56700000e+00 4.06400000e-32 4.06400000e-32
1.14100000e+04 1.88900000e-30 4.64800000e+00 3.58700000e-32 3.58700000e-32
1.14200000e+04 1.76400000e-30 4.73500000e+00 3.16600000e-32 3.16600000e-32
1.14300000e+04 1.64800000e-30 4.81300000e+00 2.82800000e-32 2.82800000e-32
1.14400000e+04 1.54100000e-30 4.88600000e+00 2.54300000e-32 2.54300000e-32
1.14500000e+04 1.44300000e-30 4.95800000e+00 2.29400000e-32 2.29400000e-32
1.14600000e+04 1.35500000e-30 5.02200000e+00 2.08100000e-32 2.08100000e-32
1.14700000e+04 1.27400000e-30 5.08300000e+00 1.89400000e-32 1.89400000e-32
1.14800000e+04 1.19800000e-30 5.13700000e+00 1.72500000e-32 1.72500000e-32
1.14900000e+04 1.13300000e-30 5.18600000e+00 1.59200000e-32 1.59200000e-32
1.15000000e+04 1.07100000e-30 5.23100000e+00 1.47500000e-32 1.47500000e-32
1.15100000e+04 1.01500000e-30 5.26600000e+00 1.37400000e-32 1.37400000e-32
1.15200000e+04 9.64800000e-31 5.29500000e+00 1.29400000e-32 1.29400000e-32
1.15300000e+04 9.19500000e-31 5.31700000e+00 1.23300000e-32 1.23300000e-32
1.15400000e+04 8.79100000e-31 5.32400000e+00 1.19000000e-32 1.19000000e-32
1.15500000e+04 8.43500000e-31 5.31100000e+00 1.15700000e-32 1.15700000e-32
1.15600000e+04 8.12500000e-31 5.28700000e+00 1.14400000e-32 1.14400000e-32
1.15700000e+04 7.85900000e-31 5.24800000e+00 1.15600000e-32 1.15600000e-32
1.15800000e+04 7.62100000e-31 5.17800000e+00 1.18400000e-32 1.18400000e-32
1.15900000e+04 7.48100000e-31 5.07600000e+00 1.23600000e-32 1.23600000e-32
1.16000000e+04 7.35100000e-31 4.95400000e+00 1.35000000e-32 1.35000000e-32
1.16100000e+04 7.22800000e-31 4.79300000e+00 1.51500000e-32 1.51500000e-32
1.16200000e+04 7.29500000e-31 4.60500000e+00 1.75900000e-32 1.75900000e-32
1.16300000e+04 7.33900000e-31 4.34900000e+00 2.09800000e-32 2.09800000e-32
1.16400000e+04 7.58800000e-31 4.09900000e+00 2.58100000e-32 2.58100000e-32
1.16500000e+04 7.70100000e-31 3.93900000e+00 3.11400000e-32 3.11400000e-32
1.16600000e+04 7.88600000e-31 3.72000000e+00 3.88800000e-32 3.88800000e-32
1.16700000e+04 8.51100000e-31 3.57800000e+00 4.87500000e-32 4.87500000e-32
1.16800000e+04 9.06100000e-31 3.46200000e+00 6.05700000e-32 6.05700000e-32
1.16900000e+04 9.92600000e-31 3.43100000e+00 7.24900000e-32 7.24900000e-32
1.17000000e+04 1.08300000e-30 3.46300000e+00 8.79400000e-32 8.79400000e-32
1.17100000e+04 1.24100000e-30 3.48000000e+00 1.10100000e-31 1.10100000e-31
1.17200000e+04 1.46900000e-30 3.52800000e+00 1.38100000e-31 1.38100000e-31
1.17300000e+04 1.73600000e-30 3.56400000e+00 1.70500000e-31 1.70500000e-31
1.17400000e+04 1.96600000e-30 3.63100000e+00 2.02700000e-31 2.02700000e-31
1.17500000e+04 2.13200000e-30 3.70500000e+00 2.14300000e-31 2.14300000e-31
1.17600000e+04 2.28000000e-30 3.74700000e+00 2.09800000e-31 2.09800000e-31
1.17700000e+04 2.47300000e-30 3.78200000e+00 2.13000000e-31 2.13000000e-31
1.17800000e+04 2.71800000e-30 3.80200000e+00 2.11200000e-31 2.11200000e-31
1.17900000e+04 2.92200000e-30 3.82500000e+00 2.00300000e-31 2.00300000e-31
1.18000000e+04 3.12800000e-30 3.82100000e+00 1.87400000e-31 1.87400000e-31
1.18100000e+04 3.36100000e-30 3.78700000e+00 1.89100000e-31 1.89100000e-31
1.18200000e+04 3.64100000e-30 3.73700000e+00 2.07800000e-31 2.07800000e-31
1.18300000e+04 3.91000000e-30 3.69800000e+00 2.37300000e-31 2.37300000e-31
1.18400000e+04 4.19600000e-30 3.64200000e+00 2.76500000e-31 2.76500000e-31
1.18500000e+04 4.50100000e-30 3.56300000e+00 3.04200000e-31 3.04200000e-31
1.18600000e+04 4.93200000e-30 3.44500000e+00 3.16500000e-31 3.16500000e-31
1.18700000e+04 5.25800000e-30 3.32000000e+00 3.19100000e-31 3.19100000e-31
1.18800000e+04 5.75500000e-30 3.20000000e+00 3.14800000e-31 3.14800000e-31
1.18900000e+04 6.25300000e-30 3.07200000e+00 3.07600000e-31 3.07600000e-31
1.19000000e+04 6.66400000e-30 2.93100000e+00 3.12700000e-31 3.12700000e-31
1.19100000e+04 7.34400000e-30 2.72200000e+00 3.16400000e-31 3.16400000e-31
1.19200000e+04 7.98500000e-30 2.58200000e+00 3.25900000e-31 3.25900000e-31
1.19300000e+04 8.87700000e-30 2.40900000e+00 3.42300000e-31 3.42300000e-31
1.19400000e+04 1.00500000e-29 2.31100000e+00 3.61000000e-31 3.61000000e-31
1.19500000e+04 1.11800000e-29 2.23700000e+00 4.05100000e-31 4.05100000e-31
1.19600000e+04 1.25100000e-29 2.19400000e+00 4.69700000e-31 4.69700000e-31
1.19700000e+04 1.42800000e-29 2.20900000e+00 5.78500000e-31 5.78500000e-31
1.19800000e+04 1.61000000e-29 2.25600000e+00 7.57900000e-31 7.57900000e-31
1.19900000e+04 1.88800000e-29 2.35200000e+00 1.03600000e-30 1.03600000e-30
1.20000000e+04 2.07700000e-29 2.45000000e+00 1.44100000e-30 1.44100000e-30
1.20100000e+04 2.33100000e-29 2.58400000e+00 1.98400000e-30 1.98400000e-30
1.20200000e+04 2.75100000e-29 2.72000000e+00 2.62700000e-30 2.62700000e-30
1.20300000e+04 3.06100000e-29 2.87000000e+00 3.31600000e-30 3.31600000e-30
1.20400000e+04 3.52200000e-29 3.01800000e+00 3.95000000e-30 3.95000000e-30
1.20500000e+04 3.80500000e-29 3.18400000e+00 4.47000000e-30 4.47000000e-30
1.20600000e+04 4.18100000e-29 3.31600000e+00 4.92000000e-30 4.92000000e-30
1.20700000e+04 4.57500000e-29 3.40800000e+00 5.20000000e-30 5.20000000e-30
1.20800000e+04 5.16700000e-29 3.50600000e+00 5.39000000e-30 5.39000000e-30
1.20900000e+04 5.63400000e-29 3.57700000e+00 5.46000000e-30 5.46000000e-30
1.21000000e+04 6.00700000e-29 3.62300000e+00 5.53000000e-30 5.53000000e-30
1.21100000e+04 6.50100000e-29 3.60400000e+00 5.66000000e-30 5.66000000e-30
1.21200000e+04 6.82900000e-29 3.56500000e+00 6.02000000e-30 6.02000000e-30
1.21300000e+04 7.21100000e-29 3.55500000e+00 6.43000000e-30 6.43000000e-30
1.21400000e+04 7.26200000e-29 3.56200000e+00 6.68000000e-30 6.68000000e-30
1.21500000e+04 7.69600000e-29 3.58500000e+00 6.91000000e-30 6.91000000e-30
1.21600000e+04 7.83200000e-29 3.60300000e+00 7.12000000e-30 7.12000000e-30
1.21700000e+04 7.79900000e-29 3.68100000e+00 7.42000000e-30 7.42000000e-30
1.21800000e+04 7.65100000e-29 3.77400000e+00 7.55000000e-30 7.55000000e-30
1.21900000e+04 7.30400000e-29 3.83800000e+00 7.75000000e-30 7.75000000e-30
1.22000000e+04 7.15000000e-29 3.83000000e+00 8.09000000e-30 8.09000000e-30
1.22100000e+04 6.97700000e-29 3.77900000e+00 8.30000000e-30 8.30000000e-30
1.22200000e+04 6.60300000e-29 3.71100000e+00 8.35000000e-30 8.35000000e-30
1.22300000e+04 6.20900000e-29 3.59200000e+00 7.95000000e-30 7.95000000e-30
1.22400000e+04 5.69000000e-29 3.45500000e+00 7.22000000e-30 7.22000000e-30
1.22500000e+04 5.43200000e-29 3.32600000e+00 6.30000000e-30 6.30000000e-30
1.22600000e+04 4.76400000e-29 3.15700000e+00 5.23000000e-30 5.23000000e-30
1.22700000e+04 4.18900000e-29 3.00700000e+00 4.20000000e-30 4.20000000e-30
1.22800000e+04 3.64000000e-29 2.84700000e+00 3.19000000e-30 3.19000000e-30
1.22900000e+04 3.20300000e-29 2.70200000e+00 2.39000000e-30 2.39000000e-30
1.23000000e+04 2.84800000e-29 2.58300000e+00 1.79000000e-30 1.79000000e-30
1.23100000e+04 2.51000000e-29 2.50300000e+00 1.36000000e-30 1.36000000e-30
1.23200000e+04 2.19400000e-29 2.47900000e+00 1.05000000e-30 1.05000000e-30
1.23300000e+04 1.94600000e-29 2.51300000e+00 8.32000000e-31 8.32000000e-31
1.23400000e+04 1.75000000e-29 2.58800000e+00 6.89000000e-31 6.89000000e-31
1.23500000e+04 1.56700000e-29 2.65600000e+00 5.89000000e-31 5.89000000e-31
1.23600000e+04 1.42600000e-29 2.78000000e+00 5.14000000e-31 5.14000000e-31
1.23700000e+04 1.30200000e-29 2.89400000e+00 4.60000000e-31 4.60000000e-31
1.23800000e+04 1.19700000e-29 2.96700000e+00 4.19000000e-31 4.19000000e-31
1.23900000e+04 1.10900000e-29 3.02600000e+00 3.94000000e-31 3.94000000e-31
1.24000000e+04 1.03500000e-29 3.07600000e+00 3.90000000e-31 3.90000000e-31
1.24100000e+04 9.71900000e-30 3.12200000e+00 4.07000000e-31 4.07000000e-31
1.24200000e+04 9.20700000e-30 3.16400000e+00 4.39000000e-31 4.39000000e-31
1.24300000e+04 8.95700000e-30 3.21200000e+00 4.82000000e-31 4.82000000e-31
1.24400000e+04 8.57800000e-30 3.28200000e+00 5.29000000e-31 5.29000000e-31
1.24500000e+04 8.26200000e-30 3.33500000e+00 5.75000000e-31 5.75000000e-31
1.24600000e+04 8.11700000e-30 3.40500000e+00 6.09000000e-31 6.09000000e-31
1.24700000e+04 7.98700000e-30 3.46800000e+00 6.28000000e-31 6.28000000e-31
1.24800000e+04 7.87500000e-30 3.50800000e+00 6.31000000e-31 6.31000000e-31
1.24900000e+04 7.74100000e-30 3.54600000e+00 6.19000000e-31 6.19000000e-31
1.25000000e+04 7.76200000e-30 3.57000000e+00 6.04000000e-31 6.04000000e-31
1.25100000e+04 7.53700000e-30 3.59100000e+00 5.85000000e-31 5.85000000e-31
1.25200000e+04 7.42400000e-30 3.57500000e+00 5.71000000e-31 5.71000000e-31
1.25300000e+04 7.47400000e-30 3.57600000e+00 5.68000000e-31 5.68000000e-31
1.25400000e+04 7.29400000e-30 3.61100000e+00 5.68000000e-31 5.68000000e-31
1.25500000e+04 7.21600000e-30 3.61900000e+00 5.64000000e-31 5.64000000e-31
1.25600000e+04 7.23300000e-30 3.64900000e+00 5.58000000e-31 5.58000000e-31
1.25700000e+04 7.14000000e-30 3.67500000e+00 5.51000000e-31 5.51000000e-31
1.25800000e+04 7.08500000e-30 3.76400000e+00 5.48000000e-31 5.48000000e-31
1.25900000e+04 6.43400000e-30 3.85400000e+00 5.45000000e-31 5.45000000e-31
1.26000000e+04 5.58500000e-30 3.88000000e+00 5.57000000e-31 5.57000000e-31
1.26100000e+04 5.01500000e-30 3.87300000e+00 5.77000000e-31 5.77000000e-31
1.26200000e+04 3.95600000e-30 3.83000000e+00 5.96000000e-31 5.96000000e-31
1.26300000e+04 3.33700000e-30 3.76700000e+00 6.05000000e-31 6.05000000e-31
1.26400000e+04 2.54500000e-30 3.67300000e+00 5.89000000e-31 5.89000000e-31
1.26500000e+04 2.14100000e-30 3.55600000e+00 5.43000000e-31 5.43000000e-31
1.26600000e+04 1.76100000e-30 3.44000000e+00 4.77000000e-31 4.77000000e-31
1.26700000e+04 1.68500000e-30 3.30900000e+00 4.02000000e-31 4.02000000e-31
1.26800000e+04 1.50700000e-30 3.18800000e+00 3.25000000e-31 3.25000000e-31
1.26900000e+04 1.24100000e-30 3.07000000e+00 2.48200000e-31 2.48200000e-31
1.27000000e+04 1.08100000e-30 2.96900000e+00 1.77400000e-31 1.77400000e-31
1.27100000e+04 9.67500000e-31 2.90600000e+00 1.25600000e-31 1.25600000e-31
1.27200000e+04 7.96400000e-31 2.87100000e+00 9.23400000e-32 9.23400000e-32
1.27300000e+04 6.93000000e-31 2.90400000e+00 7.04500000e-32 7.04500000e-32
1.27400000e+04 5.79000000e-31 3.00300000e+00 5.52100000e-32 5.52100000e-32
1.27500000e+04 5.06900000e-31 3.16200000e+00 4.36900000e-32 4.36900000e-32
1.27600000e+04 4.45200000e-31 3.31700000e+00 3.52400000e-32 3.52400000e-32
1.27700000e+04 3.97000000e-31 3.46900000e+00 2.81600000e-32 2.81600000e-32
1.27800000e+04 3.55100000e-31 3.64700000e+00 2.25100000e-32 2.25100000e-32
1.27900000e+04 3.22800000e-31 3.77400000e+00 1.80400000e-32 1.80400000e-32
1.28000000e+04 2.93900000e-31 3.88400000e+00 1.46300000e-32 1.46300000e-32
1.28100000e+04 2.68200000e-31 3.98000000e+00 1.21500000e-32 1.21500000e-32
1.28200000e+04 2.47100000e-31 4.06600000e+00 1.02400000e-32 1.02400000e-32
1.28300000e+04 2.27800000e-31 4.14300000e+00 8.63900000e-33 8.63900000e-33
1.28400000e+04 2.10600000e-31 4.22500000e+00 7.36800000e-33 7.36800000e-33
1.28500000e+04 1.95000000e-31 4.32300000e+00 6.21800000e-33 6.21800000e-33
1.28600000e+04 1.81100000e-31 4.41900000e+00 5.29400000e-33 5.29400000e-33
1.28700000e+04 1.68200000e-31 4.51500000e+00 4.54900000e-33 4.54900000e-33
1.28800000e+04 1.56300000e-31 4.60300000e+00 3.94800000e-33 3.94800000e-33
1.28900000e+04 1.45800000e-31 4.70700000e+00 3.40600000e-33 3.40600000e-33
1.29000000e+04 1.36300000e-31 4.80900000e+00 3.05400000e-33 3.05400000e-33
1.29100000e+04 1.27800000e-31 4.89300000e+00 2.72600000e-33 2.72600000e-33
1.29200000e+04 1.20000000e-31 4.98400000e+00 2.44700000e-33 2.44700000e-33
1.29300000e+04 1.12900000e-31 5.07100000e+00 2.19500000e-33 2.19500000e-33
1.29400000e+04 1.06600000e-31 5.15600000e+00 1.98500000e-33 1.98500000e-33
1.29500000e+04 1.00700000e-31 5.25100000e+00 1.80600000e-33 1.80600000e-33
1.29600000e+04 9.54500000e-32 5.32900000e+00 1.65500000e-33 1.65500000e-33
1.29700000e+04 9.07500000e-32 5.40700000e+00 1.51200000e-33 1.51200000e-33
1.29800000e+04 8.65600000e-32 5.47800000e+00 1.38800000e-33 1.38800000e-33
1.29900000e+04 8.28500000e-32 5.54300000e+00 1.28100000e-33 1.28100000e-33
1.30000000e+04 7.95800000e-32 5.59400000e+00 1.20200000e-33 1.20200000e-33
1.30100000e+04 7.67400000e-32 5.64100000e+00 1.13000000e-33 1.13000000e-33
1.30200000e+04 7.43100000e-32 5.68400000e+00 1.06700000e-33 1.06700000e-33
1.30300000e+04 7.22700000e-32 5.70800000e+00 1.01400000e-33 1.01400000e-33
1.30400000e+04 7.06100000e-32 5.73000000e+00 9.73100000e-34 9.73100000e-34
1.30500000e+04 6.93400000e-32 5.74100000e+00 9.42600000e-34 9.42600000e-34
1.30600000e+04 6.84300000e-32 5.74500000e+00 9.24700000e-34 9.24700000e-34
1.30700000e+04 6.79000000e-32 5.73800000e+00 9.20500000e-34 9.20500000e-34
1.30800000e+04 6.77500000e-32 5.72700000e+00 9.33400000e-34 9.33400000e-34
1.30900000e+04 6.79800000e-32 5.70100000e+00 9.65200000e-34 9.65200000e-34
1.31000000e+04 6.85900000e-32 5.67600000e+00 1.03300000e-33 1.03300000e-33
1.31100000e+04 6.96000000e-32 5.63300000e+00 1.14800000e-33 1.14800000e-33
1.31200000e+04 7.10200000e-32 5.59100000e+00 1.30800000e-33 1.30800000e-33
1.31300000e+04 7.28700000e-32 5.54700000e+00 1.52500000e-33 1.52500000e-33
1.31400000e+04 7.51700000e-32 5.48900000e+00 1.73900000e-33 1.73900000e-33
1.31500000e+04 7.79500000e-32 5.43100000e+00 1.94900000e-33 1.94900000e-33
1.31600000e+04 8.12300000e-32 5.36800000e+00 2.37600000e-33 2.37600000e-33
1.31700000e+04 8.50400000e-32 5.29900000e+00 2.84400000e-33 2.84400000e-33
1.31800000e+04 8.94500000e-32 5.22400000e+00 3.38900000e-33 3.38900000e-33
1.31900000e+04 9.45000000e-32 5.15400000e+00 3.65500000e-33 3.65500000e-33
1.32000000e+04 1.00300000e-31 5.06900000e+00 3.54500000e-33 3.54500000e-33
1.32100000e+04 1.07000000e-31 4.99000000e+00 3.47900000e-33 3.47900000e-33
1.32200000e+04 1.14800000e-31 4.90300000e+00 3.55300000e-33 3.55300000e-33
1.32300000e+04 1.23200000e-31 4.81200000e+00 3.73700000e-33 3.73700000e-33
1.32400000e+04 1.32700000e-31 4.71700000e+00 3.81800000e-33 3.81800000e-33
1.32500000e+04 1.44100000e-31 4.61500000e+00 3.80900000e-33 3.80900000e-33
1.32600000e+04 1.53500000e-31 4.51300000e+00 3.88000000e-33 3.88000000e-33
1.32700000e+04 1.65500000e-31 4.40400000e+00 4.14200000e-33 4.14200000e-33
1.32800000e+04 1.81400000e-31 4.29000000e+00 4.43500000e-33 4.43500000e-33
1.32900000e+04 2.02000000e-31 4.16200000e+00 4.75600000e-33 4.75600000e-33
1.33000000e+04 2.30700000e-31 4.02300000e+00 5.13300000e-33 5.13300000e-33
1.33100000e+04 2.62200000e-31 3.90400000e+00 5.55100000e-33 5.55100000e-33
1.33200000e+04 2.96200000e-31 3.79600000e+00 5.84500000e-33 5.84500000e-33
1.33300000e+04 3.36900000e-31 3.68300000e+00 5.80300000e-33 5.80300000e-33
1.33400000e+04 3.81900000e-31 3.55200000e+00 5.71900000e-33 5.71900000e-33
1.33500000e+04 4.32900000e-31 3.42400000e+00 5.85300000e-33 5.85300000e-33
1.33600000e+04 4.93200000e-31 3.29500000e+00 6.28100000e-33 6.28100000e-33
1.33700000e+04 5.58900000e-31 3.18900000e+00 6.99600000e-33 6.99600000e-33
1.33800000e+04 6.36400000e-31 3.03400000e+00 8.16200000e-33 8.16200000e-33
1.33900000e+04 7.28400000e-31 2.87800000e+00 9.54000000e-33 9.54000000e-33
1.34000000e+04 8.23600000e-31 2.75100000e+00 1.09500000e-32 1.09500000e-32
1.34100000e+04 9.44700000e-31 2.57700000e+00 1.28500000e-32 1.28500000e-32
1.34200000e+04 1.07800000e-30 2.47000000e+00 1.50900000e-32 1.50900000e-32
1.34300000e+04 1.22900000e-30 2.35800000e+00 1.81800000e-32 1.81800000e-32
1.34400000e+04 1.41700000e-30 2.21500000e+00 2.26200000e-32 2.26200000e-32
1.34500000e+04 1.61400000e-30 2.15400000e+00 2.82700000e-32 2.82700000e-32
1.34600000e+04 1.84300000e-30 2.10500000e+00 3.50800000e-32 3.50800000e-32
1.34700000e+04 2.10700000e-30 2.10400000e+00 4.51200000e-32 4.51200000e-32
1.34800000e+04 2.40600000e-30 2.11700000e+00 6.30700000e-32 6.30700000e-32
1.34900000e+04 2.72800000e-30 2.12900000e+00 9.02400000e-32 9.02400000e-32
1.35000000e+04 3.19500000e-30 2.18400000e+00 1.36000000e-31 1.36000000e-31
1.35100000e+04 3.59500000e-30 2.23700000e+00 1.90100000e-31 1.90100000e-31
1.35200000e+04 4.15300000e-30 2.29800000e+00 2.57700000e-31 2.57700000e-31
1.35300000e+04 4.73600000e-30 2.37400000e+00 3.30000000e-31 3.30000000e-31
1.35400000e+04 5.41000000e-30 2.46200000e+00 4.08000000e-31 4.08000000e-31
1.35500000e+04 6.08800000e-30 2.52000000e+00 4.79000000e-31 4.79000000e-31
1.35600000e+04 6.76900000e-30 2.60600000e+00 5.44000000e-31 5.44000000e-31
1.35700000e+04 7.69100000e-30 2.60000000e+00 5.99000000e-31 5.99000000e-31
1.35800000e+04 8.54500000e-30 2.59600000e+00 6.46000000e-31 6.46000000e-31
1.35900000e+04 9.62100000e-30 2.61900000e+00 6.82000000e-31 6.82000000e-31
1.36000000e+04 1.04700000e-29 2.61800000e+00 7.13000000e-31 7.13000000e-31
1.36100000e+04 1.16100000e-29 2.57200000e+00 7.62000000e-31 7.62000000e-31
1.36200000e+04 1.29600000e-29 2.53600000e+00 8.36000000e-31 8.36000000e-31
1.36300000e+04 1.42400000e-29 2.57300000e+00 9.59000000e-31 9.59000000e-31
1.36400000e+04 1.57600000e-29 2.61800000e+00 1.15000000e-30 1.15000000e-30
1.36500000e+04 1.73900000e-29 2.63400000e+00 1.38000000e-30 1.38000000e-30
1.36600000e+04 1.89300000e-29 2.64600000e+00 1.67000000e-30 1.67000000e-30
1.36700000e+04 2.08000000e-29 2.71400000e+00 1.99000000e-30 1.99000000e-30
1.36800000e+04 2.33600000e-29 2.78700000e+00 2.35000000e-30 2.35000000e-30
1.36900000e+04 2.60400000e-29 2.87500000e+00 2.74000000e-30 2.74000000e-30
1.37000000e+04 2.76000000e-29 2.96300000e+00 3.11000000e-30 3.11000000e-30
1.37100000e+04 3.00100000e-29 3.06500000e+00 3.51000000e-30 3.51000000e-30
1.37200000e+04 3.36500000e-29 3.17900000e+00 3.89000000e-30 3.89000000e-30
1.37300000e+04 3.55000000e-29 3.25300000e+00 4.21000000e-30 4.21000000e-30
1.37400000e+04 3.89500000e-29 3.31600000e+00 4.49000000e-30 4.49000000e-30
1.37500000e+04 4.18300000e-29 3.35200000e+00 4.66000000e-30 4.66000000e-30
1.37600000e+04 4.61400000e-29 3.39300000e+00 4.86000000e-30 4.86000000e-30
1.37700000e+04 4.84600000e-29 3.40400000e+00 4.96000000e-30 4.96000000e-30
1.37800000e+04 5.06800000e-29 3.44500000e+00 5.08000000e-30 5.08000000e-30
1.37900000e+04 5.42700000e-29 3.49600000e+00 5.20000000e-30 5.20000000e-30
1.38000000e+04 5.54100000e-29 3.54700000e+00 5.29000000e-30 5.29000000e-30
1.38100000e+04 5.86400000e-29 3.59700000e+00 5.30000000e-30 5.30000000e-30
1.38200000e+04 5.99700000e-29 3.63200000e+00 5.22000000e-30 5.22000000e-30
1.38300000e+04 5.99700000e-29 3.71200000e+00 5.16000000e-30 5.16000000e-30
1.38400000e+04 6.06100000e-29 3.78700000e+00 5.18000000e-30 5.18000000e-30
1.38500000e+04 5.94400000e-29 3.84600000e+00 5.35000000e-30 5.35000000e-30
1.38600000e+04 5.85500000e-29 3.85000000e+00 5.68000000e-30 5.68000000e-30
1.38700000e+04 5.66100000e-29 3.80600000e+00 6.07000000e-30 6.07000000e-30
1.38800000e+04 5.52300000e-29 3.74700000e+00 6.42000000e-30 6.42000000e-30
1.38900000e+04 5.37400000e-29 3.66200000e+00 6.60000000e-30 6.60000000e-30
1.39000000e+04 4.94000000e-29 3.57300000e+00 6.39000000e-30 6.39000000e-30
1.39100000e+04 4.68800000e-29 3.42400000e+00 5.83300000e-30 5.83300000e-30
1.39200000e+04 4.17000000e-29 3.27400000e+00 4.97800000e-30 4.97800000e-30
1.39300000e+04 3.91300000e-29 3.14200000e+00 3.90500000e-30 3.90500000e-30
1.39400000e+04 3.42300000e-29 3.01700000e+00 2.87700000e-30 2.87700000e-30
1.39500000e+04 2.99700000e-29 2.87000000e+00 2.00400000e-30 2.00400000e-30
1.39600000e+04 2.59800000e-29 2.76500000e+00 1.45100000e-30 1.45100000e-30
1.39700000e+04 2.25300000e-29 2.73000000e+00 1.05900000e-30 1.05900000e-30
1.39800000e+04 1.94600000e-29 2.78100000e+00 7.99000000e-31 7.99000000e-31
1.39900000e+04 1.71000000e-29 2.86400000e+00 6.37700000e-31 6.37700000e-31
1.40000000e+04 1.50700000e-29 2.93700000e+00 5.10300000e-31 5.10300000e-31
1.40100000e+04 1.33600000e-29 3.00200000e+00 4.11900000e-31 4.11900000e-31
1.40200000e+04 1.19000000e-29 3.03200000e+00 3.32000000e-31 3.32000000e-31
1.40300000e+04 1.06800000e-29 3.04400000e+00 2.75300000e-31 2.75300000e-31
1.40400000e+04 9.62300000e-30 3.02700000e+00 2.34500000e-31 2.34500000e-31
1.40500000e+04 8.77200000e-30 3.00700000e+00 2.08500000e-31 2.08500000e-31
1.40600000e+04 8.00700000e-30 2.97900000e+00 1.94000000e-31 1.94000000e-31
1.40700000e+04 7.42000000e-30 2.93400000e+00 1.86500000e-31 1.86500000e-31
1.40800000e+04 6.88400000e-30 2.89700000e+00 1.82600000e-31 1.82600000e-31
1.40900000e+04 6.48300000e-30 2.88700000e+00 1.80700000e-31 1.80700000e-31
1.41000000e+04 6.16200000e-30 2.87500000e+00 1.87700000e-31 1.87700000e-31
1.41100000e+04 5.92200000e-30 2.85300000e+00 2.05700000e-31 2.05700000e-31
1.41200000e+04 5.68800000e-30 2.84800000e+00 2.30600000e-31 2.30600000e-31
1.41300000e+04 5.65400000e-30 2.85900000e+00 2.50700000e-31 2.50700000e-31
1.41400000e+04 5.63700000e-30 2.90300000e+00 2.70800000e-31 2.70800000e-31
1.41500000e+04 5.70100000e-30 2.92500000e+00 3.06700000e-31 3.06700000e-31
1.41600000e+04 5.78100000e-30 2.95300000e+00 3.47200000e-31 3.47200000e-31
1.41700000e+04 5.87400000e-30 3.00600000e+00 3.78600000e-31 3.78600000e-31
1.41800000e+04 6.26800000e-30 3.06100000e+00 4.07300000e-31 4.07300000e-31
1.41900000e+04 6.35700000e-30 3.12000000e+00 4.57600000e-31 4.57600000e-31
1.42000000e+04 6.52500000e-30 3.18400000e+00 5.40200000e-31 5.40200000e-31
1.42100000e+04 7.13700000e-30 3.27700000e+00 6.36700000e-31 6.36700000e-31
1.42200000e+04 7.44100000e-30 3.34300000e+00 7.51200000e-31 7.51200000e-31
1.42300000e+04 8.02400000e-30 3.37400000e+00 8.41300000e-31 8.41300000e-31
1.42400000e+04 8.48500000e-30 3.42200000e+00 8.79700000e-31 8.79700000e-31
1.42500000e+04 9.14300000e-30 3.48100000e+00 9.09600000e-31 9.09600000e-31
1.42600000e+04 9.53600000e-30 3.52100000e+00 9.30000000e-31 9.30000000e-31
1.42700000e+04 9.71700000e-30 3.58800000e+00 9.52000000e-31 9.52000000e-31
1.42800000e+04 1.01800000e-29 3.64100000e+00 9.64000000e-31 9.64000000e-31
1.42900000e+04 1.04200000e-29 3.69500000e+00 9.59000000e-31 9.59000000e-31
1.43000000e+04 1.05400000e-29 3.74200000e+00 9.39000000e-31 9.39000000e-31
1.43100000e+04 1.09200000e-29 3.77600000e+00 9.14000000e-31 9.14000000e-31
1.43200000e+04 1.09300000e-29 3.85000000e+00 8.95000000e-31 8.95000000e-31
1.43300000e+04 1.07200000e-29 3.89900000e+00 8.97000000e-31 8.97000000e-31
1.43400000e+04 1.04600000e-29 3.91900000e+00 9.30000000e-31 9.30000000e-31
1.43500000e+04 9.28300000e-30 3.89100000e+00 9.91000000e-31 9.91000000e-31
1.43600000e+04 8.05300000e-30 3.84000000e+00 1.06000000e-30 1.06000000e-30
1.43700000e+04 6.68000000e-30 3.76100000e+00 1.12000000e-30 1.12000000e-30
1.43800000e+04 5.63000000e-30 3.66200000e+00 1.14000000e-30 1.14000000e-30
1.43900000e+04 4.93300000e-30 3.56200000e+00 1.10000000e-30 1.10000000e-30
1.44000000e+04 3.48800000e-30 3.39500000e+00 1.00000000e-30 1.00000000e-30
1.44100000e+04 3.32400000e-30 3.26100000e+00 8.68000000e-31 8.68000000e-31
1.44200000e+04 2.82600000e-30 3.13100000e+00 7.14000000e-31 7.14000000e-31
1.44300000e+04 2.42900000e-30 3.01800000e+00 5.61000000e-31 5.61000000e-31
1.44400000e+04 2.05100000e-30 2.88700000e+00 4.13600000e-31 4.13600000e-31
1.44500000e+04 1.67900000e-30 2.80200000e+00 2.97400000e-31 2.97400000e-31
1.44600000e+04 1.41100000e-30 2.79600000e+00 2.09800000e-31 2.09800000e-31
1.44700000e+04 1.24000000e-30 2.87000000e+00 1.52900000e-31 1.52900000e-31
1.44800000e+04 1.09800000e-30 2.98600000e+00 1.17800000e-31 1.17800000e-31
1.44900000e+04 9.66800000e-31 3.10200000e+00 9.44100000e-32 9.44100000e-32
1.45000000e+04 8.52900000e-31 3.24700000e+00 7.60800000e-32 7.60800000e-32
1.45100000e+04 7.84800000e-31 3.33200000e+00 6.15800000e-32 6.15800000e-32
1.45200000e+04 7.09800000e-31 3.40000000e+00 5.09500000e-32 5.09500000e-32
1.45300000e+04 6.11700000e-31 3.45500000e+00 4.23800000e-32 4.23800000e-32
1.45400000e+04 5.24600000e-31 3.51100000e+00 3.69100000e-32 3.69100000e-32
1.45500000e+04 4.52100000e-31 3.56700000e+00 3.37400000e-32 3.37400000e-32
1.45600000e+04 4.05900000e-31 3.62400000e+00 3.12600000e-32 3.12600000e-32
1.45700000e+04 3.78300000e-31 3.67100000e+00 2.88300000e-32 2.88300000e-32
1.45800000e+04 3.50200000e-31 3.70200000e+00 2.69000000e-32 2.69000000e-32
1.45900000e+04 3.27100000e-31 3.73400000e+00 2.48200000e-32 2.48200000e-32
1.46000000e+04 2.95600000e-31 3.78200000e+00 2.24800000e-32 2.24800000e-32
1.46100000e+04 2.63600000e-31 3.82300000e+00 2.06900000e-32 2.06900000e-32
1.46200000e+04 2.46400000e-31 3.83500000e+00 1.84300000e-32 1.84300000e-32
1.46300000e+04 2.19000000e-31 3.85100000e+00 1.62300000e-32 1.62300000e-32
1.46400000e+04 1.98600000e-31 3.88300000e+00 1.45400000e-32 1.45400000e-32
1.46500000e+04 1.79100000e-31 3.91900000e+00 1.28800000e-32 1.28800000e-32
1.46600000e+04 1.63800000e-31 3.94900000e+00 1.09700000e-32 1.09700000e-32
1.46700000e+04 1.49100000e-31 3.97500000e+00 9.29100000e-33 9.29100000e-33
1.46800000e+04 1.38300000e-31 4.01400000e+00 7.75200000e-33 7.75200000e-33
1.46900000e+04 1.27100000e-31 4.06100000e+00 6.42900000e-33 6.42900000e-33
1.47000000e+04 1.16600000e-31 4.13000000e+00 5.36400000e-33 5.36400000e-33
1.47100000e+04 1.08200000e-31 4.21800000e+00 4.55800000e-33 4.55800000e-33
1.47200000e+04 1.00200000e-31 4.31700000e+00 3.99200000e-33 3.99200000e-33
1.47300000e+04 9.31700000e-32 4.42200000e+00 3.60800000e-33 3.60800000e-33
1.47400000e+04 8.69700000e-32 4.55900000e+00 3.26500000e-33 3.26500000e-33
1.47500000e+04 8.15700000e-32 4.68000000e+00 2.94800000e-33 2.94800000e-33
1.47600000e+04 7.67800000e-32 4.77600000e+00 2.65700000e-33 2.65700000e-33
1.47700000e+04 7.25200000e-32 4.86200000e+00 2.34300000e-33 2.34300000e-33
1.47800000e+04 6.87400000e-32 4.93200000e+00 2.07000000e-33 2.07000000e-33
1.47900000e+04 6.53900000e-32 4.99100000e+00 1.86000000e-33 1.86000000e-33
1.48000000e+04 6.24300000e-32 5.03300000e+00 1.69800000e-33 1.69800000e-33
1.48100000e+04 5.98500000e-32 5.07800000e+00 1.57900000e-33 1.57900000e-33
1.48200000e+04 5.76300000e-32 5.10600000e+00 1.50800000e-33 1.50800000e-33
1.48300000e+04 5.57500000e-32 5.11700000e+00 1.42600000e-33 1.42600000e-33
1.48400000e+04 5.42100000e-32 5.11900000e+00 1.35100000e-33 1.35100000e-33
1.48500000e+04 5.30000000e-32 5.09500000e+00 1.27700000e-33 1.27700000e-33
1.48600000e+04 5.21200000e-32 5.05300000e+00 1.18400000e-33 1.18400000e-33
1.48700000e+04 5.15700000e-32 4.98800000e+00 1.07400000e-33 1.07400000e-33
1.48800000e+04 5.13800000e-32 4.89600000e+00 1.00600000e-33 1.00600000e-33
1.48900000e+04 5.15600000e-32 4.78500000e+00 9.97800000e-34 9.97800000e-34
1.49000000e+04 5.21400000e-32 4.64800000e+00 1.03000000e-33 1.03000000e-33
1.49100000e+04 5.31300000e-32 4.49800000e+00 1.09100000e-33 1.09100000e-33
1.49200000e+04 5.45700000e-32 4.35200000e+00 1.16900000e-33 1.16900000e-33
1.49300000e+04 5.68600000e-32 4.16100000e+00 1.31100000e-33 1.31100000e-33
1.49400000e+04 5.95300000e-32 4.00500000e+00 1.46400000e-33 1.46400000e-33
1.49500000e+04 6.28400000e-32 3.84100000e+00 1.66100000e-33 1.66100000e-33
1.49600000e+04 6.85600000e-32 3.67300000e+00 1.93700000e-33 1.93700000e-33
1.49700000e+04 7.35100000e-32 3.54300000e+00 2.42600000e-33 2.42600000e-33
1.49800000e+04 8.00600000e-32 3.39800000e+00 3.04000000e-33 3.04000000e-33
1.49900000e+04 8.95700000e-32 3.32300000e+00 3.76800000e-33 3.76800000e-33
1.50000000e+04 1.03100000e-31 3.23000000e+00 4.67300000e-33 4.67300000e-33
1.50100000e+04 1.17000000e-31 3.17000000e+00 5.97900000e-33 5.97900000e-33
1.50200000e+04 1.34500000e-31 3.11800000e+00 7.96100000e-33 7.96100000e-33
1.50300000e+04 1.62300000e-31 3.04900000e+00 1.06100000e-32 1.06100000e-32
1.50400000e+04 1.99900000e-31 3.00000000e+00 1.35600000e-32 1.35600000e-32
1.50500000e+04 2.50700000e-31 2.93200000e+00 1.54700000e-32 1.54700000e-32
1.50600000e+04 3.00400000e-31 2.83000000e+00 1.65000000e-32 1.65000000e-32
1.50700000e+04 3.37800000e-31 2.74400000e+00 1.71800000e-32 1.71800000e-32
1.50800000e+04 3.68800000e-31 2.61700000e+00 1.78800000e-32 1.78800000e-32
1.50900000e+04 4.11800000e-31 2.49000000e+00 1.81300000e-32 1.81300000e-32
1.51000000e+04 4.56900000e-31 2.36800000e+00 1.80400000e-32 1.80400000e-32
1.51100000e+04 5.02500000e-31 2.26100000e+00 1.89000000e-32 1.89000000e-32
1.51200000e+04 5.66000000e-31 2.17200000e+00 2.14300000e-32 2.14300000e-32
1.51300000e+04 6.23100000e-31 2.13500000e+00 2.61800000e-32 2.61800000e-32
1.51400000e+04 6.88100000e-31 2.16500000e+00 3.09300000e-32 3.09300000e-32
1.51500000e+04 7.99600000e-31 2.18900000e+00 3.67800000e-32 3.67800000e-32
1.51600000e+04 8.52600000e-31 2.22900000e+00 4.51700000e-32 4.51700000e-32
1.51700000e+04 9.69400000e-31 2.31300000e+00 5.96900000e-32 5.96900000e-32
1.51800000e+04 1.10600000e-30 2.40700000e+00 7.93600000e-32 7.93600000e-32
1.51900000e+04 1.22200000e-30 2.50300000e+00 1.06200000e-31 1.06200000e-31
1.52000000e+04 1.35500000e-30 2.60100000e+00 1.37900000e-31 1.37900000e-31
1.52100000e+04 1.52500000e-30 2.72300000e+00 1.72200000e-31 1.72200000e-31
1.52200000e+04 1.77500000e-30 2.85300000e+00 2.05000000e-31 2.05000000e-31
1.52300000e+04 1.92400000e-30 2.96800000e+00 2.38000000e-31 2.38000000e-31
1.52400000e+04 2.18100000e-30 3.10900000e+00 2.66000000e-31 2.66000000e-31
1.52500000e+04 2.37900000e-30 3.25300000e+00 2.91000000e-31 2.91000000e-31
1.52600000e+04 2.66200000e-30 3.34200000e+00 3.09000000e-31 3.09000000e-31
1.52700000e+04 2.90700000e-30 3.43000000e+00 3.21000000e-31 3.21000000e-31
1.52800000e+04 3.15400000e-30 3.52100000e+00 3.29000000e-31 3.29000000e-31
1.52900000e+04 3.36600000e-30 3.57200000e+00 3.31000000e-31 3.31000000e-31
1.53000000e+04 3.57900000e-30 3.61300000e+00 3.37000000e-31 3.37000000e-31
1.53100000e+04 3.85800000e-30 3.58200000e+00 3.49000000e-31 3.49000000e-31
1.53200000e+04 4.04600000e-30 3.60300000e+00 3.69000000e-31 3.69000000e-31
1.53300000e+04 4.19600000e-30 3.62200000e+00 3.82000000e-31 3.82000000e-31
1.53400000e+04 4.16600000e-30 3.63300000e+00 3.92000000e-31 3.92000000e-31
1.53500000e+04 4.45700000e-30 3.66200000e+00 4.05000000e-31 4.05000000e-31
1.53600000e+04 4.46600000e-30 3.70200000e+00 4.17000000e-31 4.17000000e-31
1.53700000e+04 4.40400000e-30 3.80600000e+00 4.30000000e-31 4.30000000e-31
1.53800000e+04 4.33700000e-30 3.86000000e+00 4.42000000e-31 4.42000000e-31
1.53900000e+04 4.15000000e-30 3.85000000e+00 4.61000000e-31 4.61000000e-31
1.54000000e+04 4.08300000e-30 3.79600000e+00 4.78000000e-31 4.78000000e-31
1.54100000e+04 3.91000000e-30 3.72200000e+00 4.83000000e-31 4.83000000e-31
1.54200000e+04 3.72300000e-30 3.61800000e+00 4.69000000e-31 4.69000000e-31
1.54300000e+04 3.51400000e-30 3.48100000e+00 4.31000000e-31 4.31000000e-31
1.54400000e+04 3.30300000e-30 3.34700000e+00 3.81000000e-31 3.81000000e-31
1.54500000e+04 2.84700000e-30 3.20000000e+00 3.21000000e-31 3.21000000e-31
1.54600000e+04 2.54600000e-30 3.08200000e+00 2.61000000e-31 2.61000000e-31
1.54700000e+04 2.23000000e-30 2.95200000e+00 2.02500000e-31 2.02500000e-31
1.54800000e+04 1.99400000e-30 2.84600000e+00 1.52300000e-31 1.52300000e-31
1.54900000e+04 1.73300000e-30 2.79800000e+00 1.15900000e-31 1.15900000e-31
1.55000000e+04 1.48800000e-30 2.78300000e+00 8.90700000e-32 8.90700000e-32
1.55100000e+04 1.29700000e-30 2.84800000e+00 6.85000000e-32 6.85000000e-32
1.55200000e+04 1.14400000e-30 2.91200000e+00 5.34100000e-32 5.34100000e-32
1.55300000e+04 1.00400000e-30 2.97000000e+00 4.34100000e-32 4.34100000e-32
1.55400000e+04 8.74100000e-31 3.02300000e+00 3.65400000e-32 3.65400000e-32
1.55500000e+04 7.92800000e-31 3.08500000e+00 3.23700000e-32 3.23700000e-32
1.55600000e+04 7.03400000e-31 3.10700000e+00 2.74400000e-32 2.74400000e-32
1.55700000e+04 6.32300000e-31 3.10400000e+00 2.40800000e-32 2.40800000e-32
1.55800000e+04 5.75400000e-31 3.06700000e+00 2.14400000e-32 2.14400000e-32
1.55900000e+04 5.25000000e-31 3.03400000e+00 1.98800000e-32 1.98800000e-32
1.56000000e+04 4.85000000e-31 2.99600000e+00 1.81200000e-32 1.81200000e-32
1.56100000e+04 4.50200000e-31 2.94100000e+00 1.74500000e-32 1.74500000e-32
1.56200000e+04 4.28600000e-31 2.91400000e+00 1.65400000e-32 1.65400000e-32
1.56300000e+04 4.02800000e-31 2.89700000e+00 1.60900000e-32 1.60900000e-32
1.56400000e+04 3.89900000e-31 2.88700000e+00 1.58000000e-32 1.58000000e-32
1.56500000e+04 3.82400000e-31 2.90300000e+00 1.56100000e-32 1.56100000e-32
1.56600000e+04 3.76100000e-31 2.91500000e+00 1.56500000e-32 1.56500000e-32
1.56700000e+04 3.80400000e-31 2.92000000e+00 1.68400000e-32 1.68400000e-32
1.56800000e+04 3.83900000e-31 2.96900000e+00 1.85100000e-32 1.85100000e-32
1.56900000e+04 3.84500000e-31 3.02300000e+00 2.00500000e-32 2.00500000e-32
1.57000000e+04 4.24400000e-31 3.10400000e+00 2.28000000e-32 2.28000000e-32
1.57100000e+04 4.38200000e-31 3.17400000e+00 2.70800000e-32 2.70800000e-32
1.57200000e+04 4.58200000e-31 3.26800000e+00 3.31800000e-32 3.31800000e-32
1.57300000e+04 4.84700000e-31 3.39300000e+00 4.07700000e-32 4.07700000e-32
1.57400000e+04 5.20900000e-31 3.48100000e+00 4.91300000e-32 4.91300000e-32
1.57500000e+04 5.38400000e-31 3.55700000e+00 5.43400000e-32 5.43400000e-32
1.57600000e+04 5.88700000e-31 3.63300000e+00 5.68300000e-32 5.68300000e-32
1.57700000e+04 6.37100000e-31 3.66200000e+00 5.82400000e-32 5.82400000e-32
1.57800000e+04 6.73700000e-31 3.66400000e+00 6.05000000e-32 6.05000000e-32
1.57900000e+04 7.16800000e-31 3.66500000e+00 6.38000000e-32 6.38000000e-32
1.58000000e+04 7.41500000e-31 3.71200000e+00 6.71000000e-32 6.71000000e-32
1.58100000e+04 7.82700000e-31 3.72900000e+00 6.93000000e-32 6.93000000e-32
1.58200000e+04 8.03700000e-31 3.73900000e+00 7.03000000e-32 7.03000000e-32
1.58300000e+04 8.12000000e-31 3.77400000e+00 7.05000000e-32 7.05000000e-32
1.58400000e+04 8.15400000e-31 3.84400000e+00 7.05000000e-32 7.05000000e-32
1.58500000e+04 7.98100000e-31 3.97100000e+00 7.16000000e-32 7.16000000e-32
1.58600000e+04 7.78300000e-31 4.02300000e+00 7.37000000e-32 7.37000000e-32
1.58700000e+04 6.90000000e-31 4.02000000e+00 7.79000000e-32 7.79000000e-32
1.58800000e+04 6.03000000e-31 3.98300000e+00 8.30000000e-32 8.30000000e-32
1.58900000e+04 4.90000000e-31 3.91300000e+00 8.65000000e-32 8.65000000e-32
1.59000000e+04 3.87800000e-31 3.85300000e+00 8.76000000e-32 8.76000000e-32
1.59100000e+04 3.06800000e-31 3.70300000e+00 8.32000000e-32 8.32000000e-32
1.59200000e+04 2.53300000e-31 3.51100000e+00 7.51000000e-32 7.51000000e-32
1.59300000e+04 2.25500000e-31 3.35100000e+00 6.48000000e-32 6.48000000e-32
1.59400000e+04 2.05600000e-31 3.16800000e+00 5.31000000e-32 5.31000000e-32
1.59500000e+04 1.56900000e-31 3.01400000e+00 4.18000000e-32 4.18000000e-32
1.59600000e+04 1.39800000e-31 2.89700000e+00 3.07000000e-32 3.07000000e-32
1.59700000e+04 1.14900000e-31 2.84400000e+00 2.22000000e-32 2.22000000e-32
1.59800000e+04 9.24900000e-32 2.91800000e+00 1.55300000e-32 1.55300000e-32
1.59900000e+04 7.70600000e-32 3.07400000e+00 1.05800000e-32 1.05800000e-32
1.60000000e+04 6.43600000e-32 3.29500000e+00 7.19400000e-33 7.19400000e-33
1.60100000e+04 5.51400000e-32 3.46400000e+00 5.20700000e-33 5.20700000e-33
1.60200000e+04 4.78200000e-32 3.61400000e+00 4.04200000e-33 4.04200000e-33
1.60300000e+04 4.20200000e-32 3.74000000e+00 3.26400000e-33 3.26400000e-33
1.60400000e+04 3.72100000e-32 3.85800000e+00 2.62600000e-33 2.62600000e-33
1.60500000e+04 3.33600000e-32 3.97200000e+00 2.15000000e-33 2.15000000e-33
1.60600000e+04 3.01500000e-32 4.07900000e+00 1.77000000e-33 1.77000000e-33
1.60700000e+04 2.74400000e-32 4.18800000e+00 1.49400000e-33 1.49400000e-33
1.60800000e+04 2.51200000e-32 4.28600000e+00 1.28600000e-33 1.28600000e-33
1.60900000e+04 2.31200000e-32 4.38500000e+00 1.12200000e-33 1.12200000e-33
1.61000000e+04 2.13800000e-32 4.48600000e+00 9.74900000e-34 9.74900000e-34
1.61100000e+04 1.98700000e-32 4.58100000e+00 8.43100000e-34 8.43100000e-34
1.61200000e+04 1.85500000e-32 4.67800000e+00 7.33000000e-34 7.33000000e-34
1.61300000e+04 1.74100000e-32 4.76700000e+00 6.30200000e-34 6.30200000e-34
1.61400000e+04 1.64200000e-32 4.85500000e+00 5.37700000e-34 5.37700000e-34
1.61500000e+04 1.55700000e-32 4.93700000e+00 4.55600000e-34 4.55600000e-34
1.61600000e+04 1.48300000e-32 5.00800000e+00 3.91800000e-34 3.91800000e-34
1.61700000e+04 1.42200000e-32 5.07900000e+00 3.49900000e-34 3.49900000e-34
1.61800000e+04 1.37000000e-32 5.13700000e+00 3.07700000e-34 3.07700000e-34
1.61900000e+04 1.32900000e-32 5.18700000e+00 2.64600000e-34 2.64600000e-34
1.62000000e+04 1.29700000e-32 5.22500000e+00 2.29900000e-34 2.29900000e-34
1.62100000e+04 1.27400000e-32 5.25500000e+00 2.00200000e-34 2.00200000e-34
1.62200000e+04 1.25900000e-32 5.27100000e+00 1.77200000e-34 1.77200000e-34
1.62300000e+04 1.25300000e-32 5.27300000e+00 1.57900000e-34 1.57900000e-34
1.62400000e+04 1.25500000e-32 5.26400000e+00 1.42500000e-34 1.42500000e-34
1.62500000e+04 1.26600000e-32 5.24700000e+00 1.28100000e-34 1.28100000e-34
1.62600000e+04 1.28400000e-32 5.21600000e+00 1.19000000e-34 1.19000000e-34
1.62700000e+04 1.31200000e-32 5.17600000e+00 1.09800000e-34 1.09800000e-34
1.62800000e+04 1.34800000e-32 5.13100000e+00 1.03800000e-34 1.03800000e-34
1.62900000e+04 1.39300000e-32 5.07200000e+00 9.88200000e-35 9.88200000e-35
1.63000000e+04 1.44800000e-32 5.00700000e+00 9.42600000e-35 9.42600000e-35
1.63100000e+04 1.51200000e-32 4.94100000e+00 9.34200000e-35 9.34200000e-35
1.63200000e+04 1.58700000e-32 4.86500000e+00 9.75200000e-35 9.75200000e-35
1.63300000e+04 1.67200000e-32 4.78500000e+00 1.02400000e-34 1.02400000e-34
1.63400000e+04 1.77000000e-32 4.70400000e+00 1.07700000e-34 1.07700000e-34
1.63500000e+04 1.88000000e-32 4.61700000e+00 1.15500000e-34 1.15500000e-34
1.63600000e+04 1.99000000e-32 4.52900000e+00 1.32400000e-34 1.32400000e-34
1.63700000e+04 2.11000000e-32 4.43900000e+00 1.52600000e-34 1.52600000e-34
1.63800000e+04 2.27400000e-32 4.34800000e+00 1.76500000e-34 1.76500000e-34
1.63900000e+04 2.51600000e-32 4.25100000e+00 1.99500000e-34 1.99500000e-34
1.64000000e+04 2.84400000e-32 4.15300000e+00 2.34500000e-34 2.34500000e-34
1.64100000e+04 3.23100000e-32 4.04700000e+00 2.98900000e-34 2.98900000e-34
1.64200000e+04 3.66100000e-32 3.94200000e+00 3.54400000e-34 3.54400000e-34
1.64300000e+04 4.15300000e-32 3.82600000e+00 4.48000000e-34 4.48000000e-34
1.64400000e+04 4.71700000e-32 3.69700000e+00 5.71600000e-34 5.71600000e-34
1.64500000e+04 5.36000000e-32 3.56200000e+00 7.13600000e-34 7.13600000e-34
1.64600000e+04 6.09400000e-32 3.40300000e+00 9.17400000e-34 9.17400000e-34
1.64700000e+04 6.93000000e-32 3.23900000e+00 1.17700000e-33 1.17700000e-33
1.64800000e+04 7.88200000e-32 3.06900000e+00 1.49600000e-33 1.49600000e-33
1.64900000e+04 8.96600000e-32 2.91500000e+00 1.75500000e-33 1.75500000e-33
1.65000000e+04 1.02000000e-31 2.73100000e+00 2.02500000e-33 2.02500000e-33
1.65100000e+04 1.16200000e-31 2.53100000e+00 2.31700000e-33 2.31700000e-33
1.65200000e+04 1.32400000e-31 2.34100000e+00 2.62200000e-33 2.62200000e-33
1.65300000e+04 1.51000000e-31 2.18300000e+00 2.66800000e-33 2.66800000e-33
1.65400000e+04 1.72000000e-31 2.06900000e+00 2.77800000e-33 2.77800000e-33
1.65500000e+04 1.96500000e-31 1.90800000e+00 3.29200000e-33 3.29200000e-33
1.65600000e+04 2.23700000e-31 1.78100000e+00 4.02000000e-33 4.02000000e-33
1.65700000e+04 2.56000000e-31 1.71700000e+00 4.96300000e-33 4.96300000e-33
1.65800000e+04 2.92700000e-31 1.69100000e+00 5.98200000e-33 5.98200000e-33
1.65900000e+04 3.37100000e-31 1.62900000e+00 7.58700000e-33 7.58700000e-33
1.66000000e+04 3.84200000e-31 1.60100000e+00 9.41400000e-33 9.41400000e-33
1.66100000e+04 4.42900000e-31 1.63500000e+00 1.09100000e-32 1.09100000e-32
1.66200000e+04 5.13900000e-31 1.69300000e+00 1.23700000e-32 1.23700000e-32
1.66300000e+04 5.79800000e-31 1.75600000e+00 1.63700000e-32 1.63700000e-32
1.66400000e+04 6.69700000e-31 1.82600000e+00 2.21500000e-32 2.21500000e-32
1.66500000e+04 7.62600000e-31 1.95100000e+00 3.03300000e-32 3.03300000e-32
1.66600000e+04 8.64700000e-31 2.04800000e+00 4.40600000e-32 4.40600000e-32
1.66700000e+04 1.02200000e-30 2.12600000e+00 6.21100000e-32 6.21100000e-32
1.66800000e+04 1.13600000e-30 2.23800000e+00 8.38100000e-32 8.38100000e-32
1.66900000e+04 1.30000000e-30 2.35900000e+00 1.08100000e-31 1.08100000e-31
1.67000000e+04 1.48100000e-30 2.47400000e+00 1.34000000e-31 1.34000000e-31
1.67100000e+04 1.67200000e-30 2.57800000e+00 1.59000000e-31 1.59000000e-31
1.67200000e+04 1.87100000e-30 2.69600000e+00 1.86000000e-31 1.86000000e-31
1.67300000e+04 2.12600000e-30 2.80300000e+00 2.14000000e-31 2.14000000e-31
1.67400000e+04 2.35700000e-30 2.87500000e+00 2.40000000e-31 2.40000000e-31
1.67500000e+04 2.58300000e-30 2.96800000e+00 2.69000000e-31 2.69000000e-31
1.67600000e+04 2.99700000e-30 3.05600000e+00 2.98000000e-31 2.98000000e-31
1.67700000e+04 3.28900000e-30 3.12000000e+00 3.33000000e-31 3.33000000e-31
1.67800000e+04 3.70200000e-30 3.17400000e+00 3.77000000e-31 3.77000000e-31
1.67900000e+04 4.01200000e-30 3.25800000e+00 4.25000000e-31 4.25000000e-31
1.68000000e+04 4.31900000e-30 3.34200000e+00 4.75000000e-31 4.75000000e-31
1.68100000e+04 4.52700000e-30 3.39800000e+00 5.11000000e-31 5.11000000e-31
1.68200000e+04 5.00100000e-30 3.46600000e+00 5.37000000e-31 5.37000000e-31
1.68300000e+04 5.44800000e-30 3.53100000e+00 5.56000000e-31 5.56000000e-31
1.68400000e+04 5.61100000e-30 3.62300000e+00 5.61000000e-31 5.61000000e-31
1.68500000e+04 5.76000000e-30 3.71200000e+00 5.67000000e-31 5.67000000e-31
1.68600000e+04 5.96500000e-30 3.77200000e+00 5.68000000e-31 5.68000000e-31
1.68700000e+04 6.07900000e-30 3.80600000e+00 5.78000000e-31 5.78000000e-31
1.68800000e+04 6.20700000e-30 3.81100000e+00 5.86000000e-31 5.86000000e-31
1.68900000e+04 6.27600000e-30 3.79600000e+00 5.91000000e-31 5.91000000e-31
1.69000000e+04 6.22200000e-30 3.77700000e+00 5.93000000e-31 5.93000000e-31
1.69100000e+04 6.13700000e-30 3.75700000e+00 5.91000000e-31 5.91000000e-31
1.69200000e+04 6.00000000e-30 3.75200000e+00 5.92000000e-31 5.92000000e-31
1.69300000e+04 5.81400000e-30 3.70700000e+00 5.93000000e-31 5.93000000e-31
1.69400000e+04 5.39300000e-30 3.67200000e+00 5.94000000e-31 5.94000000e-31
1.69500000e+04 5.35000000e-30 3.62700000e+00 5.87000000e-31 5.87000000e-31
1.69600000e+04 4.94700000e-30 3.57200000e+00 5.65000000e-31 5.65000000e-31
1.69700000e+04 4.62900000e-30 3.50600000e+00 5.21000000e-31 5.21000000e-31
1.69800000e+04 4.11700000e-30 3.39800000e+00 4.54000000e-31 4.54000000e-31
1.69900000e+04 3.71200000e-30 3.31600000e+00 3.82000000e-31 3.82000000e-31
1.70000000e+04 3.37200000e-30 3.22700000e+00 3.07000000e-31 3.07000000e-31
1.70100000e+04 2.92300000e-30 3.12000000e+00 2.37000000e-31 2.37000000e-31
1.70200000e+04 2.55000000e-30 3.03300000e+00 1.78000000e-31 1.78000000e-31
1.70300000e+04 2.23200000e-30 3.02800000e+00 1.30900000e-31 1.30900000e-31
1.70400000e+04 1.92900000e-30 3.04000000e+00 9.54300000e-32 9.54300000e-32
1.70500000e+04 1.67900000e-30 3.09200000e+00 6.95900000e-32 6.95900000e-32
1.70600000e+04 1.46000000e-30 3.14300000e+00 5.15300000e-32 5.15300000e-32
1.70700000e+04 1.28900000e-30 3.17700000e+00 3.93400000e-32 3.93400000e-32
1.70800000e+04 1.13000000e-30 3.22700000e+00 3.11700000e-32 3.11700000e-32
1.70900000e+04 9.95300000e-31 3.24200000e+00 2.49100000e-32 2.49100000e-32
1.71000000e+04 8.76300000e-31 3.26500000e+00 1.98800000e-32 1.98800000e-32
1.71100000e+04 7.76000000e-31 3.26700000e+00 1.60800000e-32 1.60800000e-32
1.71200000e+04 6.90000000e-31 3.24300000e+00 1.33000000e-32 1.33000000e-32
1.71300000e+04 6.16000000e-31 3.21500000e+00 1.13900000e-32 1.13900000e-32
1.71400000e+04 5.52500000e-31 3.21000000e+00 9.97200000e-33 9.97200000e-33
1.71500000e+04 4.95800000e-31 3.21500000e+00 8.98300000e-33 8.98300000e-33
1.71600000e+04 4.48900000e-31 3.22600000e+00 8.40900000e-33 8.40900000e-33
1.71700000e+04 4.07200000e-31 3.23600000e+00 7.84500000e-33 7.84500000e-33
1.71800000e+04 3.72800000e-31 3.25800000e+00 7.37100000e-33 7.37100000e-33
1.71900000e+04 3.43800000e-31 3.28900000e+00 7.16400000e-33 7.16400000e-33
1.72000000e+04 3.20500000e-31 3.27900000e+00 7.41100000e-33 7.41100000e-33
1.72100000e+04 3.00600000e-31 3.26800000e+00 7.75700000e-33 7.75700000e-33
1.72200000e+04 2.84800000e-31 3.24200000e+00 8.26800000e-33 8.26800000e-33
1.72300000e+04 2.76600000e-31 3.14700000e+00 9.31100000e-33 9.31100000e-33
1.72400000e+04 2.68800000e-31 3.11000000e+00 1.03600000e-32 1.03600000e-32
1.72500000e+04 2.66400000e-31 3.04400000e+00 1.08700000e-32 1.08700000e-32
1.72600000e+04 2.67000000e-31 2.98500000e+00 1.14100000e-32 1.14100000e-32
1.72700000e+04 2.69600000e-31 2.90300000e+00 1.22500000e-32 1.22500000e-32
1.72800000e+04 2.78600000e-31 2.83200000e+00 1.29000000e-32 1.29000000e-32
1.72900000e+04 2.86100000e-31 2.80800000e+00 1.40000000e-32 1.40000000e-32
1.73000000e+04 3.00900000e-31 2.78200000e+00 1.56500000e-32 1.56500000e-32
1.73100000e+04 3.17800000e-31 2.79700000e+00 1.75500000e-32 1.75500000e-32
1.73200000e+04 3.38900000e-31 2.83200000e+00 1.93200000e-32 1.93200000e-32
1.73300000e+04 3.58700000e-31 2.90300000e+00 2.10400000e-32 2.10400000e-32
1.73400000e+04 3.81900000e-31 2.97900000e+00 2.35600000e-32 2.35600000e-32
1.73500000e+04 4.05400000e-31 3.06100000e+00 2.77000000e-32 2.77000000e-32
1.73600000e+04 4.41700000e-31 3.16300000e+00 3.32600000e-32 3.32600000e-32
1.73700000e+04 4.70300000e-31 3.24700000e+00 4.02900000e-32 4.02900000e-32
1.73800000e+04 5.13700000e-31 3.33100000e+00 4.82700000e-32 4.82700000e-32
1.73900000e+04 5.46000000e-31 3.38300000e+00 5.68300000e-32 5.68300000e-32
1.74000000e+04 6.05500000e-31 3.41900000e+00 6.32800000e-32 6.32800000e-32
1.74100000e+04 6.33300000e-31 3.46000000e+00 6.57600000e-32 6.57600000e-32
1.74200000e+04 6.77300000e-31 3.49600000e+00 6.80100000e-32 6.80100000e-32
1.74300000e+04 7.21900000e-31 3.51800000e+00 6.99000000e-32 6.99000000e-32
1.74400000e+04 7.71700000e-31 3.55700000e+00 7.17000000e-32 7.17000000e-32
1.74500000e+04 8.13100000e-31 3.62300000e+00 7.47000000e-32 7.47000000e-32
1.74600000e+04 8.49100000e-31 3.67900000e+00 7.66000000e-32 7.66000000e-32
1.74700000e+04 8.57400000e-31 3.72500000e+00 7.77000000e-32 7.77000000e-32
1.74800000e+04 9.01000000e-31 3.76200000e+00 7.77000000e-32 7.77000000e-32
1.74900000e+04 9.01700000e-31 3.82100000e+00 7.72000000e-32 7.72000000e-32
1.75000000e+04 8.99900000e-31 3.86400000e+00 7.77000000e-32 7.77000000e-32
1.75100000e+04 8.95900000e-31 3.89900000e+00 7.97000000e-32 7.97000000e-32
1.75200000e+04 8.83800000e-31 3.89200000e+00 8.40000000e-32 8.40000000e-32
1.75300000e+04 8.57900000e-31 3.82900000e+00 8.90000000e-32 8.90000000e-32
1.75400000e+04 8.16200000e-31 3.75200000e+00 9.42000000e-32 9.42000000e-32
1.75500000e+04 8.09800000e-31 3.66100000e+00 9.71000000e-32 9.71000000e-32
1.75600000e+04 7.47200000e-31 3.56500000e+00 9.55000000e-32 9.55000000e-32
1.75700000e+04 7.10800000e-31 3.44000000e+00 8.85000000e-32 8.85000000e-32
1.75800000e+04 6.55900000e-31 3.33100000e+00 7.68000000e-32 7.68000000e-32
1.75900000e+04 5.99400000e-31 3.23100000e+00 6.39000000e-32 6.39000000e-32
1.76000000e+04 5.17200000e-31 3.13000000e+00 5.02000000e-32 5.02000000e-32
1.76100000e+04 4.42400000e-31 3.01800000e+00 3.74000000e-32 3.74000000e-32
1.76200000e+04 3.95100000e-31 2.99000000e+00 2.65100000e-32 2.65100000e-32
1.76300000e+04 3.34000000e-31 3.04400000e+00 1.80900000e-32 1.80900000e-32
1.76400000e+04 2.90200000e-31 3.09800000e+00 1.27800000e-32 1.27800000e-32
1.76500000e+04 2.54100000e-31 3.19400000e+00 9.46600000e-33 9.46600000e-33
1.76600000e+04 2.21500000e-31 3.29400000e+00 7.45800000e-33 7.45800000e-33
1.76700000e+04 1.94500000e-31 3.38200000e+00 6.19000000e-33 6.19000000e-33
1.76800000e+04 1.71600000e-31 3.44000000e+00 5.32800000e-33 5.32800000e-33
1.76900000e+04 1.50300000e-31 3.48500000e+00 4.71000000e-33 4.71000000e-33
1.77000000e+04 1.33900000e-31 3.52200000e+00 4.13600000e-33 4.13600000e-33
1.77100000e+04 1.18500000e-31 3.55000000e+00 3.65800000e-33 3.65800000e-33
1.77200000e+04 1.05000000e-31 3.56800000e+00 3.28500000e-33 3.28500000e-33
1.77300000e+04 9.33600000e-32 3.62300000e+00 2.90800000e-33 2.90800000e-33
1.77400000e+04 8.30700000e-32 3.66800000e+00 2.54500000e-33 2.54500000e-33
1.77500000e+04 7.31200000e-32 3.71500000e+00 2.37000000e-33 2.37000000e-33
1.77600000e+04 6.55000000e-32 3.77400000e+00 2.39000000e-33 2.39000000e-33
1.77700000e+04 5.83600000e-32 3.84100000e+00 2.41000000e-33 2.41000000e-33
1.77800000e+04 5.17800000e-32 3.90300000e+00 2.37300000e-33 2.37300000e-33
1.77900000e+04 4.60000000e-32 3.95200000e+00 2.39400000e-33 2.39400000e-33
1.78000000e+04 4.08600000e-32 3.98100000e+00 2.32600000e-33 2.32600000e-33
1.78100000e+04 3.63900000e-32 4.00900000e+00 2.20100000e-33 2.20100000e-33
1.78200000e+04 3.24700000e-32 4.04400000e+00 2.10500000e-33 2.10500000e-33
1.78300000e+04 2.90400000e-32 4.06200000e+00 1.90000000e-33 1.90000000e-33
1.78400000e+04 2.60400000e-32 4.09900000e+00 1.69300000e-33 1.69300000e-33
1.78500000e+04 2.34100000e-32 4.14200000e+00 1.56400000e-33 1.56400000e-33
1.78600000e+04 2.11200000e-32 4.20700000e+00 1.43000000e-33 1.43000000e-33
1.78700000e+04 1.91400000e-32 4.28600000e+00 1.21000000e-33 1.21000000e-33
1.78800000e+04 1.74400000e-32 4.37800000e+00 9.98200000e-34 9.98200000e-34
1.78900000e+04 1.59800000e-32 4.48300000e+00 8.34600000e-34 8.34600000e-34
1.79000000e+04 1.47600000e-32 4.57800000e+00 7.33200000e-34 7.33200000e-34
1.79100000e+04 1.37400000e-32 4.67900000e+00 6.68000000e-34 6.68000000e-34
1.79200000e+04 1.29300000e-32 4.77100000e+00 6.36600000e-34 6.36600000e-34
1.79300000e+04 1.23000000e-32 4.85700000e+00 6.03400000e-34 6.03400000e-34
1.79400000e+04 1.18500000e-32 4.93400000e+00 5.32100000e-34 5.32100000e-34
1.79500000e+04 1.15800000e-32 5.00700000e+00 4.60900000e-34 4.60900000e-34
1.79600000e+04 1.14700000e-32 5.08600000e+00 4.13700000e-34 4.13700000e-34
1.79700000e+04 1.15400000e-32 5.15400000e+00 4.14100000e-34 4.14100000e-34
1.79800000e+04 1.17700000e-32 5.22400000e+00 4.58500000e-34 4.58500000e-34
1.79900000e+04 1.21900000e-32 5.29500000e+00 5.25600000e-34 5.25600000e-34
1.80000000e+04 1.28000000e-32 5.35800000e+00 5.68600000e-34 5.68600000e-34
1.80100000e+04 1.36000000e-32 5.42700000e+00 5.71300000e-34 5.71300000e-34
1.80200000e+04 1.46300000e-32 5.48900000e+00 5.57300000e-34 5.57300000e-34
1.80300000e+04 1.59100000e-32 5.55000000e+00 5.17700000e-34 5.17700000e-34
1.80400000e+04 1.75000000e-32 5.61200000e+00 5.06400000e-34 5.06400000e-34
1.80500000e+04 1.94000000e-32 5.67100000e+00 5.07000000e-34 5.07000000e-34
1.80600000e+04 2.15600000e-32 5.72900000e+00 5.28100000e-34 5.28100000e-34
1.80700000e+04 2.43000000e-32 5.78200000e+00 6.11800000e-34 6.11800000e-34
1.80800000e+04 2.74800000e-32 5.83600000e+00 6.78200000e-34 6.78200000e-34
1.80900000e+04 3.05200000e-32 5.88500000e+00 8.39900000e-34 8.39900000e-34
1.81000000e+04 3.53300000e-32 5.93300000e+00 1.02700000e-33 1.02700000e-33
1.81100000e+04 3.96700000e-32 5.97800000e+00 1.31700000e-33 1.31700000e-33
1.81200000e+04 4.47100000e-32 6.02300000e+00 1.67200000e-33 1.67200000e-33
1.81300000e+04 5.04100000e-32 6.06500000e+00 2.04500000e-33 2.04500000e-33
1.81400000e+04 5.86000000e-32 6.10200000e+00 2.57100000e-33 2.57100000e-33
1.81500000e+04 6.66400000e-32 6.13600000e+00 3.37000000e-33 3.37000000e-33
1.81600000e+04 7.52200000e-32 6.16900000e+00 4.43800000e-33 4.43800000e-33
1.81700000e+04 8.34200000e-32 6.19700000e+00 5.92700000e-33 5.92700000e-33
1.81800000e+04 9.41200000e-32 6.22800000e+00 7.40900000e-33 7.40900000e-33
1.81900000e+04 1.07200000e-31 6.25300000e+00 8.78300000e-33 8.78300000e-33
1.82000000e+04 1.21300000e-31 6.27500000e+00 9.69800000e-33 9.69800000e-33
1.82100000e+04 1.34300000e-31 6.29200000e+00 1.05800000e-32 1.05800000e-32
1.82200000e+04 1.49600000e-31 6.30900000e+00 1.18800000e-32 1.18800000e-32
1.82300000e+04 1.66400000e-31 6.32300000e+00 1.35000000e-32 1.35000000e-32
1.82400000e+04 1.82200000e-31 6.33400000e+00 1.56000000e-32 1.56000000e-32
1.82500000e+04 2.02900000e-31 6.34100000e+00 1.85000000e-32 1.85000000e-32
1.82600000e+04 2.23300000e-31 6.34900000e+00 2.21000000e-32 2.21000000e-32
1.82700000e+04 2.45700000e-31 6.35600000e+00 2.66000000e-32 2.66000000e-32
1.82800000e+04 2.70900000e-31 6.35900000e+00 3.14000000e-32 3.14000000e-32
1.82900000e+04 2.92800000e-31 6.35900000e+00 3.60000000e-32 3.60000000e-32
1.83000000e+04 3.11500000e-31 6.35900000e+00 3.99000000e-32 3.99000000e-32
1.83100000e+04 3.35600000e-31 6.35900000e+00 4.22000000e-32 4.22000000e-32
1.83200000e+04 3.59200000e-31 6.35600000e+00 4.36000000e-32 4.36000000e-32
1.83300000e+04 3.81800000e-31 6.35200000e+00 4.35000000e-32 4.35000000e-32
1.83400000e+04 3.93600000e-31 6.34900000e+00 4.25000000e-32 4.25000000e-32
1.83500000e+04 4.06100000e-31 6.34200000e+00 4.10000000e-32 4.10000000e-32
1.83600000e+04 4.14900000e-31 6.33500000e+00 3.99000000e-32 3.99000000e-32
1.83700000e+04 4.29900000e-31 6.33100000e+00 3.95000000e-32 3.95000000e-32
1.83800000e+04 4.22300000e-31 6.32400000e+00 3.87000000e-32 3.87000000e-32
1.83900000e+04 4.25100000e-31 6.31700000e+00 3.83000000e-32 3.83000000e-32
1.84000000e+04 4.28700000e-31 6.30900000e+00 3.82000000e-32 3.82000000e-32
1.84100000e+04 4.17700000e-31 6.30600000e+00 3.89000000e-32 3.89000000e-32
1.84200000e+04 4.09400000e-31 6.29900000e+00 3.98000000e-32 3.98000000e-32
1.84300000e+04 3.94200000e-31 6.29500000e+00 4.06000000e-32 4.06000000e-32
1.84400000e+04 3.77200000e-31 6.28800000e+00 4.19000000e-32 4.19000000e-32
1.84500000e+04 3.61400000e-31 6.28400000e+00 4.22000000e-32 4.22000000e-32
1.84600000e+04 3.39400000e-31 6.28100000e+00 4.17000000e-32 4.17000000e-32
1.84700000e+04 3.22200000e-31 6.28100000e+00 3.90000000e-32 3.90000000e-32
1.84800000e+04 2.79100000e-31 6.27800000e+00 3.50000000e-32 3.50000000e-32
1.84900000e+04 2.66500000e-31 6.27700000e+00 3.03000000e-32 3.03000000e-32
1.85000000e+04 2.30900000e-31 6.27800000e+00 2.49000000e-32 2.49000000e-32
1.85100000e+04 2.03200000e-31 6.27700000e+00 1.97500000e-32 1.97500000e-32
1.85200000e+04 1.74000000e-31 6.28200000e+00 1.46700000e-32 1.46700000e-32
1.85300000e+04 1.53500000e-31 6.28300000e+00 1.10000000e-32 1.10000000e-32
1.85400000e+04 1.32300000e-31 6.28900000e+00 8.39100000e-33 8.39100000e-33
1.85500000e+04 1.15100000e-31 6.29700000e+00 6.68500000e-33 6.68500000e-33
1.85600000e+04 9.80300000e-32 6.30000000e+00 5.37700000e-33 5.37700000e-33
1.85700000e+04 8.65000000e-32 6.30500000e+00 4.33500000e-33 4.33500000e-33
1.85800000e+04 7.54000000e-32 6.31700000e+00 3.43600000e-33 3.43600000e-33
1.85900000e+04 6.61900000e-32 6.32500000e+00 2.79600000e-33 2.79600000e-33
1.86000000e+04 5.83200000e-32 6.33700000e+00 2.34500000e-33 2.34500000e-33
1.86100000e+04 5.11300000e-32 6.34500000e+00 2.01000000e-33 2.01000000e-33
1.86200000e+04 4.50300000e-32 6.36000000e+00 1.70200000e-33 1.70200000e-33
1.86300000e+04 3.97500000e-32 6.37000000e+00 1.49100000e-33 1.49100000e-33
1.86400000e+04 3.52000000e-32 6.38400000e+00 1.34500000e-33 1.34500000e-33
1.86500000e+04 3.11200000e-32 6.39800000e+00 1.27000000e-33 1.27000000e-33
1.86600000e+04 2.79700000e-32 6.41600000e+00 1.26800000e-33 1.26800000e-33
1.86700000e+04 2.50000000e-32 6.43000000e+00 1.31500000e-33 1.31500000e-33
1.86800000e+04 2.24000000e-32 6.44800000e+00 1.41300000e-33 1.41300000e-33
1.86900000e+04 2.01300000e-32 6.46500000e+00 1.49300000e-33 1.49300000e-33
1.87000000e+04 1.81900000e-32 6.48300000e+00 1.50000000e-33 1.50000000e-33
1.87100000e+04 1.65300000e-32 6.50200000e+00 1.48900000e-33 1.48900000e-33
1.87200000e+04 1.51300000e-32 6.52000000e+00 1.44000000e-33 1.44000000e-33
1.87300000e+04 1.39500000e-32 6.54100000e+00 1.39500000e-33 1.39500000e-33
1.87400000e+04 1.29900000e-32 6.56200000e+00 1.34400000e-33 1.34400000e-33
1.87500000e+04 1.22500000e-32 6.58300000e+00 1.36300000e-33 1.36300000e-33
1.87600000e+04 1.16800000e-32 6.60500000e+00 1.48700000e-33 1.48700000e-33
1.87700000e+04 1.12400000e-32 6.62800000e+00 1.68200000e-33 1.68200000e-33
1.87800000e+04 1.14800000e-32 6.64900000e+00 1.85200000e-33 1.85200000e-33
1.87900000e+04 1.10700000e-32 6.67200000e+00 1.90900000e-33 1.90900000e-33
1.88000000e+04 1.12800000e-32 6.69700000e+00 1.96200000e-33 1.96200000e-33
1.88100000e+04 1.16900000e-32 6.72000000e+00 2.10900000e-33 2.10900000e-33
1.88200000e+04 1.23300000e-32 6.74300000e+00 2.21800000e-33 2.21800000e-33
1.88300000e+04 1.30700000e-32 6.76800000e+00 2.24900000e-33 2.24900000e-33
1.88400000e+04 1.35900000e-32 6.79100000e+00 2.27800000e-33 2.27800000e-33
1.88500000e+04 1.54300000e-32 6.81800000e+00 2.30700000e-33 2.30700000e-33
1.88600000e+04 1.68600000e-32 6.84100000e+00 2.36200000e-33 2.36200000e-33
1.88700000e+04 1.79400000e-32 6.86700000e+00 2.50200000e-33 2.50200000e-33
1.88800000e+04 2.02800000e-32 6.89100000e+00 2.67200000e-33 2.67200000e-33
1.88900000e+04 2.21000000e-32 6.91600000e+00 2.84700000e-33 2.84700000e-33
1.89000000e+04 2.44100000e-32 6.94300000e+00 2.88400000e-33 2.88400000e-33
1.89100000e+04 2.65300000e-32 6.97000000e+00 2.80600000e-33 2.80600000e-33
1.89200000e+04 2.82800000e-32 6.99600000e+00 2.85000000e-33 2.85000000e-33
1.89300000e+04 3.09300000e-32 7.02200000e+00 2.94000000e-33 2.94000000e-33
1.89400000e+04 3.28000000e-32 7.05200000e+00 3.10000000e-33 3.10000000e-33
1.89500000e+04 3.55100000e-32 7.07700000e+00 3.29000000e-33 3.29000000e-33
1.89600000e+04 3.67700000e-32 7.10300000e+00 3.50000000e-33 3.50000000e-33
1.89700000e+04 3.80300000e-32 7.13200000e+00 3.62000000e-33 3.62000000e-33
1.89800000e+04 3.84400000e-32 7.15800000e+00 3.66000000e-33 3.66000000e-33
1.89900000e+04 4.06800000e-32 7.18500000e+00 3.70000000e-33 3.70000000e-33
1.90000000e+04 4.09300000e-32 7.21500000e+00 3.72000000e-33 3.72000000e-33
1.90100000e+04 4.00200000e-32 7.24100000e+00 3.83000000e-33 3.83000000e-33
1.90200000e+04 3.90400000e-32 7.26900000e+00 4.01000000e-33 4.01000000e-33
1.90300000e+04 3.62400000e-32 7.29800000e+00 4.26000000e-33 4.26000000e-33
1.90400000e+04 3.63300000e-32 7.32600000e+00 4.51000000e-33 4.51000000e-33
1.90500000e+04 3.62200000e-32 7.35400000e+00 4.64000000e-33 4.64000000e-33
1.90600000e+04 3.44300000e-32 7.38200000e+00 4.49000000e-33 4.49000000e-33
1.90700000e+04 3.18400000e-32 7.41000000e+00 4.05000000e-33 4.05000000e-33
1.90800000e+04 2.93400000e-32 7.43800000e+00 3.45000000e-33 3.45000000e-33
1.90900000e+04 2.47600000e-32 7.46900000e+00 2.80800000e-33 2.80800000e-33
1.91000000e+04 2.21200000e-32 7.49700000e+00 2.15900000e-33 2.15900000e-33
1.91100000e+04 1.86700000e-32 7.52800000e+00 1.54600000e-33 1.54600000e-33
1.91200000e+04 1.59400000e-32 7.55500000e+00 1.14600000e-33 1.14600000e-33
1.91300000e+04 1.37000000e-32 7.58500000e+00 8.89700000e-34 8.89700000e-34
1.91400000e+04 1.19200000e-32 7.61300000e+00 7.41300000e-34 7.41300000e-34
1.91500000e+04 1.04500000e-32 7.64300000e+00 6.55400000e-34 6.55400000e-34
1.91600000e+04 9.21100000e-33 7.66900000e+00 5.56300000e-34 5.56300000e-34
1.91700000e+04 8.17000000e-33 7.69800000e+00 4.73600000e-34 4.73600000e-34
1.91800000e+04 7.29000000e-33 7.72900000e+00 4.21400000e-34 4.21400000e-34
1.91900000e+04 6.55000000e-33 7.75900000e+00 3.72500000e-34 3.72500000e-34
1.92000000e+04 5.92900000e-33 7.78700000e+00 3.25700000e-34 3.25700000e-34
1.92100000e+04 5.41500000e-33 7.81900000e+00 2.87700000e-34 2.87700000e-34
1.92200000e+04 4.99500000e-33 7.84900000e+00 2.59900000e-34 2.59900000e-34
1.92300000e+04 4.66100000e-33 7.87800000e+00 2.33500000e-34 2.33500000e-34
1.92400000e+04 4.40600000e-33 7.90900000e+00 2.23800000e-34 2.23800000e-34
1.92500000e+04 4.22500000e-33 7.93600000e+00 2.39000000e-34 2.39000000e-34
1.92600000e+04 4.11600000e-33 7.96800000e+00 2.67800000e-34 2.67800000e-34
1.92700000e+04 4.07500000e-33 7.99800000e+00 2.80100000e-34 2.80100000e-34
1.92800000e+04 4.10200000e-33 8.03000000e+00 2.82900000e-34 2.82900000e-34
1.92900000e+04 4.19800000e-33 8.05500000e+00 2.83700000e-34 2.83700000e-34
1.93000000e+04 4.36500000e-33 8.08800000e+00 2.75400000e-34 2.75400000e-34
1.93100000e+04 4.60600000e-33 8.11500000e+00 2.64400000e-34 2.64400000e-34
1.93200000e+04 4.92500000e-33 8.14600000e+00 2.56000000e-34 2.56000000e-34
1.93300000e+04 5.32600000e-33 8.18000000e+00 2.51900000e-34 2.51900000e-34
1.93400000e+04 5.81800000e-33 8.20500000e+00 2.56800000e-34 2.56800000e-34
1.93500000e+04 6.40700000e-33 8.23500000e+00 2.64900000e-34 2.64900000e-34
1.93600000e+04 7.10400000e-33 8.26900000e+00 2.73900000e-34 2.73900000e-34
1.93700000e+04 7.92000000e-33 8.29700000e+00 2.81700000e-34 2.81700000e-34
1.93800000e+04 8.86800000e-33 8.32800000e+00 2.95600000e-34 2.95600000e-34
1.93900000e+04 9.96400000e-33 8.36000000e+00 3.05000000e-34 3.05000000e-34
1.94000000e+04 1.12300000e-32 8.39300000e+00 3.17400000e-34 3.17400000e-34
1.94100000e+04 1.26800000e-32 8.42100000e+00 3.54500000e-34 3.54500000e-34
1.94200000e+04 1.43400000e-32 8.45200000e+00 3.91000000e-34 3.91000000e-34
1.94300000e+04 1.62600000e-32 8.48400000e+00 4.15600000e-34 4.15600000e-34
1.94400000e+04 1.84800000e-32 8.51300000e+00 4.46600000e-34 4.46600000e-34
1.94500000e+04 2.10700000e-32 8.54700000e+00 4.98700000e-34 4.98700000e-34
1.94600000e+04 2.42200000e-32 8.57600000e+00 5.80100000e-34 5.80100000e-34
1.94700000e+04 2.77200000e-32 8.60700000e+00 7.31400000e-34 7.31400000e-34
1.94800000e+04 3.14500000e-32 8.64000000e+00 8.86700000e-34 8.86700000e-34
1.94900000e+04 3.70400000e-32 8.67100000e+00 1.05700000e-33 1.05700000e-33
1.95000000e+04 4.27000000e-32 8.69900000e+00 1.26200000e-33 1.26200000e-33
1.95100000e+04 4.72100000e-32 8.73300000e+00 1.50600000e-33 1.50600000e-33
1.95200000e+04 5.36100000e-32 8.76200000e+00 1.75300000e-33 1.75300000e-33
1.95300000e+04 6.08300000e-32 8.79400000e+00 2.08200000e-33 2.08200000e-33
1.95400000e+04 7.09500000e-32 8.82700000e+00 2.60200000e-33 2.60200000e-33
1.95500000e+04 7.96800000e-32 8.85500000e+00 3.26900000e-33 3.26900000e-33
1.95600000e+04 9.22800000e-32 8.89100000e+00 3.73400000e-33 3.73400000e-33
1.95700000e+04 1.04800000e-31 8.92200000e+00 5.49100000e-33 5.49100000e-33
1.95800000e+04 1.18700000e-31 8.95400000e+00 7.26100000e-33 7.26100000e-33
1.95900000e+04 1.33600000e-31 8.98400000e+00 9.46200000e-33 9.46200000e-33
1.96000000e+04 1.57700000e-31 9.01500000e+00 1.25600000e-32 1.25600000e-32
1.96100000e+04 1.77200000e-31 9.04900000e+00 1.59400000e-32 1.59400000e-32
1.96200000e+04 2.01700000e-31 9.08000000e+00 1.95000000e-32 1.95000000e-32
1.96300000e+04 2.25000000e-31 9.11400000e+00 2.38000000e-32 2.38000000e-32
1.96400000e+04 2.63000000e-31 9.14300000e+00 2.88000000e-32 2.88000000e-32
1.96500000e+04 2.91100000e-31 9.17500000e+00 3.42000000e-32 3.42000000e-32
1.96600000e+04 3.35600000e-31 9.20900000e+00 4.03000000e-32 4.03000000e-32
1.96700000e+04 3.82000000e-31 9.24100000e+00 4.65000000e-32 4.65000000e-32
1.96800000e+04 4.17300000e-31 9.27100000e+00 5.24000000e-32 5.24000000e-32
1.96900000e+04 4.81100000e-31 9.30600000e+00 5.70000000e-32 5.70000000e-32
1.97000000e+04 5.25400000e-31 9.33800000e+00 6.09000000e-32 6.09000000e-32
1.97100000e+04 5.83900000e-31 9.36900000e+00 6.39000000e-32 6.39000000e-32
1.97200000e+04 6.18700000e-31 9.40300000e+00 6.48000000e-32 6.48000000e-32
1.97300000e+04 6.80500000e-31 9.43500000e+00 6.58000000e-32 6.58000000e-32
1.97400000e+04 7.11800000e-31 9.46600000e+00 6.66000000e-32 6.66000000e-32
1.97500000e+04 7.36900000e-31 9.50000000e+00 6.70000000e-32 6.70000000e-32
1.97600000e+04 7.66400000e-31 9.53200000e+00 6.66000000e-32 6.66000000e-32
1.97700000e+04 7.79400000e-31 9.56200000e+00 6.65000000e-32 6.65000000e-32
1.97800000e+04 7.94700000e-31 9.59400000e+00 6.80000000e-32 6.80000000e-32
1.97900000e+04 8.03600000e-31 9.63000000e+00 7.09000000e-32 7.09000000e-32
1.98000000e+04 7.95400000e-31 9.66100000e+00 7.54000000e-32 7.54000000e-32
1.98100000e+04 7.84900000e-31 9.69500000e+00 8.06000000e-32 8.06000000e-32
1.98200000e+04 7.51800000e-31 9.72600000e+00 8.62000000e-32 8.62000000e-32
1.98300000e+04 7.46200000e-31 9.76100000e+00 8.89000000e-32 8.89000000e-32
1.98400000e+04 6.92600000e-31 9.79200000e+00 8.68000000e-32 8.68000000e-32
1.98500000e+04 6.53100000e-31 9.82500000e+00 8.04000000e-32 8.04000000e-32
1.98600000e+04 6.19700000e-31 9.85900000e+00 7.00000000e-32 7.00000000e-32
1.98700000e+04 5.42100000e-31 9.89100000e+00 5.83000000e-32 5.83000000e-32
1.98800000e+04 4.77700000e-31 9.92400000e+00 4.58000000e-32 4.58000000e-32
1.98900000e+04 4.11100000e-31 9.95400000e+00 3.49000000e-32 3.49000000e-32
1.99000000e+04 3.67900000e-31 9.98700000e+00 2.71000000e-32 2.71000000e-32
1.99100000e+04 3.16600000e-31 1.00200000e+01 2.10000000e-32 2.10000000e-32
1.99200000e+04 2.78600000e-31 1.00600000e+01 1.65000000e-32 1.65000000e-32
1.99300000e+04 2.43600000e-31 1.00900000e+01 1.31000000e-32 1.31000000e-32
1.99400000e+04 2.14400000e-31 1.01200000e+01 1.06000000e-32 1.06000000e-32
1.99500000e+04 1.85900000e-31 1.01600000e+01 8.35000000e-33 8.35000000e-33
1.99600000e+04 1.62800000e-31 1.01900000e+01 6.45000000e-33 6.45000000e-33
1.99700000e+04 1.41400000e-31 1.02200000e+01 5.02000000e-33 5.02000000e-33
1.99800000e+04 1.23700000e-31 1.02600000e+01 3.94000000e-33 3.94000000e-33
1.99900000e+04 1.09300000e-31 1.02900000e+01 3.09000000e-33 3.09000000e-33
2.00000000e+04 9.55800000e-32 1.03200000e+01 2.46000000e-33 2.46000000e-33
